date_time,date,imported_supply,local_supply,total_supply,non_metered_demand,small_metered_demand,large_metered_demand,power_plant_demand,total_demand,supply_demand_diff,temperature_c,season,holiday_status
2018-04-01,2018-04-01,39.291462,107.420343,146.711805,50.396686,8.175452,17.881889,70.257778,146.711805,0.0,4.2,Spring,No
2018-04-02,2018-04-02,60.055502,105.556008,165.61151,54.82949,8.847883,16.84886,85.085277,165.61151,0.0,5.5,Spring,Yes
2018-04-03,2018-04-03,60.435102,107.306423,167.741525,44.896469,9.937754,17.283692,95.62361,167.741525,0.0,7.12,Spring,No
2018-04-04,2018-04-04,66.254217,107.309894,173.564111,55.070364,11.071997,17.966194,89.455556,173.564111,0.0,5.31,Spring,No
2018-04-05,2018-04-05,36.725712,107.334087,144.059799,54.660007,10.560184,18.097663,60.741945,144.059799,0.0,5.33,Spring,No
2018-04-06,2018-04-06,42.107207,101.870929,143.978136,49.281702,9.581288,17.685979,67.429167,143.978136,0.0,8.8,Spring,No
2018-04-07,2018-04-07,73.413681,98.882905,172.296586,39.168267,7.437588,17.034343,108.656388,172.296586,0.0,8.88,Spring,No
2018-04-08,2018-04-08,67.309134,98.701659,166.010793,35.438049,6.912114,16.72174,106.93889,166.010793,0.0,8.62,Spring,No
2018-04-09,2018-04-09,113.002601,52.402352,165.404953,40.517665,9.637033,17.691922,97.558333,165.404953,0.0,8.26,Spring,No
2018-04-10,2018-04-10,82.251835,93.08671,175.338545,48.372886,10.165151,17.629952,99.170556,175.338545,0.0,8.11,Spring,No
2018-04-11,2018-04-11,110.987107,73.708823,184.69593,47.407318,10.039227,17.665775,109.58361,184.69593,0.0,8.06,Spring,No
2018-04-12,2018-04-12,100.997928,96.471753,197.469681,47.993066,10.119421,17.287749,122.069445,197.469681,0.0,8.1,Spring,No
2018-04-13,2018-04-13,89.881076,94.457417,184.338493,45.00081,9.517805,17.511266,112.308612,184.338493,0.0,8.62,Spring,No
2018-04-14,2018-04-14,33.23475,98.569403,131.804153,36.384503,7.313709,17.299273,70.806668,131.804153,0.0,10.02,Spring,No
2018-04-15,2018-04-15,27.931839,98.536997,126.468836,37.617482,7.004737,16.702729,65.143888,126.468836,0.0,10.09,Spring,No
2018-04-16,2018-04-16,33.655491,98.487477,132.142968,43.516728,9.60171,17.782308,61.242222,132.142968,0.0,9.56,Spring,No
2018-04-17,2018-04-17,21.279547,98.426674,119.706221,33.76295,9.101095,18.186621,58.655555,119.706221,0.0,11.87,Spring,No
2018-04-18,2018-04-18,20.768067,98.435637,119.203704,29.032008,8.71292,17.647109,63.811667,119.203704,0.0,12.41,Spring,No
2018-04-19,2018-04-19,45.106016,98.428191,143.534207,23.498309,8.550343,16.847777,94.637778,143.534207,0.0,12.02,Spring,No
2018-04-20,2018-04-20,54.878687,98.451718,153.330405,22.927741,8.521163,16.965668,104.915833,153.330405,0.0,10.47,Spring,No
2018-04-21,2018-04-21,40.367718,98.306884,138.674602,19.397082,6.751112,16.970853,95.555555,138.674602,0.0,10.34,Spring,No
2018-04-22,2018-04-22,10.624463,97.554922,108.179385,22.421018,6.391629,16.692293,62.674445,108.179385,0.0,9.89,Spring,No
2018-04-23,2018-04-23,24.90175,98.155869,123.057619,29.558477,8.93548,17.515051,67.048611,123.057619,0.0,9.94,Spring,No
2018-04-24,2018-04-24,56.237446,97.762528,153.999974,34.677613,9.40469,18.77906,91.138611,153.999974,0.0,9.11,Spring,No
2018-04-25,2018-04-25,32.511027,97.777867,130.288894,34.971907,9.513102,19.187775,66.61611,130.288894,0.0,8.37,Spring,No
2018-04-26,2018-04-26,59.779348,97.272899,157.052247,35.438288,9.582783,19.207842,92.823334,157.052247,0.0,7.94,Spring,No
2018-04-27,2018-04-27,76.32448,97.361484,173.685964,38.20321,9.527573,19.511569,106.443612,173.685964,0.0,7.13,Spring,No
2018-04-28,2018-04-28,70.677465,96.654801,167.332266,30.594871,7.813409,19.817598,109.106388,167.332266,0.0,7.01,Spring,No
2018-04-29,2018-04-29,61.970455,97.578448,159.548903,30.024989,7.347753,19.296161,102.88,159.548903,0.0,7.07,Spring,No
2018-04-30,2018-04-30,61.501627,97.264781,158.766408,31.72547,9.638683,19.413922,97.988333,158.766408,0.0,7.26,Spring,No
2018-08-01,2018-08-01,22.660957,95.66176,118.322717,10.904204,6.715202,13.957756,86.745555,118.322717,0.0,15.63,Summer,No
2018-08-02,2018-08-02,59.074865,95.437701,154.512566,8.761017,6.602047,13.843113,125.306389,154.512566,0.0,17.77,Summer,No
2018-08-03,2018-08-03,60.955385,95.627902,156.583287,8.524207,6.363395,14.388739,127.306946,156.583287,0.0,17.51,Summer,No
2018-08-04,2018-08-04,60.324115,95.4633,155.787415,7.692188,5.169299,14.424817,128.501111,155.787415,0.0,16.06,Summer,No
2018-08-05,2018-08-05,50.152078,95.107858,145.259936,7.214967,4.375607,13.941028,119.728334,145.259936,0.0,16.16,Summer,No
2018-08-06,2018-08-06,57.325707,95.293188,152.618895,7.95087,5.131146,15.739379,123.7975,152.618895,0.0,15.96,Summer,Yes
2018-08-07,2018-08-07,55.530913,95.136172,150.667085,9.564253,6.835347,15.180263,119.087222,150.667085,0.0,14.26,Summer,No
2018-08-08,2018-08-08,46.574692,95.047438,141.62213,10.20176,7.133529,16.001286,108.285555,141.62213,0.0,13.71,Summer,No
2018-08-09,2018-08-09,65.012261,93.221252,158.233513,10.785437,7.087573,17.614947,122.745556,158.233513,0.0,12.8,Summer,No
2018-08-10,2018-08-10,59.037501,95.149709,154.18721,11.136684,6.875535,17.199713,118.975278,154.18721,0.0,13.44,Summer,No
2018-08-11,2018-08-11,48.737284,94.7044,143.441684,10.212125,5.316145,16.787581,111.125833,143.441684,0.0,14.84,Summer,No
2018-08-12,2018-08-12,60.456637,94.635543,155.09218,8.561741,4.751426,15.519012,126.260001,155.09218,0.0,16.18,Summer,No
2018-08-13,2018-08-13,58.082863,94.52564,152.608503,10.185263,6.98053,16.482432,118.960278,152.608503,0.0,15.76,Summer,No
2018-08-14,2018-08-14,20.730985,94.522497,115.253482,9.909922,7.35363,17.041319,80.948611,115.253482,0.0,16.58,Summer,No
2018-08-15,2018-08-15,18.835877,94.597894,113.433771,9.900012,7.194275,17.444206,78.895278,113.433771,0.0,16.19,Summer,No
2018-08-16,2018-08-16,26.973736,90.371058,117.344794,11.098353,7.545885,17.655001,81.045555,117.344794,0.0,13.79,Summer,No
2018-08-17,2018-08-17,12.613685,94.133299,106.746984,13.422885,7.362758,17.366897,68.594444,106.746984,0.0,14.19,Summer,No
2018-08-18,2018-08-18,11.573886,94.24252,105.816406,8.796818,5.546261,17.112216,74.361111,105.816406,0.0,17.01,Summer,No
2018-08-19,2018-08-19,53.33889,91.402571,144.741461,8.110192,4.959278,16.167824,115.504167,144.741461,0.0,16.88,Summer,No
2018-08-20,2018-08-20,71.776941,94.229459,166.0064,9.768517,6.97893,16.362565,132.896388,166.0064,0.0,16.44,Summer,No
2018-08-21,2018-08-21,60.202919,91.586028,151.788947,9.521924,7.224496,15.739473,119.303054,151.788947,0.0,17.06,Summer,No
2018-08-22,2018-08-22,66.555983,93.900714,160.456697,10.150504,7.174953,15.205129,127.926111,160.456697,0.0,15.21,Summer,No
2018-08-23,2018-08-23,22.035054,93.774636,115.80969,12.614328,7.356344,15.739019,80.099999,115.80969,0.0,12.81,Summer,No
2018-08-24,2018-08-24,28.044821,93.639355,121.684176,14.466708,7.458736,16.552621,83.206111,121.684176,0.0,11.67,Summer,No
2018-08-25,2018-08-25,45.493738,93.680813,139.174551,12.371607,5.941592,16.043296,104.818056,139.174551,0.0,12.24,Summer,No
2018-08-26,2018-08-26,0.121983,93.449221,93.571204,13.004761,5.400531,14.635356,60.530556,93.571204,0.0,13.86,Summer,No
2018-08-27,2018-08-27,33.608359,93.377314,126.985673,12.941835,7.591803,15.705923,90.746112,126.985673,0.0,13.81,Summer,No
2018-08-28,2018-08-28,57.465165,90.216915,147.68208,14.089868,7.735514,15.84503,110.011668,147.68208,0.0,13.07,Summer,No
2018-08-29,2018-08-29,70.504842,93.171255,163.676097,13.931828,7.653108,15.58227,126.508891,163.676097,0.0,12.72,Summer,No
2018-08-30,2018-08-30,73.59353,93.077975,166.671505,14.453145,7.51633,16.255643,128.446387,166.671505,0.0,12.77,Summer,No
2018-08-31,2018-08-31,46.240627,92.871716,139.112343,13.161176,6.987319,16.695515,102.268333,139.112343,0.0,14.78,Summer,No
2018-12-01,2018-12-01,89.734234,85.677365,175.411599,43.941744,8.131272,16.112194,107.226389,175.411599,0.0,8.38,Winter,No
2018-12-02,2018-12-02,45.137989,89.755681,134.89367,38.917429,7.314791,14.940616,73.720834,134.89367,0.0,9.99,Winter,No
2018-12-03,2018-12-03,106.913302,89.36416,196.277462,50.279911,11.302565,15.95582,118.739166,196.277462,0.0,6.81,Winter,No
2018-12-04,2018-12-04,117.549218,89.588792,207.13801,61.845296,12.011263,18.030062,115.251389,207.13801,0.0,3.88,Winter,No
2018-12-05,2018-12-05,137.972005,57.979394,195.951399,50.189306,10.339914,16.918011,118.504168,195.951399,0.0,8.9,Winter,No
2018-12-06,2018-12-06,65.652511,89.248649,154.90116,44.636684,9.900463,17.295123,83.06889,154.90116,0.0,10.98,Winter,No
2018-12-07,2018-12-07,55.756567,89.043517,144.800084,54.3061,10.677076,18.508575,61.308333,144.800084,0.0,7.92,Winter,No
2018-12-08,2018-12-08,42.396511,89.183729,131.58024,49.450542,8.552961,16.980071,56.596666,131.58024,0.0,8.74,Winter,No
2018-12-09,2018-12-09,47.344167,89.118348,136.462515,47.629063,8.226353,15.32071,65.286389,136.462515,0.0,8.13,Winter,No
2018-12-10,2018-12-10,97.038192,89.058084,186.096276,55.518761,11.077717,15.941743,103.558055,186.096276,0.0,7.54,Winter,No
2018-12-11,2018-12-11,87.075738,89.051138,176.126876,51.57792,10.926827,16.890462,96.731667,176.126876,0.0,8.97,Winter,No
2018-12-12,2018-12-12,75.169396,89.054156,164.223552,53.134098,11.037209,17.121412,82.930833,164.223552,0.0,7.26,Winter,No
2018-12-13,2018-12-13,94.804911,88.980533,183.785444,59.689776,11.227676,17.492437,95.375555,183.785444,0.0,7.0,Winter,No
2018-12-14,2018-12-14,78.227891,88.925005,167.152896,59.889906,10.834732,16.882981,79.545277,167.152896,0.0,7.24,Winter,No
2018-12-15,2018-12-15,57.358749,88.895418,146.254167,53.125652,8.683361,15.167099,69.278055,146.254167,0.0,8.39,Winter,No
2018-12-16,2018-12-16,92.756273,88.876571,181.632844,52.2885,8.490012,14.799609,106.054723,181.632844,0.0,5.8,Winter,No
2018-12-17,2018-12-17,104.850194,58.220007,163.070201,56.183321,10.706318,15.451952,80.72861,163.070201,0.0,8.67,Winter,No
2018-12-18,2018-12-18,78.38923,90.515008,168.904238,51.887062,10.762989,15.476964,90.777223,168.904238,0.0,8.64,Winter,No
2018-12-19,2018-12-19,82.863131,89.613203,172.476334,56.109981,10.980372,14.750425,90.635556,172.476334,0.0,6.58,Winter,No
2018-12-20,2018-12-20,85.511476,89.222091,174.733567,55.633121,10.786702,13.805689,94.508055,174.733567,0.0,7.31,Winter,No
2018-12-21,2018-12-21,77.480481,89.207887,166.688368,52.923149,9.503086,13.173799,91.088334,166.688368,0.0,7.96,Winter,No
2018-12-22,2018-12-22,73.805749,88.992249,162.797998,47.396038,7.752649,12.9157,94.733611,162.797998,0.0,7.89,Winter,No
2018-12-23,2018-12-23,70.817736,88.90744,159.725176,45.384693,6.77358,10.802182,96.764721,159.725176,0.0,7.87,Winter,No
2018-12-24,2018-12-24,55.16734,88.82601,143.99335,45.916331,6.434198,8.687544,82.955277,143.99335,0.0,8.07,Winter,No
2018-12-25,2018-12-25,34.326544,88.754913,123.081457,37.584025,5.682852,6.913747,72.900833,123.081457,0.0,10.26,Winter,Yes
2018-12-26,2018-12-26,47.958601,88.743344,136.701945,38.509383,6.067955,8.490164,83.634443,136.701945,0.0,10.04,Winter,Yes
2018-12-27,2018-12-27,69.463183,88.591587,158.05477,41.421701,7.357907,9.555718,99.719444,158.05477,0.0,9.47,Winter,No
2018-12-28,2018-12-28,54.780013,88.477623,143.257636,40.121393,7.369247,10.198663,85.568333,143.257636,0.0,9.98,Winter,No
2018-12-29,2018-12-29,51.090145,88.518263,139.608408,35.698632,6.735842,10.0506,87.123334,139.608408,0.0,10.57,Winter,No
2018-12-30,2018-12-30,43.47833,88.433562,131.911892,35.143934,6.271439,10.144019,80.3525,131.911892,0.0,10.16,Winter,No
2018-12-31,2018-12-31,55.633154,88.344199,143.977353,41.211881,7.077779,9.58297,86.104723,143.977353,0.0,9.6,Winter,No
2018-02-01,2018-02-01,55.461549,103.67353,159.135079,64.994871,11.355663,14.181212,68.603333,159.135079,0.0,4.84,Winter,No
2018-02-02,2018-02-02,71.439301,113.605428,185.044729,64.341162,10.686834,14.987566,95.029167,185.044729,0.0,4.84,Winter,No
2018-02-03,2018-02-03,40.572999,112.535808,153.108807,60.372088,8.756533,14.462964,69.517222,153.108807,0.0,4.76,Winter,No
2018-02-04,2018-02-04,59.667054,112.241405,171.908459,57.793679,8.227316,13.360242,92.527222,171.908459,0.0,4.19,Winter,No
2018-02-05,2018-02-05,83.683507,112.10584,195.789347,68.422714,11.781268,14.793977,100.791388,195.789347,0.0,2.62,Winter,No
2018-02-06,2018-02-06,79.67087,111.972354,191.643224,70.738646,12.3621,16.114144,92.428334,191.643224,0.0,2.14,Winter,No
2018-02-07,2018-02-07,83.081111,112.686713,195.767824,71.281237,11.820787,14.763302,97.902498,195.767824,0.0,3.57,Winter,No
2018-02-08,2018-02-08,58.674291,111.773513,170.447804,61.617657,11.322978,14.238279,83.26889,170.447804,0.0,6.58,Winter,No
2018-02-09,2018-02-09,58.230419,111.581839,169.812258,67.14297,11.208229,16.353837,75.107222,169.812258,0.0,2.98,Winter,No
2018-02-10,2018-02-10,24.788687,111.634572,136.423259,53.240444,8.378333,12.876704,61.927778,136.423259,0.0,7.54,Winter,No
2018-02-11,2018-02-11,51.022335,111.499263,162.521598,62.661375,9.169136,13.343865,77.347222,162.521598,0.0,1.94,Winter,No
2018-02-12,2018-02-12,49.562339,111.107993,160.670332,68.911502,11.685893,14.440714,65.632223,160.670332,0.0,2.98,Winter,No
2018-02-13,2018-02-13,53.231496,111.295015,164.526511,64.533654,11.856857,15.97489,72.16111,164.526511,0.0,3.39,Winter,No
2018-02-14,2018-02-14,25.670461,111.135958,136.806419,61.937758,11.117344,14.357706,49.393611,136.806419,0.0,6.47,Winter,No
2018-02-15,2018-02-15,53.618477,105.578207,159.196684,65.61566,11.94404,15.845039,65.791945,159.196684,0.0,3.53,Winter,No
2018-02-16,2018-02-16,63.501374,109.846347,173.347721,64.267387,10.877704,16.412075,81.790555,173.347721,0.0,4.89,Winter,No
2018-02-17,2018-02-17,66.703965,110.649276,177.353241,53.488798,8.178018,16.124758,99.561667,177.353241,0.0,5.42,Winter,No
2018-02-18,2018-02-18,52.151535,110.441693,162.593228,49.331856,7.188251,14.980065,91.093056,162.593228,0.0,7.96,Winter,No
2018-02-19,2018-02-19,61.63348,110.475036,172.108516,48.478912,9.905023,16.011247,97.713334,172.108516,0.0,9.11,Winter,No
2018-02-20,2018-02-20,67.713538,110.186536,177.900074,52.74838,11.17477,17.124702,96.852222,177.900074,0.0,5.6,Winter,No
2018-02-21,2018-02-21,70.298932,105.639234,175.938166,55.234641,11.093723,15.803135,93.806667,175.938166,0.0,4.02,Winter,No
2018-02-22,2018-02-22,50.335033,110.04477,160.379803,60.097988,10.981062,15.866309,73.434444,160.379803,0.0,5.58,Winter,No
2018-02-23,2018-02-23,33.50774,110.002762,143.510502,64.117012,10.884827,16.305331,52.203332,143.510502,0.0,4.72,Winter,No
2018-02-24,2018-02-24,41.908328,109.555786,151.464114,61.383191,9.122655,16.313546,64.644722,151.464114,0.0,3.92,Winter,No
2018-02-25,2018-02-25,27.094491,109.124133,136.218624,57.261155,8.889127,15.545008,54.523334,136.218624,0.0,3.69,Winter,No
2018-02-26,2018-02-26,73.100554,109.015383,182.115937,76.928446,12.633936,16.859111,75.694444,182.115937,0.0,2.04,Winter,No
2018-02-27,2018-02-27,82.517962,105.886044,188.404006,79.854059,13.174322,18.548681,76.826944,188.404006,0.0,1.03,Winter,No
2018-02-28,2018-02-28,79.807133,108.726378,188.533511,93.667475,12.345354,16.700683,65.819999,188.533511,0.0,-1.67,Winter,No
2018-01-01,2018-01-01,17.535501,111.68219,129.217691,55.409405,7.251362,9.494423,57.062501,129.217691,0.0,6.17,Winter,Yes
2018-01-02,2018-01-02,17.47909,115.101624,132.580714,57.607694,9.541429,10.575758,54.855833,132.580714,0.0,7.63,Winter,No
2018-01-03,2018-01-03,35.4187,117.094442,152.513142,60.505595,10.48154,12.308507,69.2175,152.513142,0.0,7.33,Winter,No
2018-01-04,2018-01-04,61.828553,117.833074,179.661627,59.123724,10.576218,13.310019,96.651666,179.661627,0.0,6.31,Winter,No
2018-01-05,2018-01-05,68.876964,117.614527,186.491491,62.322325,10.683822,13.327011,100.158333,186.491491,0.0,4.27,Winter,No
2018-01-06,2018-01-06,53.381247,117.518097,170.899344,60.782811,8.813694,14.20145,87.101389,170.899344,0.0,4.16,Winter,No
2018-01-07,2018-01-07,103.065014,74.37036,177.435374,61.063291,8.619286,13.290852,94.461945,177.435374,0.0,1.88,Winter,No
2018-01-08,2018-01-08,62.651594,117.457529,180.109123,70.896567,11.397318,14.228014,83.587224,180.109123,0.0,2.29,Winter,No
2018-01-09,2018-01-09,61.027607,117.517858,178.545465,64.68459,10.608438,13.037438,90.214999,178.545465,0.0,6.28,Winter,No
2018-01-10,2018-01-10,75.301464,117.475803,192.777267,62.758422,10.546765,12.424856,107.047224,192.777267,0.0,4.76,Winter,No
2018-01-11,2018-01-11,65.193202,117.298136,182.491338,65.044672,11.124596,12.365405,93.956665,182.491338,0.0,3.56,Winter,No
2018-01-12,2018-01-12,19.845549,117.025016,136.870565,63.432902,9.788838,13.232436,50.416389,136.870565,0.0,7.0,Winter,No
2018-01-13,2018-01-13,39.838511,116.963218,156.801729,54.02762,8.013627,12.412148,82.348334,156.801729,0.0,7.69,Winter,No
2018-01-14,2018-01-14,8.702029,116.704802,125.406831,53.279007,7.590677,12.040203,52.496944,125.406831,0.0,6.71,Winter,No
2018-01-15,2018-01-15,17.554298,116.702494,134.256792,58.730241,10.068632,12.487641,52.970278,134.256792,0.0,7.27,Winter,No
2018-01-16,2018-01-16,73.647087,82.800125,156.447212,73.182007,11.564085,13.438897,58.262223,156.447212,0.0,2.94,Winter,No
2018-01-17,2018-01-17,40.906371,117.938242,158.844613,70.572571,11.3264,13.070642,63.875,158.844613,0.0,4.74,Winter,No
2018-01-18,2018-01-18,56.475886,117.330589,173.806475,67.700434,11.779963,13.481356,80.844722,173.806475,0.0,4.3,Winter,No
2018-01-19,2018-01-19,73.34086,116.737361,190.078221,71.168778,11.485084,13.564637,93.859722,190.078221,0.0,3.12,Winter,No
2018-01-20,2018-01-20,59.670809,116.641108,176.311917,61.977321,8.857228,13.547645,91.929723,176.311917,0.0,4.69,Winter,No
2018-01-21,2018-01-21,24.935157,116.607587,141.542744,52.5344,7.275866,11.7047,70.027778,141.542744,0.0,8.27,Winter,No
2018-01-22,2018-01-22,29.028538,116.520601,145.549139,56.100075,10.146431,12.6768,66.625833,145.549139,0.0,8.17,Winter,No
2018-01-23,2018-01-23,15.218596,107.677934,122.89653,48.903334,9.828009,13.193242,50.971945,122.89653,0.0,10.11,Winter,No
2018-01-24,2018-01-24,31.313913,103.78415,135.098063,55.894374,10.8672,13.189545,55.146944,135.098063,0.0,7.22,Winter,No
2018-01-25,2018-01-25,46.185258,113.888029,160.073287,59.174489,11.137066,13.407842,76.35389,160.073287,0.0,5.98,Winter,No
2018-01-26,2018-01-26,57.475546,115.539636,173.015182,60.046113,10.51915,14.075752,88.374167,173.015182,0.0,5.91,Winter,No
2018-01-27,2018-01-27,6.254153,115.483095,121.737248,47.44801,7.727914,12.743547,53.817777,121.737248,0.0,9.91,Winter,No
2018-01-28,2018-01-28,6.61368,115.365171,121.978851,42.458003,6.801449,12.069676,60.649723,121.978851,0.0,10.8,Winter,No
2018-01-29,2018-01-29,61.96455,115.392489,177.357039,51.844693,10.682585,14.073928,100.755833,177.357039,0.0,7.26,Winter,No
2018-01-30,2018-01-30,54.599333,106.837506,161.436839,58.878896,10.944666,14.711332,76.901945,161.436839,0.0,5.88,Winter,No
2018-01-31,2018-01-31,36.054572,115.748421,151.802993,65.219889,11.518841,14.17843,60.885833,151.802993,0.0,4.64,Winter,No
2018-07-01,2018-07-01,13.925729,99.241034,113.166763,7.081041,4.872985,15.195515,86.017222,113.166763,0.0,16.32,Summer,No
2018-07-02,2018-07-02,37.788574,98.815107,136.603681,8.0114,6.6443,15.232147,106.715834,136.603681,0.0,16.81,Summer,No
2018-07-03,2018-07-03,51.704405,97.592254,149.296659,7.922868,6.749326,15.59641,119.028055,149.296659,0.0,17.82,Summer,No
2018-07-04,2018-07-04,52.30933,98.63757,150.9469,7.576922,6.751437,15.441318,121.177223,150.9469,0.0,17.24,Summer,No
2018-07-05,2018-07-05,67.295,98.431926,165.726926,8.294454,6.952655,15.974261,134.505556,165.726926,0.0,15.94,Summer,No
2018-07-06,2018-07-06,67.797687,98.132941,165.930628,8.643977,6.453015,15.984193,134.849443,165.930628,0.0,16.76,Summer,No
2018-07-07,2018-07-07,55.403241,98.072604,153.475845,7.14749,5.135337,16.000795,125.192223,153.475845,0.0,18.1,Summer,No
2018-07-08,2018-07-08,54.361664,98.024155,152.385819,6.667892,4.720555,15.122649,125.874723,152.385819,0.0,18.22,Summer,No
2018-07-09,2018-07-09,68.469903,94.087476,162.557379,8.248822,6.777757,15.703023,131.827777,162.557379,0.0,16.68,Summer,No
2018-07-10,2018-07-10,64.950727,98.106303,163.05703,8.376473,6.833096,15.205239,132.642222,163.05703,0.0,15.73,Summer,No
2018-07-11,2018-07-11,66.38775,98.031647,164.419397,8.707807,6.707338,14.872586,134.131666,164.419397,0.0,16.23,Summer,No
2018-07-12,2018-07-12,75.124117,97.626316,172.750433,9.338188,6.917005,15.011351,141.483889,172.750433,0.0,16.1,Summer,No
2018-07-13,2018-07-13,66.080045,97.526277,163.606322,8.766054,6.487117,15.523984,132.829167,163.606322,0.0,16.13,Summer,No
2018-07-14,2018-07-14,32.73659,97.348394,130.084984,7.429118,5.096578,14.678177,102.881111,130.084984,0.0,17.12,Summer,No
2018-07-15,2018-07-15,43.71466,97.391025,141.105685,7.201234,4.884975,14.001698,115.017778,141.105685,0.0,16.7,Summer,No
2018-07-16,2018-07-16,72.033743,97.410367,169.44411,8.900742,6.862704,14.873442,138.807222,169.44411,0.0,15.08,Summer,No
2018-07-17,2018-07-17,81.510171,97.197237,178.707408,9.185031,7.299097,16.197446,146.025834,178.707408,0.0,15.07,Summer,No
2018-07-18,2018-07-18,83.973583,97.216108,181.189691,9.048079,6.937082,15.467864,149.736666,181.189691,0.0,15.42,Summer,No
2018-07-19,2018-07-19,80.308123,95.946313,176.254436,9.111512,6.931065,15.996581,144.215278,176.254436,0.0,15.0,Summer,No
2018-07-20,2018-07-20,61.20464,96.97854,158.18318,9.078066,6.698055,15.839837,126.567222,158.18318,0.0,15.78,Summer,No
2018-07-21,2018-07-21,57.178077,95.544717,152.722794,8.416339,5.218364,15.622814,123.465277,152.722794,0.0,15.79,Summer,No
2018-07-22,2018-07-22,55.068718,96.703569,151.772287,6.893958,4.751255,14.422629,125.704445,151.772287,0.0,18.59,Summer,No
2018-07-23,2018-07-23,68.676564,96.478712,165.155276,7.949195,6.734657,15.073645,135.397779,165.155276,0.0,17.66,Summer,No
2018-07-24,2018-07-24,61.610964,96.547804,158.158768,8.315455,7.180221,14.535313,128.127779,158.158768,0.0,15.88,Summer,No
2018-07-25,2018-07-25,39.704144,96.076963,135.781107,8.52865,6.965096,15.154584,105.132777,135.781107,0.0,17.13,Summer,No
2018-07-26,2018-07-26,41.675123,89.780838,131.455961,8.377727,6.884023,14.640322,101.553889,131.455961,0.0,17.91,Summer,No
2018-07-27,2018-07-27,52.067424,96.353334,148.420758,8.545735,6.406842,15.291793,118.176388,148.420758,0.0,15.78,Summer,No
2018-07-28,2018-07-28,22.614161,96.094372,118.708533,9.645052,4.89169,14.745125,89.426666,118.708533,0.0,13.48,Summer,No
2018-07-29,2018-07-29,29.518574,96.087249,125.605823,8.897367,4.660444,13.684123,98.363889,125.605823,0.0,14.07,Summer,No
2018-07-30,2018-07-30,40.289056,89.754237,130.043293,9.886408,6.828111,13.50183,99.826944,130.043293,0.0,14.11,Summer,No
2018-07-31,2018-07-31,14.204223,95.654017,109.85824,10.722727,7.084248,15.150432,76.900833,109.85824,0.0,14.17,Summer,No
2018-06-01,2018-06-01,65.831581,106.330968,172.162549,11.021069,6.861189,16.423069,137.857222,172.162549,0.0,15.76,Summer,No
2018-06-02,2018-06-02,61.719707,105.583532,167.303239,9.718907,5.439205,17.807626,134.337501,167.303239,0.0,14.9,Summer,No
2018-06-03,2018-06-03,98.909546,65.948777,164.858323,9.02973,4.923324,17.178324,133.726945,164.858323,0.0,15.07,Summer,No
2018-06-04,2018-06-04,59.767962,105.340119,165.108081,9.416775,5.501882,15.992202,134.197222,165.108081,0.0,15.28,Summer,Yes
2018-06-05,2018-06-05,67.774748,105.677055,173.451803,11.020154,7.495205,17.217832,137.718612,173.451803,0.0,14.94,Summer,No
2018-06-06,2018-06-06,63.60946,105.481628,169.091088,10.429824,7.359429,17.362112,133.939723,169.091088,0.0,15.36,Summer,No
2018-06-07,2018-06-07,62.259882,104.354281,166.614163,9.578412,7.239463,17.82712,131.969168,166.614163,0.0,16.31,Summer,No
2018-06-08,2018-06-08,65.786314,103.525994,169.312308,9.489626,7.1623,17.734271,134.926111,169.312308,0.0,16.07,Summer,No
2018-06-09,2018-06-09,57.503916,104.963101,162.467017,8.296346,5.419912,17.493815,131.256944,162.467017,0.0,15.44,Summer,No
2018-06-10,2018-06-10,58.057891,103.374393,161.432284,8.081914,5.102331,16.809705,131.438334,161.432284,0.0,14.8,Summer,No
2018-06-11,2018-06-11,64.929829,99.393802,164.323631,9.938136,7.438318,17.557178,129.389999,164.323631,0.0,14.62,Summer,No
2018-06-12,2018-06-12,63.718366,104.811327,168.529693,14.241716,7.441175,17.174023,129.672779,168.529693,0.0,13.7,Summer,No
2018-06-13,2018-06-13,14.116013,101.889811,116.005824,12.339399,7.53525,16.351175,79.78,116.005824,0.0,13.57,Summer,No
2018-06-14,2018-06-14,10.429141,104.111635,114.540776,11.867707,7.528559,16.83451,78.31,114.540776,0.0,13.93,Summer,No
2018-06-15,2018-06-15,37.476769,99.587503,137.064272,13.098804,7.347461,19.478007,97.14,137.064272,0.0,12.17,Summer,No
2018-06-16,2018-06-16,28.44283,99.165447,127.608277,11.803708,5.812149,18.671865,91.320555,127.608277,0.0,12.81,Summer,No
2018-06-17,2018-06-17,15.699327,103.538071,119.237398,11.490178,5.40042,17.902079,84.444721,119.237398,0.0,13.48,Summer,No
2018-06-18,2018-06-18,47.416323,98.451826,145.868149,12.210528,7.199291,18.794164,107.664166,145.868149,0.0,13.49,Summer,No
2018-06-19,2018-06-19,31.096323,103.720145,134.816468,11.981496,7.494474,17.98161,97.358888,134.816468,0.0,13.91,Summer,No
2018-06-20,2018-06-20,17.777535,103.025264,120.802799,12.703597,7.675906,17.669406,82.75389,120.802799,0.0,13.2,Summer,No
2018-06-21,2018-06-21,49.683819,103.41443,153.098249,12.323925,7.81948,18.133762,114.821082,153.098249,0.0,12.11,Summer,No
2018-06-22,2018-06-22,68.178749,97.502775,165.681524,11.518959,7.206146,18.038642,128.917777,165.681524,0.0,12.23,Summer,No
2018-06-23,2018-06-23,57.184412,103.417452,160.601864,9.502383,5.496267,18.005435,127.597779,160.601864,0.0,13.8,Summer,No
2018-06-24,2018-06-24,61.472818,102.621177,164.093995,8.152331,4.961602,16.814228,134.165834,164.093995,0.0,15.52,Summer,No
2018-06-25,2018-06-25,64.12829,102.484036,166.612326,9.056049,7.053555,16.568277,133.934445,166.612326,0.0,17.26,Summer,No
2018-06-26,2018-06-26,62.97798,102.046098,165.024078,8.784648,6.993884,17.321935,131.923611,165.024078,0.0,18.81,Summer,No
2018-06-27,2018-06-27,66.767934,101.761129,168.529063,8.233504,7.031084,16.763999,136.500476,168.529063,0.0,19.94,Summer,No
2018-06-28,2018-06-28,65.579008,98.843292,164.4223,8.084135,6.974311,15.949132,133.414722,164.4223,0.0,20.21,Summer,No
2018-06-29,2018-06-29,65.108474,98.76255,163.871024,7.839964,6.431534,16.037581,133.561945,163.871024,0.0,19.32,Summer,No
2018-06-30,2018-06-30,52.890245,98.777768,151.668013,7.260683,5.342408,16.004089,123.060833,151.668013,0.0,18.13,Summer,No
2018-03-01,2018-03-01,67.071755,108.458293,175.530048,97.227563,10.191398,10.575253,57.535834,175.530048,0.0,-2.21,Spring,No
2018-03-02,2018-03-02,56.942131,108.485461,165.427592,91.36873,9.029019,9.140955,55.888888,165.427592,0.0,0.0,Spring,No
2018-03-03,2018-03-03,51.758599,108.522592,160.281191,80.816768,9.137999,11.359757,58.966667,160.281191,0.0,1.33,Spring,No
2018-03-04,2018-03-04,76.056145,108.433144,184.489289,70.159372,9.588491,14.008648,90.732778,184.489289,0.0,2.76,Spring,No
2018-03-05,2018-03-05,107.4335,108.323336,215.756836,67.865614,11.90648,16.706409,119.278333,215.756836,0.0,3.73,Spring,No
2018-03-06,2018-03-06,95.543467,104.986591,200.530058,61.687912,11.659522,17.029291,110.153333,200.530058,0.0,4.19,Spring,No
2018-03-07,2018-03-07,74.82209,107.887531,182.709621,60.218615,11.724289,17.068384,93.698333,182.709621,0.0,4.18,Spring,No
2018-03-08,2018-03-08,85.358839,109.405269,194.764108,60.438125,11.385482,16.915224,106.025277,194.764108,0.0,4.4,Spring,No
2018-03-09,2018-03-09,72.976993,105.039425,178.016418,64.805583,11.123068,17.036656,85.051111,178.016418,0.0,4.04,Spring,No
2018-03-10,2018-03-10,37.679011,107.427769,145.10678,50.580903,8.202138,16.044573,70.279166,145.10678,0.0,7.8,Spring,No
2018-03-11,2018-03-11,52.974182,108.917808,161.89199,47.864069,7.598581,15.930422,90.498918,161.89199,0.0,7.56,Spring,No
2018-03-12,2018-03-12,100.961605,81.823201,182.784806,53.358301,10.555612,16.127837,102.743056,182.784806,0.0,6.91,Spring,No
2018-03-13,2018-03-13,40.046613,108.873377,148.91999,53.7453,10.512531,16.572438,68.089721,148.91999,0.0,6.24,Spring,No
2018-03-14,2018-03-14,29.352168,105.978693,135.330861,57.941937,10.146696,15.360006,51.882222,135.330861,0.0,8.84,Spring,No
2018-03-15,2018-03-15,43.927153,108.658725,152.585878,50.133475,10.249881,15.921412,76.28111,152.585878,0.0,8.33,Spring,No
2018-03-16,2018-03-16,43.510438,108.637581,152.148019,50.665434,10.057297,16.803342,74.621946,152.148019,0.0,7.21,Spring,No
2018-03-17,2018-03-17,37.76468,108.198143,145.962823,64.493813,9.551639,18.255982,53.661389,145.962823,0.0,3.66,Spring,Yes
2018-03-18,2018-03-18,60.520291,98.450185,158.970476,74.152999,9.408803,17.913952,57.494722,158.970476,0.0,0.29,Spring,No
2018-03-19,2018-03-19,73.860608,108.284984,182.145592,68.573148,9.961342,17.588324,86.022778,182.145592,0.0,2.54,Spring,No
2018-03-20,2018-03-20,100.517574,108.425144,208.942718,60.546429,11.574294,17.795883,119.026112,208.942718,0.0,3.01,Spring,No
2018-03-21,2018-03-21,68.456276,108.41434,176.870616,59.754111,11.119463,16.766486,89.230556,176.870616,0.0,6.14,Spring,No
2018-03-22,2018-03-22,38.464728,108.371657,146.836385,56.665408,10.260601,17.235098,62.675278,146.836385,0.0,7.69,Spring,No
2018-03-23,2018-03-23,72.273183,102.666539,174.939722,52.885288,10.165239,17.399194,94.490001,174.939722,0.0,6.66,Spring,No
2018-03-24,2018-03-24,54.474306,103.393564,157.86787,42.48132,7.475527,16.566023,91.345,157.86787,0.0,6.03,Spring,No
2018-03-25,2018-03-25,51.976149,107.982461,159.95861,41.017329,8.393393,16.149555,94.398333,159.95861,0.0,5.9,Spring,No
2018-03-26,2018-03-26,48.945887,107.756555,156.702442,49.054182,10.090033,16.45156,81.106667,156.702442,0.0,7.19,Spring,No
2018-03-27,2018-03-27,44.530101,107.743787,152.273888,46.781115,10.398004,16.977824,78.116945,152.273888,0.0,7.51,Spring,No
2018-03-28,2018-03-28,63.569954,107.680067,171.250021,48.499343,10.860702,17.154976,94.735,171.250021,0.0,4.87,Spring,No
2018-03-29,2018-03-29,79.843232,107.609268,187.4525,53.788467,10.996367,17.174055,105.493611,187.4525,0.0,4.16,Spring,No
2018-03-30,2018-03-30,74.328643,107.581982,181.910625,53.741672,10.035963,17.929101,100.203889,181.910625,0.0,4.59,Spring,No
2018-03-31,2018-03-31,64.911976,107.474756,172.386732,49.574216,8.489393,18.236179,96.086944,172.386732,0.0,5.18,Spring,No
2018-05-01,2018-05-01,36.720453,97.102793,133.823246,38.820465,9.596714,20.08551,65.320557,133.823246,0.0,8.49,Spring,No
2018-05-02,2018-05-02,36.912442,97.096158,134.0086,32.848461,9.514166,19.890417,71.755556,134.0086,0.0,8.62,Spring,No
2018-05-03,2018-05-03,53.968561,97.17602,151.144581,35.305934,9.307721,19.970648,86.560278,151.144581,0.0,9.68,Spring,No
2018-05-04,2018-05-04,57.79752,96.817632,154.615152,24.001156,8.120309,19.805632,102.688055,154.615152,0.0,11.68,Spring,No
2018-05-05,2018-05-05,39.838335,92.005706,131.844041,16.955256,6.105318,19.132356,89.651111,131.844041,0.0,12.5,Spring,No
2018-05-06,2018-05-06,95.5034,37.916398,133.419798,14.248473,5.426665,18.924105,94.820555,133.419798,0.0,11.99,Spring,No
2018-05-07,2018-05-07,32.2848,94.777093,127.061893,15.738177,5.888955,18.186983,87.247778,127.061893,0.0,12.12,Spring,Yes
2018-05-08,2018-05-08,32.058656,96.847392,128.906048,18.641962,8.25588,19.319039,82.689167,128.906048,0.0,11.69,Spring,No
2018-05-09,2018-05-09,28.397417,96.4835,124.880917,27.994476,9.327391,19.215439,68.343611,124.880917,0.0,9.27,Spring,No
2018-05-10,2018-05-10,35.750885,96.541069,132.291954,25.097379,9.05959,18.130818,80.004167,132.291954,0.0,9.16,Spring,No
2018-05-11,2018-05-11,66.687094,96.586808,163.273902,31.676641,8.941803,19.159624,103.495834,163.273902,0.0,9.04,Spring,No
2018-05-12,2018-05-12,72.07688,96.478378,168.555258,23.953592,6.854476,19.964412,117.782778,168.555258,0.0,8.78,Spring,No
2018-05-13,2018-05-13,58.654769,96.399613,155.054382,20.265812,6.057821,19.459916,109.270833,155.054382,0.0,9.87,Spring,No
2018-05-14,2018-05-14,83.748489,96.388834,180.137323,23.314552,8.084572,19.453199,129.285,180.137323,0.0,11.98,Spring,No
2018-05-15,2018-05-15,42.729224,96.003651,138.732875,21.706596,8.502037,19.691186,88.833056,138.732875,0.0,11.89,Spring,No
2018-05-16,2018-05-16,44.634381,96.008569,140.64295,21.289173,8.499407,19.058538,91.795832,140.64295,0.0,9.64,Spring,No
2018-05-17,2018-05-17,62.099566,95.979448,158.079014,20.952044,8.265139,18.86572,109.996111,158.079014,0.0,10.52,Spring,No
2018-05-18,2018-05-18,50.693781,95.672268,146.366049,18.753976,7.56111,19.106519,100.944444,146.366049,0.0,11.94,Spring,No
2018-05-19,2018-05-19,19.718252,95.280567,114.998819,14.745543,5.894025,19.137028,75.222223,114.998819,0.0,12.89,Spring,No
2018-05-20,2018-05-20,34.810535,95.6582,130.468735,16.990141,5.778576,19.22974,88.470278,130.468735,0.0,12.89,Spring,No
2018-05-21,2018-05-21,51.643567,95.283926,146.927493,20.733595,8.451441,19.550789,98.191668,146.927493,0.0,11.11,Spring,No
2018-05-22,2018-05-22,83.394351,95.375632,178.769983,18.980554,8.338184,18.90208,132.549165,178.769983,0.0,10.63,Spring,No
2018-05-23,2018-05-23,79.443214,94.200591,173.643805,16.561274,7.908269,18.293985,130.880277,173.643805,0.0,12.91,Spring,No
2018-05-24,2018-05-24,79.009858,95.652045,174.661903,17.798195,7.915397,18.752202,130.196109,174.661903,0.0,12.76,Spring,No
2018-05-25,2018-05-25,40.140326,98.474849,138.615175,13.716649,7.107035,17.990101,99.80139,138.615175,0.0,14.89,Spring,No
2018-05-26,2018-05-26,20.309946,102.497003,122.806949,12.748898,5.603507,17.8876,86.566944,122.806949,0.0,14.82,Spring,No
2018-05-27,2018-05-27,41.588319,102.379564,143.967883,12.556645,5.843786,16.423285,109.144167,143.967883,0.0,15.09,Spring,No
2018-05-28,2018-05-28,72.364873,103.023797,175.38867,12.277845,7.485144,17.781515,137.844166,175.38867,0.0,15.97,Spring,No
2018-05-29,2018-05-29,61.013839,106.403047,167.416886,11.90747,7.571506,17.70652,130.23139,167.416886,0.0,16.74,Spring,No
2018-05-30,2018-05-30,63.609631,106.413704,170.023335,12.046988,7.5419,17.368058,133.066389,170.023335,0.0,15.64,Spring,No
2018-05-31,2018-05-31,67.990278,106.473502,174.46378,10.839786,7.258773,16.307722,140.057499,174.46378,0.0,15.56,Spring,No
2018-11-01,2018-11-01,113.589749,93.596299,207.186048,52.146553,11.370758,21.271238,122.397499,207.186048,0.0,5.06,Autumn,No
2018-11-02,2018-11-02,90.298547,91.459855,181.758402,53.678384,10.54062,21.198566,96.340832,181.758402,0.0,6.62,Autumn,No
2018-11-03,2018-11-03,43.722856,91.451773,135.174629,35.477205,7.373426,19.463443,72.860555,135.174629,0.0,12.78,Autumn,No
2018-11-04,2018-11-04,81.418479,87.081452,168.499931,34.852844,7.109838,17.803081,108.734168,168.499931,0.0,9.73,Autumn,No
2018-11-05,2018-11-05,96.545102,91.322716,187.867818,40.603362,9.782683,18.333996,119.147777,187.867818,0.0,9.33,Autumn,No
2018-11-06,2018-11-06,74.885762,91.527193,166.412955,39.578827,9.859664,19.295853,97.678611,166.412955,0.0,10.13,Autumn,No
2018-11-07,2018-11-07,89.71831,90.919566,180.637876,44.906572,10.722879,20.099815,104.90861,180.637876,0.0,7.36,Autumn,No
2018-11-08,2018-11-08,90.55917,90.790683,181.349853,47.071065,10.366064,19.450502,104.462222,181.349853,0.0,7.94,Autumn,No
2018-11-09,2018-11-09,69.187333,85.210943,154.398276,47.866095,9.75221,20.086639,76.693332,154.398276,0.0,9.23,Autumn,No
2018-11-10,2018-11-10,87.075528,90.989299,178.064827,43.244996,8.359434,19.464286,106.996111,178.064827,0.0,7.41,Autumn,No
2018-11-11,2018-11-11,63.361723,90.765353,154.127076,41.522139,7.789019,17.945363,86.870555,154.127076,0.0,7.53,Autumn,No
2018-11-12,2018-11-12,68.90185,90.816523,159.718373,45.851588,10.529823,18.535572,84.80139,159.718373,0.0,9.11,Autumn,No
2018-11-13,2018-11-13,69.732245,90.627655,160.3599,45.495926,10.41616,18.717536,85.730278,160.3599,0.0,9.57,Autumn,No
2018-11-14,2018-11-14,56.892416,90.654371,147.546787,39.094331,9.676318,19.446415,79.329723,147.546787,0.0,12.99,Autumn,No
2018-11-15,2018-11-15,67.56658,90.6139,158.18048,38.96623,9.965256,19.769272,89.479722,158.18048,0.0,10.96,Autumn,No
2018-11-16,2018-11-16,48.074687,90.520386,138.595073,37.854963,9.29983,17.41028,74.03,138.595073,0.0,10.91,Autumn,No
2018-11-17,2018-11-17,37.973683,90.505429,128.479112,35.045454,7.817391,16.981823,68.634444,128.479112,0.0,11.32,Autumn,No
2018-11-18,2018-11-18,42.591524,90.467014,133.058538,37.611993,7.603836,18.499931,69.342778,133.058538,0.0,8.94,Autumn,No
2018-11-19,2018-11-19,78.752151,90.395224,169.147375,49.527292,10.733899,16.428407,92.457777,169.147375,0.0,7.84,Autumn,No
2018-11-20,2018-11-20,90.109387,90.326868,180.436255,54.72573,11.494985,18.001373,96.214167,180.436255,0.0,6.18,Autumn,No
2018-11-21,2018-11-21,117.566703,90.285386,207.852089,57.719385,11.691893,18.168866,120.271945,207.852089,0.0,5.04,Autumn,No
2018-11-22,2018-11-22,105.465658,90.035281,195.500939,55.481931,11.358702,18.272806,110.3875,195.500939,0.0,6.21,Autumn,No
2018-11-23,2018-11-23,112.837821,89.964778,202.802599,55.743538,10.635199,18.344695,118.079167,202.802599,0.0,6.74,Autumn,No
2018-11-24,2018-11-24,97.767424,90.227162,187.994586,47.362843,8.477685,18.060725,114.093333,187.994586,0.0,7.72,Autumn,No
2018-11-25,2018-11-25,89.478611,89.963746,179.442357,47.620608,8.24762,16.968295,106.605834,179.442357,0.0,6.14,Autumn,No
2018-11-26,2018-11-26,94.04624,89.922945,183.969185,54.723164,10.778875,16.986868,101.480278,183.969185,0.0,6.21,Autumn,No
2018-11-27,2018-11-27,84.58048,89.92285,174.50333,53.102878,10.483366,18.120975,92.796111,174.50333,0.0,8.54,Autumn,No
2018-11-28,2018-11-28,69.655395,89.763322,159.418717,46.159523,9.796691,16.891949,86.570554,159.418717,0.0,11.18,Autumn,No
2018-11-29,2018-11-29,78.876204,89.729804,168.606008,49.126046,10.783303,17.574715,91.121944,168.606008,0.0,8.32,Autumn,No
2018-11-30,2018-11-30,132.238686,48.240278,180.478964,54.571264,10.862191,17.59162,97.453889,180.478964,0.0,6.74,Autumn,No
2018-10-01,2018-10-01,53.196401,94.054195,147.250596,31.537311,8.906484,16.967912,89.838889,147.250596,0.0,10.52,Autumn,No
2018-10-02,2018-10-02,35.503606,93.956006,129.459612,24.986686,8.960412,17.291403,78.221111,129.459612,0.0,13.5,Autumn,No
2018-10-03,2018-10-03,70.982978,93.893854,164.876832,23.839333,8.93509,17.552964,114.549445,164.876832,0.0,12.93,Autumn,No
2018-10-04,2018-10-04,68.496,93.641647,162.137647,22.400709,8.919209,17.048562,113.769167,162.137647,0.0,12.83,Autumn,No
2018-10-05,2018-10-05,76.63219,93.62392,170.25611,28.786245,9.271907,18.808791,113.389167,170.25611,0.0,9.42,Autumn,No
2018-10-06,2018-10-06,67.397139,93.549589,160.946728,28.832635,7.982281,19.983757,104.148055,160.946728,0.0,7.91,Autumn,No
2018-10-07,2018-10-07,32.51094,93.506839,126.017779,30.471036,6.687406,18.089892,70.769445,126.017779,0.0,10.58,Autumn,No
2018-10-08,2018-10-08,42.660773,93.392827,136.0536,27.880904,8.647384,18.510034,81.015278,136.0536,0.0,13.58,Autumn,No
2018-10-09,2018-10-09,43.316907,93.301269,136.618176,22.629277,8.586069,18.77783,86.625,136.618176,0.0,14.21,Autumn,No
2018-10-10,2018-10-10,32.329923,93.110664,125.440587,19.316965,8.466993,19.311629,78.345,125.440587,0.0,15.41,Autumn,No
2018-10-11,2018-10-11,50.987313,93.269025,144.256338,22.367155,8.84185,20.938166,92.109167,144.256338,0.0,12.93,Autumn,No
2018-10-12,2018-10-12,41.0362,93.146273,134.182473,25.935365,8.544649,20.879127,78.823332,134.182473,0.0,12.81,Autumn,No
2018-10-13,2018-10-13,72.160027,93.073807,165.233834,26.224034,7.547777,21.042299,110.419724,165.233834,0.0,10.98,Autumn,No
2018-10-14,2018-10-14,83.531949,93.073468,176.605417,26.568045,7.204887,19.807485,123.025,176.605417,0.0,8.5,Autumn,No
2018-10-15,2018-10-15,77.388171,92.900181,170.288352,32.100557,9.879829,18.554356,109.75361,170.288352,0.0,8.94,Autumn,No
2018-10-16,2018-10-16,68.969782,92.93951,161.909292,31.328262,9.511296,20.519177,100.550557,161.909292,0.0,11.56,Autumn,No
2018-10-17,2018-10-17,89.782866,92.861236,182.644102,32.902283,9.827183,19.809636,120.105,182.644102,0.0,9.67,Autumn,No
2018-10-18,2018-10-18,94.813665,92.538506,187.352171,36.312983,10.015311,19.744432,121.279445,187.352171,0.0,7.7,Autumn,No
2018-10-19,2018-10-19,80.862747,92.641921,173.504668,33.43573,9.038904,21.240312,109.789722,173.504668,0.0,11.08,Autumn,No
2018-10-20,2018-10-20,62.578176,92.626792,155.204968,23.833965,7.123259,21.076633,103.171111,155.204968,0.0,13.6,Autumn,No
2018-10-21,2018-10-21,44.022749,92.531966,136.554715,24.866737,7.026387,20.650203,84.011388,136.554715,0.0,11.62,Autumn,No
2018-10-22,2018-10-22,73.245568,92.437469,165.683037,35.366532,9.996071,20.993211,99.327223,165.683037,0.0,8.84,Autumn,No
2018-10-23,2018-10-23,63.58392,92.448865,156.032785,36.02095,9.919255,21.058968,89.033612,156.032785,0.0,10.48,Autumn,No
2018-10-24,2018-10-24,80.153867,92.298059,172.451926,36.998621,9.794256,21.441826,104.217223,172.451926,0.0,9.67,Autumn,No
2018-10-25,2018-10-25,77.195688,92.198511,169.394199,37.047057,10.038701,20.491496,101.816945,169.394199,0.0,9.87,Autumn,No
2018-10-26,2018-10-26,62.460339,92.122534,154.582873,43.670729,10.393062,20.740471,79.778611,154.582873,0.0,6.97,Autumn,No
2018-10-27,2018-10-27,74.644745,95.772564,170.417309,46.742071,9.092516,21.101612,93.48111,170.417309,0.0,4.64,Autumn,No
2018-10-28,2018-10-28,86.738674,92.014828,178.753502,44.827628,8.222465,19.516465,106.186944,178.753502,0.0,4.58,Autumn,No
2018-10-29,2018-10-29,84.262587,91.945017,176.207604,49.101159,9.264339,18.019051,99.823055,176.207604,0.0,5.23,Autumn,Yes
2018-10-30,2018-10-30,120.432983,91.87447,212.307453,50.37534,11.345921,20.444525,130.141667,212.307453,0.0,5.7,Autumn,No
2018-10-31,2018-10-31,116.459386,92.908395,209.367781,49.481211,11.034824,20.486189,128.365557,209.367781,0.0,6.47,Autumn,No
2018-09-01,2018-09-01,51.116475,93.414669,144.531144,10.116094,5.541769,15.912171,112.96111,144.531144,0.0,16.03,Autumn,No
2018-09-02,2018-09-02,24.1661,97.027961,121.194061,9.379858,5.272626,14.83741,91.704167,121.194061,0.0,15.71,Autumn,No
2018-09-03,2018-09-03,42.092779,97.106579,139.199358,12.503144,7.44987,15.613565,103.632779,139.199358,0.0,12.63,Autumn,No
2018-09-04,2018-09-04,56.032941,97.309778,153.342719,13.617849,7.86851,15.757749,116.098611,153.342719,0.0,12.11,Autumn,No
2018-09-05,2018-09-05,60.26865,89.596467,149.865117,13.187686,7.492231,15.754923,113.430277,149.865117,0.0,13.32,Autumn,No
2018-09-06,2018-09-06,44.746053,97.075499,141.821552,15.373785,7.464375,15.993947,102.989445,141.821552,0.0,12.69,Autumn,No
2018-09-07,2018-09-07,49.704737,96.899272,146.604009,16.705184,7.217402,16.91059,105.770833,146.604009,0.0,12.24,Autumn,No
2018-09-08,2018-09-08,30.730269,90.05913,120.789399,14.220414,5.877624,16.08525,84.606111,120.789399,0.0,14.37,Autumn,No
2018-09-09,2018-09-09,10.643913,84.912195,95.556108,12.695121,5.458104,14.593161,62.809722,95.556108,0.0,13.8,Autumn,No
2018-09-10,2018-09-10,92.813651,15.385006,108.198657,16.504444,7.57303,15.705349,68.415834,108.198657,0.0,13.51,Autumn,No
2018-09-11,2018-09-11,122.911675,4.189889,127.101564,16.533318,7.691846,16.122233,86.754167,127.101564,0.0,13.0,Autumn,No
2018-09-12,2018-09-12,132.872109,4.178333,137.050442,16.277822,7.664401,16.104886,97.003333,137.050442,0.0,12.03,Autumn,No
2018-09-13,2018-09-13,121.397891,4.188,125.585891,17.61461,7.760462,16.498042,83.712777,125.585891,0.0,12.28,Autumn,No
2018-09-14,2018-09-14,72.714148,64.053334,136.767482,17.853898,7.517097,16.662875,94.733612,136.767482,0.0,12.88,Autumn,No
2018-09-15,2018-09-15,31.992508,89.292906,121.285414,15.848864,5.942611,15.934495,83.559444,121.285414,0.0,13.31,Autumn,No
2018-09-16,2018-09-16,22.556908,89.221244,111.778152,13.224227,5.375826,14.493654,78.684445,111.778152,0.0,13.9,Autumn,No
2018-09-17,2018-09-17,19.492567,88.88409,108.376657,14.990656,7.224664,15.056614,71.104723,108.376657,0.0,15.06,Autumn,No
2018-09-18,2018-09-18,11.453271,88.984819,100.43809,13.706995,7.331105,15.966101,63.433889,100.43809,0.0,14.84,Autumn,No
2018-09-19,2018-09-19,15.092691,90.325404,105.418095,17.144961,7.605078,16.925,63.743056,105.418095,0.0,12.43,Autumn,No
2018-09-20,2018-09-20,64.133553,88.680903,152.814456,25.580252,8.127325,17.364101,101.742778,152.814456,0.0,9.51,Autumn,No
2018-09-21,2018-09-21,39.470211,82.715192,122.185403,26.358341,7.817414,16.639649,71.369999,122.185403,0.0,10.03,Autumn,No
2018-09-22,2018-09-22,102.321614,53.917152,156.238766,25.963609,6.529942,15.812991,107.932224,156.238766,0.0,9.59,Autumn,No
2018-09-23,2018-09-23,56.998724,76.915423,133.914147,24.754021,6.476083,15.367932,87.316111,133.914147,0.0,9.19,Autumn,No
2018-09-24,2018-09-24,76.03574,89.801656,165.837396,28.546102,8.844356,15.600826,112.846112,165.837396,0.0,8.92,Autumn,No
2018-09-25,2018-09-25,29.590939,90.297,119.887939,28.185002,8.392057,16.905601,66.405279,119.887939,0.0,11.63,Autumn,No
2018-09-26,2018-09-26,53.995833,89.835878,143.831711,18.145869,7.970819,17.157521,100.557502,143.831711,0.0,15.1,Autumn,No
2018-09-27,2018-09-27,61.523796,95.187117,156.710913,20.407817,7.997238,17.106691,111.199167,156.710913,0.0,12.18,Autumn,No
2018-09-28,2018-09-28,80.314301,98.254692,178.568993,25.495577,8.189259,17.000544,127.883613,178.568993,0.0,9.22,Autumn,No
2018-09-29,2018-09-29,52.251883,97.896904,150.148787,24.702295,6.744552,16.804718,101.897222,150.148787,0.0,9.57,Autumn,No
2018-09-30,2018-09-30,43.941379,98.101217,142.042596,26.616893,6.324109,16.543538,92.558056,142.042596,0.0,10.3,Autumn,No
2019-04-01,2019-04-01,99.30676,83.444583,182.751343,42.254454,11.083443,18.911779,110.501667,182.751343,0.0,7.31,Spring,No
2019-04-02,2019-04-02,98.812549,83.333508,182.146057,50.673642,12.100168,20.182525,99.189722,182.146057,0.0,4.14,Spring,No
2019-04-03,2019-04-03,84.695189,83.290691,167.98588,55.802492,11.771547,20.839896,79.571945,167.98588,0.0,5.04,Spring,No
2019-04-04,2019-04-04,125.75933,83.265275,209.024605,55.689133,11.923255,20.484995,120.927222,209.024605,0.0,4.99,Spring,No
2019-04-05,2019-04-05,124.728598,80.692339,205.420937,53.704965,11.136901,20.217959,120.361112,205.420937,0.0,5.74,Spring,No
2019-04-06,2019-04-06,97.524136,82.244497,179.768633,40.541411,8.883021,20.132812,110.211389,179.768633,0.0,8.16,Spring,No
2019-04-07,2019-04-07,91.130846,82.94028,174.071126,38.563575,8.479103,19.737614,107.290834,174.071126,0.0,7.7,Spring,No
2019-04-08,2019-04-08,91.263538,82.763648,174.027186,45.234836,11.03048,19.811314,97.950556,174.027186,0.0,9.12,Spring,No
2019-04-09,2019-04-09,109.120381,81.984496,191.104877,42.689905,11.035255,20.189439,117.190278,191.104877,0.0,8.91,Spring,No
2019-04-10,2019-04-10,116.306479,83.075647,199.382126,45.431286,11.18967,19.641723,123.119447,199.382126,0.0,7.56,Spring,No
2019-04-11,2019-04-11,112.726296,82.601028,195.327324,41.080113,11.031609,19.842823,123.372779,195.327324,0.0,7.98,Spring,No
2019-04-12,2019-04-12,89.315277,82.873236,172.188513,45.164533,10.786369,19.49261,96.745001,172.188513,0.0,8.21,Spring,No
2019-04-13,2019-04-13,65.40704,82.846523,148.253563,41.577483,9.157777,19.266915,78.251388,148.253563,0.0,8.0,Spring,No
2019-04-14,2019-04-14,59.016361,82.727416,141.743777,48.386374,9.033799,19.32916,64.994444,141.743777,0.0,6.38,Spring,No
2019-04-15,2019-04-15,93.975357,80.671664,174.647021,56.391983,11.917555,19.944706,86.392777,174.647021,0.0,7.18,Spring,No
2019-04-16,2019-04-16,113.890463,82.64036,196.530823,45.287787,11.536799,19.782625,119.923612,196.530823,0.0,9.36,Spring,No
2019-04-17,2019-04-17,89.097134,82.565085,171.662219,38.984814,10.973856,19.017993,102.685556,171.662219,0.0,9.66,Spring,No
2019-04-18,2019-04-18,121.555387,46.816242,168.371629,30.45279,10.286867,18.481415,109.150557,168.371629,0.0,12.08,Spring,No
2019-04-19,2019-04-19,89.225632,80.56637,169.792002,24.272582,8.867359,18.836505,117.815556,169.792002,0.0,13.23,Spring,No
2019-04-20,2019-04-20,87.790355,80.906487,168.696842,17.959689,7.258543,18.817499,124.661111,168.696842,0.0,12.46,Spring,No
2019-04-21,2019-04-21,52.596911,80.951414,133.548325,15.771554,6.480064,17.771707,93.525,133.548325,0.0,12.41,Spring,No
2019-04-22,2019-04-22,33.311555,80.945138,114.256693,17.621958,7.268653,17.28025,72.085832,114.256693,0.0,13.58,Spring,Yes
2019-04-23,2019-04-23,57.857631,81.353122,139.210753,19.617872,9.059129,18.08653,92.447222,139.210753,0.0,13.2,Spring,No
2019-04-24,2019-04-24,69.729308,81.662155,151.391463,25.445018,9.654685,18.219816,98.071944,151.391463,0.0,11.17,Spring,No
2019-04-25,2019-04-25,87.948438,82.512097,170.460535,29.930247,10.078669,18.661897,111.789722,170.460535,0.0,9.96,Spring,No
2019-04-26,2019-04-26,69.376643,82.514052,151.890695,35.550194,10.369555,19.968724,86.002222,151.890695,0.0,8.71,Spring,No
2019-04-27,2019-04-27,61.588612,82.197018,143.78563,34.708323,8.678305,21.345114,79.053888,143.78563,0.0,7.93,Spring,No
2019-04-28,2019-04-28,107.97535,78.693968,186.669318,31.59726,7.711854,20.250481,127.109723,186.669318,0.0,9.86,Spring,No
2019-04-29,2019-04-29,87.263621,81.711018,168.974639,34.600877,10.285568,20.125139,103.963055,168.974639,0.0,10.94,Spring,No
2019-04-30,2019-04-30,96.189406,81.975157,178.164563,33.514934,10.465656,19.869252,114.314721,178.164563,0.0,10.51,Spring,No
2019-08-01,2019-08-01,77.856683,74.997071,152.853754,9.731755,7.462077,16.334921,119.325001,152.853754,0.0,15.47,Summer,No
2019-08-02,2019-08-02,69.768752,76.146804,145.915556,9.435544,7.194539,16.714918,112.570555,145.915556,0.0,16.64,Summer,No
2019-08-03,2019-08-03,59.680336,73.976273,133.656609,8.66456,5.766435,15.482559,103.743055,133.656609,0.0,16.74,Summer,No
2019-08-04,2019-08-04,58.937855,73.777983,132.715838,8.335743,5.51958,14.673572,104.186943,132.715838,0.0,16.31,Summer,No
2019-08-05,2019-08-05,42.867835,74.016393,116.884228,8.987141,6.264832,14.424478,87.207777,116.884228,0.0,15.5,Summer,Yes
2019-08-06,2019-08-06,48.193706,74.123162,122.316868,10.17492,7.470115,15.214334,89.457499,122.316868,0.0,15.44,Summer,No
2019-08-07,2019-08-07,66.380295,75.032256,141.412551,10.254727,7.673883,15.935052,107.548889,141.412551,0.0,15.71,Summer,No
2019-08-08,2019-08-08,52.411506,76.830957,129.242463,10.375059,7.657084,16.797543,94.412777,129.242463,0.0,15.59,Summer,No
2019-08-09,2019-08-09,45.633271,74.841962,120.475233,10.355504,7.552657,17.064295,85.502777,120.475233,0.0,16.81,Summer,No
2019-08-10,2019-08-10,31.073055,75.34972,106.422775,10.088394,6.417543,17.543782,72.373056,106.422775,0.0,15.61,Summer,No
2019-08-11,2019-08-11,64.582586,74.554258,139.136844,10.335896,6.094444,17.597337,105.109167,139.136844,0.0,13.73,Summer,No
2019-08-12,2019-08-12,74.69512,74.680824,149.375944,12.472527,8.305356,18.97806,109.620001,149.375944,0.0,12.8,Summer,No
2019-08-13,2019-08-13,78.854955,76.068331,154.923286,12.812561,8.462081,19.630588,114.018056,154.923286,0.0,13.52,Summer,No
2019-08-14,2019-08-14,51.317073,75.08047,126.397543,11.706419,8.244513,18.525777,87.920834,126.397543,0.0,16.0,Summer,No
2019-08-15,2019-08-15,43.909424,75.764329,119.673753,10.953728,8.39734,19.090184,81.232501,119.673753,0.0,15.71,Summer,No
2019-08-16,2019-08-16,26.97916,76.911834,103.890994,11.120574,7.869274,18.753925,66.147221,103.890994,0.0,16.2,Summer,No
2019-08-17,2019-08-17,17.688081,75.127942,92.816023,10.580133,6.528343,17.909769,57.797778,92.816023,0.0,14.44,Summer,No
2019-08-18,2019-08-18,16.718154,74.802751,91.520905,11.079122,6.357914,17.352758,56.731111,91.520905,0.0,13.97,Summer,No
2019-08-19,2019-08-19,55.511209,75.462319,130.973528,12.989373,8.566359,18.103074,91.314722,130.973528,0.0,13.46,Summer,No
2019-08-20,2019-08-20,69.056317,74.644314,143.700631,14.196673,8.839738,19.415609,101.248611,143.700631,0.0,13.68,Summer,No
2019-08-21,2019-08-21,50.168419,74.964532,125.132951,15.400025,8.716549,19.542213,81.474164,125.132951,0.0,14.36,Summer,No
2019-08-22,2019-08-22,61.571095,75.13641,136.707505,13.007471,8.523937,18.699986,96.476111,136.707505,0.0,16.14,Summer,No
2019-08-23,2019-08-23,55.014696,74.371442,129.386138,11.111447,8.343942,19.035471,90.895278,129.386138,0.0,16.46,Summer,No
2019-08-24,2019-08-24,55.581869,75.956135,131.538004,9.85529,6.604263,18.713174,96.365277,131.538004,0.0,16.46,Summer,No
2019-08-25,2019-08-25,57.273195,76.985967,134.259162,9.632186,6.094416,17.784226,100.748334,134.259162,0.0,15.72,Summer,No
2019-08-26,2019-08-26,57.591562,76.478272,134.069834,11.112606,8.355387,18.444341,96.1575,134.069834,0.0,14.69,Summer,No
2019-08-27,2019-08-27,61.827147,75.551846,137.378993,11.569526,8.549972,18.023661,99.235834,137.378993,0.0,15.07,Summer,No
2019-08-28,2019-08-28,61.120079,74.891472,136.011551,12.402454,8.373443,17.853988,97.381666,136.011551,0.0,14.04,Summer,No
2019-08-29,2019-08-29,40.386647,74.267988,114.654635,12.35744,8.709976,17.508052,76.079167,114.654635,0.0,15.12,Summer,No
2019-08-30,2019-08-30,47.186649,73.970517,121.157166,12.318158,8.354634,18.590764,81.89361,121.157166,0.0,15.99,Summer,No
2019-08-31,2019-08-31,37.332107,74.212657,111.544764,11.987804,6.907481,19.144201,73.505278,111.544764,0.0,13.74,Summer,No
2019-12-01,2019-12-01,122.356259,72.748544,195.104803,55.948169,9.244071,14.613397,115.299166,195.104803,0.0,4.08,Winter,No
2019-12-02,2019-12-02,146.467002,72.450339,218.917341,66.932011,12.802493,15.169225,124.013612,218.917341,0.0,3.9,Winter,No
2019-12-03,2019-12-03,120.935426,71.968181,192.903607,63.112051,12.200324,15.342619,102.248613,192.903607,0.0,6.26,Winter,No
2019-12-04,2019-12-04,111.770238,72.056726,183.826964,57.210138,11.660087,15.443683,99.513056,183.826964,0.0,7.9,Winter,No
2019-12-05,2019-12-05,74.073335,71.714992,145.788327,55.650236,11.290719,14.960982,63.88639,145.788327,0.0,9.23,Winter,No
2019-12-06,2019-12-06,71.455659,71.998674,143.454333,51.193465,11.049617,14.94625,66.265001,143.454333,0.0,9.53,Winter,No
2019-12-07,2019-12-07,53.616179,71.76154,125.377719,46.027884,8.699562,13.089439,57.560834,125.377719,0.0,9.47,Winter,No
2019-12-08,2019-12-08,57.583228,71.922444,129.505672,52.15492,8.946031,13.397219,55.007502,129.505672,0.0,7.41,Winter,No
2019-12-09,2019-12-09,96.273058,71.601576,167.874634,57.288846,12.177399,14.191721,84.216668,167.874634,0.0,7.56,Winter,No
2019-12-10,2019-12-10,67.78893,71.845341,139.634271,56.047339,11.839036,14.380952,57.366944,139.634271,0.0,8.61,Winter,No
2019-12-11,2019-12-11,105.391595,71.657127,177.048722,63.910718,12.995834,14.783835,85.358335,177.048722,0.0,4.26,Winter,No
2019-12-12,2019-12-12,94.089772,71.760523,165.850295,60.127366,12.228884,14.089323,79.404722,165.850295,0.0,6.6,Winter,No
2019-12-13,2019-12-13,87.481561,71.762001,159.243562,64.045523,11.978896,14.26581,68.953333,159.243562,0.0,5.71,Winter,No
2019-12-14,2019-12-14,99.628166,71.639286,171.267452,63.216536,10.233866,12.78955,85.0275,171.267452,0.0,4.06,Winter,No
2019-12-15,2019-12-15,112.358416,71.672246,184.030662,62.258261,9.712542,12.785692,99.274167,184.030662,0.0,3.29,Winter,No
2019-12-16,2019-12-16,137.114884,70.552099,207.666983,68.237871,12.827915,13.94453,112.656667,207.666983,0.0,3.98,Winter,No
2019-12-17,2019-12-17,145.353345,71.447299,216.800644,69.674467,12.695703,14.496861,119.933613,216.800644,0.0,3.74,Winter,No
2019-12-18,2019-12-18,84.411582,71.203139,155.614721,65.201905,11.488749,13.484901,65.439166,155.614721,0.0,7.37,Winter,No
2019-12-19,2019-12-19,120.640559,71.407209,192.047768,56.367384,11.116361,13.619579,110.944444,192.047768,0.0,7.96,Winter,No
2019-12-20,2019-12-20,130.519997,71.286932,201.806929,58.549148,10.826522,13.561536,118.869723,201.806929,0.0,5.0,Winter,No
2019-12-21,2019-12-21,124.893406,71.279216,196.172622,55.722058,9.082468,13.204762,118.163334,196.172622,0.0,4.07,Winter,No
2019-12-22,2019-12-22,82.520837,71.087466,153.608303,52.512643,8.261669,12.02788,80.806111,153.608303,0.0,6.24,Winter,No
2019-12-23,2019-12-23,101.276657,70.917222,172.193879,56.655249,9.262819,11.809146,94.466665,172.193879,0.0,6.64,Winter,No
2019-12-24,2019-12-24,99.313572,71.044932,170.358504,54.546526,7.776011,8.946524,99.089443,170.358504,0.0,6.4,Winter,No
2019-12-25,2019-12-25,72.637424,70.880618,143.518042,52.228132,7.029218,7.025693,77.234999,143.518042,0.0,4.97,Winter,Yes
2019-12-26,2019-12-26,65.760829,70.665147,136.425976,44.900957,6.66876,8.308481,76.547778,136.425976,0.0,8.67,Winter,Yes
2019-12-27,2019-12-27,66.035112,70.862832,136.897944,43.997673,7.770465,9.454806,75.675,136.897944,0.0,10.79,Winter,No
2019-12-28,2019-12-28,44.166473,70.630699,114.797172,41.575512,6.65099,10.478447,56.092223,114.797172,0.0,10.33,Winter,No
2019-12-29,2019-12-29,40.858782,70.441286,111.300068,39.746851,6.468422,9.623962,55.460833,111.300068,0.0,10.58,Winter,No
2019-12-30,2019-12-30,92.199509,70.868382,163.067891,44.992462,8.163605,10.644879,99.266945,163.067891,0.0,8.97,Winter,No
2019-12-31,2019-12-31,103.82305,70.607732,174.430782,47.66222,8.047646,9.26036,109.460556,174.430782,0.0,6.89,Winter,No
2019-02-01,2019-02-01,121.134725,87.045856,208.180581,73.660713,12.899895,15.991084,105.628889,208.180581,0.0,2.06,Winter,No
2019-02-02,2019-02-02,108.521386,86.874802,195.396188,68.166033,10.398701,15.871732,100.959722,195.396188,0.0,1.67,Winter,No
2019-02-03,2019-02-03,64.690826,86.776658,151.467484,60.467989,8.756816,14.101011,68.141668,151.467484,0.0,5.62,Winter,No
2019-02-04,2019-02-04,104.625559,83.215061,187.84062,58.475432,11.939465,14.761,102.664723,187.84062,0.0,6.84,Winter,No
2019-02-05,2019-02-05,97.261942,62.855373,160.117315,58.120317,11.599284,15.350491,75.047223,160.117315,0.0,7.62,Winter,No
2019-02-06,2019-02-06,70.395361,88.467482,158.862843,56.29187,11.502998,15.057976,76.009999,158.862843,0.0,6.34,Winter,No
2019-02-07,2019-02-07,82.241522,87.278148,169.51967,59.214561,11.650576,15.045644,83.608889,169.51967,0.0,5.92,Winter,No
2019-02-08,2019-02-08,54.760669,86.95379,141.714459,56.875569,10.776596,15.020904,59.04139,141.714459,0.0,8.21,Winter,No
2019-02-09,2019-02-09,82.890385,86.973544,169.863929,53.379135,9.016982,15.219478,92.248334,169.863929,0.0,6.1,Winter,No
2019-02-10,2019-02-10,60.63998,86.755561,147.395541,54.168417,8.724674,14.789673,69.712777,147.395541,0.0,4.93,Winter,No
2019-02-11,2019-02-11,93.941421,86.637965,180.579386,57.140792,11.13627,15.08927,97.213054,180.579386,0.0,6.77,Winter,No
2019-02-12,2019-02-12,73.178356,86.616407,159.794763,50.775208,10.752784,14.882049,83.384722,159.794763,0.0,9.9,Winter,No
2019-02-13,2019-02-13,51.341714,86.687068,138.028782,48.757887,10.861752,14.825532,63.583611,138.028782,0.0,9.93,Winter,No
2019-02-14,2019-02-14,57.007679,86.546851,143.55453,45.933438,11.554651,14.49672,71.569721,143.55453,0.0,9.37,Winter,No
2019-02-15,2019-02-15,49.291974,86.544754,135.836728,45.987996,10.266215,14.196406,65.386111,135.836728,0.0,9.51,Winter,No
2019-02-16,2019-02-16,35.529316,86.215656,121.744972,42.324285,8.538604,14.588472,56.293611,121.744972,0.0,9.3,Winter,No
2019-02-17,2019-02-17,28.20209,81.96983,110.17192,39.061778,8.03152,13.5064,49.572222,110.17192,0.0,9.07,Winter,No
2019-02-18,2019-02-18,69.423465,86.504156,155.927621,49.908198,11.532188,15.330846,79.156389,155.927621,0.0,7.03,Winter,No
2019-02-19,2019-02-19,81.866754,75.813382,157.680136,53.291493,11.265679,16.134908,76.988056,157.680136,0.0,7.42,Winter,No
2019-02-20,2019-02-20,55.393268,82.598087,137.991355,43.942481,10.282945,15.692596,68.073333,137.991355,0.0,10.77,Winter,No
2019-02-21,2019-02-21,44.859166,86.476248,131.335414,39.289588,10.180079,15.962692,65.903055,131.335414,0.0,11.46,Winter,No
2019-02-22,2019-02-22,42.656905,86.188669,128.845574,40.47803,9.911789,16.314643,62.141112,128.845574,0.0,11.94,Winter,No
2019-02-23,2019-02-23,56.270551,86.079078,142.349629,36.418849,8.308738,16.49843,81.123612,142.349629,0.0,10.57,Winter,No
2019-02-24,2019-02-24,46.021525,85.741992,131.763517,40.07734,8.032158,15.553742,68.100277,131.763517,0.0,8.93,Winter,No
2019-02-25,2019-02-25,70.594154,84.96359,155.557744,41.770678,10.711556,16.969398,86.106112,155.557744,0.0,10.43,Winter,No
2019-02-26,2019-02-26,89.464805,73.078491,162.543296,40.879139,10.988148,17.73601,92.939999,162.543296,0.0,9.2,Winter,No
2019-02-27,2019-02-27,101.538055,86.382069,187.920124,43.482997,11.066364,17.626875,115.743888,187.920124,0.0,7.92,Winter,No
2019-02-28,2019-02-28,113.659777,81.766187,195.425964,44.312471,10.614802,17.970358,122.528333,195.425964,0.0,8.56,Winter,No
2019-01-01,2019-01-01,65.851064,88.889287,154.740351,41.536032,7.229068,9.794141,96.18111,154.740351,0.0,8.47,Winter,Yes
2019-01-02,2019-01-02,86.720469,88.857126,175.577595,50.312132,10.371686,12.207111,102.686666,175.577595,0.0,6.41,Winter,No
2019-01-03,2019-01-03,89.709856,85.756072,175.465928,52.177333,10.48977,12.28188,100.516945,175.465928,0.0,6.88,Winter,No
2019-01-04,2019-01-04,93.80195,88.470882,182.272832,55.523571,10.480395,12.137753,104.131113,182.272832,0.0,6.33,Winter,No
2019-01-05,2019-01-05,82.928779,88.51653,171.445309,48.516287,8.326629,12.032114,102.570279,171.445309,0.0,7.07,Winter,No
2019-01-06,2019-01-06,59.88237,88.46475,148.34712,44.370485,7.283603,10.596922,86.09611,148.34712,0.0,9.13,Winter,No
2019-01-07,2019-01-07,60.672787,88.423072,149.095859,49.215304,10.283572,11.086706,78.510277,149.095859,0.0,9.83,Winter,No
2019-01-08,2019-01-08,96.53112,88.411457,184.942577,52.021261,10.862024,12.44957,109.609722,184.942577,0.0,7.53,Winter,No
2019-01-09,2019-01-09,106.355012,88.374134,194.729146,51.833185,10.695477,12.917706,119.282778,194.729146,0.0,8.02,Winter,No
2019-01-10,2019-01-10,107.889108,84.924211,192.813319,48.879464,10.267522,12.722999,120.943334,192.813319,0.0,8.77,Winter,No
2019-01-11,2019-01-11,84.118936,89.079451,173.198387,48.973441,10.033633,12.701591,101.489722,173.198387,0.0,8.62,Winter,No
2019-01-12,2019-01-12,38.298572,87.313756,125.612328,45.540556,8.182342,13.072764,58.816666,125.612328,0.0,9.11,Winter,No
2019-01-13,2019-01-13,37.1522,88.107851,125.260051,43.914461,7.740323,12.316377,61.28889,125.260051,0.0,9.18,Winter,No
2019-01-14,2019-01-14,90.727477,88.017847,178.745324,51.801333,10.74984,12.706096,103.488055,178.745324,0.0,7.87,Winter,No
2019-01-15,2019-01-15,76.817996,88.036898,164.854894,50.662653,10.611679,14.164727,89.415835,164.854894,0.0,8.54,Winter,No
2019-01-16,2019-01-16,87.672157,87.98096,175.653117,55.125824,11.516371,14.938978,94.071944,175.653117,0.0,5.79,Winter,No
2019-01-17,2019-01-17,102.785245,87.968954,190.754199,64.301301,11.85864,15.146481,99.447777,190.754199,0.0,3.34,Winter,No
2019-01-18,2019-01-18,111.842017,79.87684,191.718857,57.802333,10.656601,14.747702,108.512221,191.718857,0.0,6.01,Winter,No
2019-01-19,2019-01-19,89.476884,87.853262,177.330146,51.497457,8.559828,14.081474,103.191387,177.330146,0.0,6.24,Winter,No
2019-01-20,2019-01-20,75.307532,88.757828,164.06536,52.574239,8.754905,13.086771,89.649445,164.06536,0.0,5.52,Winter,No
2019-01-21,2019-01-21,94.373095,88.300459,182.673554,68.698264,12.648528,14.874541,86.452221,182.673554,0.0,3.7,Winter,No
2019-01-22,2019-01-22,130.314712,88.205163,218.519875,69.662225,13.089809,15.065341,120.7025,218.519875,0.0,3.17,Winter,No
2019-01-23,2019-01-23,130.092911,88.10593,218.198841,68.875897,12.182809,15.417079,121.723056,218.198841,0.0,4.79,Winter,No
2019-01-24,2019-01-24,95.532906,80.811284,176.34419,58.125843,10.813715,14.918519,92.486113,176.34419,0.0,8.91,Winter,No
2019-01-25,2019-01-25,67.33278,89.161726,156.494506,52.008644,10.176196,14.630777,79.678889,156.494506,0.0,9.39,Winter,No
2019-01-26,2019-01-26,46.399265,87.6417,134.040965,48.791613,8.715846,14.52184,62.011666,134.040965,0.0,8.07,Winter,No
2019-01-27,2019-01-27,69.513119,87.587046,157.100165,56.808752,9.219162,13.555584,77.516667,157.100165,0.0,4.3,Winter,No
2019-01-28,2019-01-28,94.100067,87.533979,181.634046,65.33115,12.161222,13.80834,90.333334,181.634046,0.0,4.23,Winter,No
2019-01-29,2019-01-29,107.128746,87.566693,194.695439,69.976882,12.883097,15.212127,96.623333,194.695439,0.0,2.72,Winter,No
2019-01-30,2019-01-30,129.699321,87.752404,217.451725,73.617313,13.027001,15.306298,115.501113,217.451725,0.0,1.44,Winter,No
2019-01-31,2019-01-31,109.605843,87.471564,197.077407,76.359535,12.832644,15.334395,92.550833,197.077407,0.0,2.2,Winter,No
2019-07-01,2019-07-01,83.873196,74.664693,158.537889,14.134814,8.177262,18.727759,117.498054,158.537889,0.0,14.12,Summer,No
2019-07-02,2019-07-02,91.477371,76.973175,168.450546,14.165743,8.465918,19.452496,126.366389,168.450546,0.0,13.71,Summer,No
2019-07-03,2019-07-03,94.068642,77.216737,171.285379,11.13157,8.445105,18.600372,133.108332,171.285379,0.0,13.91,Summer,No
2019-07-04,2019-07-04,84.295254,76.579207,160.874461,10.432388,8.353728,18.325288,123.763057,160.874461,0.0,14.57,Summer,No
2019-07-05,2019-07-05,79.593309,75.971583,155.564892,10.377207,7.754407,18.542722,118.890556,155.564892,0.0,15.19,Summer,No
2019-07-06,2019-07-06,78.219572,75.734914,153.954486,10.427097,6.152333,18.774222,118.600834,153.954486,0.0,14.63,Summer,No
2019-07-07,2019-07-07,75.68032,75.477307,151.157627,9.385559,5.845873,18.269527,117.656668,151.157627,0.0,14.38,Summer,No
2019-07-08,2019-07-08,96.884979,76.548094,173.433073,11.308493,7.974819,18.46226,135.687501,173.433073,0.0,15.18,Summer,No
2019-07-09,2019-07-09,90.088342,75.428421,165.516763,10.262433,8.11439,18.189385,128.950555,165.516763,0.0,16.7,Summer,No
2019-07-10,2019-07-10,83.918162,75.510819,159.428981,10.606514,7.825189,18.320056,122.677222,159.428981,0.0,16.31,Summer,No
2019-07-11,2019-07-11,86.230084,75.475238,161.705322,10.149127,7.821065,17.696518,126.038612,161.705322,0.0,16.17,Summer,No
2019-07-12,2019-07-12,78.699323,75.364981,154.064304,10.711791,7.67074,18.483996,117.197777,154.064304,0.0,15.28,Summer,No
2019-07-13,2019-07-13,83.52869,75.12522,158.65391,9.502926,6.037712,18.226605,124.886667,158.65391,0.0,15.29,Summer,No
2019-07-14,2019-07-14,81.220163,74.353427,155.57359,8.65102,5.564929,16.352641,125.005,155.57359,0.0,15.26,Summer,No
2019-07-15,2019-07-15,87.540032,76.56991,164.109942,9.51514,7.405095,16.99304,130.196667,164.109942,0.0,16.37,Summer,No
2019-07-16,2019-07-16,87.06797,75.053873,162.121843,9.524669,7.717863,16.990421,127.88889,162.121843,0.0,17.04,Summer,No
2019-07-17,2019-07-17,81.347941,75.332811,156.680752,10.510605,7.694194,18.447343,120.02861,156.680752,0.0,15.6,Summer,No
2019-07-18,2019-07-18,82.826016,75.183788,158.009804,10.364933,7.796243,17.674183,122.174445,158.009804,0.0,15.42,Summer,No
2019-07-19,2019-07-19,71.175557,74.095757,145.271314,10.482122,7.59152,18.040727,109.156945,145.271314,0.0,15.64,Summer,No
2019-07-20,2019-07-20,66.535004,75.991215,142.526219,9.321041,5.79518,17.091108,110.31889,142.526219,0.0,15.61,Summer,No
2019-07-21,2019-07-21,29.737446,74.854523,104.591969,9.300366,5.5955,16.512492,73.183611,104.591969,0.0,16.51,Summer,No
2019-07-22,2019-07-22,40.696309,74.787074,115.483383,9.229295,7.454065,17.121689,81.678334,115.483383,0.0,19.04,Summer,No
2019-07-23,2019-07-23,70.201978,75.632868,145.834846,9.173565,7.773197,17.771971,111.116113,145.834846,0.0,18.8,Summer,No
2019-07-24,2019-07-24,73.543376,75.627272,149.170648,9.366829,7.607328,17.753435,114.443056,149.170648,0.0,17.87,Summer,No
2019-07-25,2019-07-25,45.638173,74.849684,120.487857,9.341277,7.739912,17.831666,85.575002,120.487857,0.0,18.71,Summer,No
2019-07-26,2019-07-26,68.433562,76.414094,144.847656,9.477247,7.304285,17.40029,110.665834,144.847656,0.0,16.88,Summer,No
2019-07-27,2019-07-27,63.525434,76.51399,140.039424,8.676918,5.472248,16.913314,108.976944,140.039424,0.0,15.07,Summer,No
2019-07-28,2019-07-28,66.061357,75.118707,141.180064,8.395211,5.163917,16.339269,111.281667,141.180064,0.0,14.7,Summer,No
2019-07-29,2019-07-29,72.824086,76.544546,149.368632,9.808398,7.113255,16.855313,115.591666,149.368632,0.0,15.22,Summer,No
2019-07-30,2019-07-30,64.830763,75.403074,140.233837,10.451076,7.753097,15.608829,106.420835,140.233837,0.0,15.1,Summer,No
2019-07-31,2019-07-31,68.326302,73.930249,142.256551,10.242913,7.539234,15.204404,109.27,142.256551,0.0,15.11,Summer,No
2019-06-01,2019-06-01,61.88629,76.064539,137.950829,14.304956,6.308477,17.684618,99.652778,137.950829,0.0,13.53,Summer,No
2019-06-02,2019-06-02,19.637924,81.047686,100.68561,13.497304,5.966905,17.355568,63.865833,100.68561,0.0,13.47,Summer,No
2019-06-03,2019-06-03,62.013374,79.241844,141.255218,16.810471,7.115815,17.489767,99.839165,141.255218,0.0,11.47,Summer,Yes
2019-06-04,2019-06-04,75.433787,79.834043,155.26783,23.559273,9.088874,18.261072,104.358611,155.26783,0.0,10.33,Summer,No
2019-06-05,2019-06-05,88.131834,79.344941,167.476775,27.499667,9.569864,18.835299,111.571945,167.476775,0.0,10.06,Summer,No
2019-06-06,2019-06-06,87.413886,73.823989,161.237875,24.946936,9.395125,18.908869,107.986945,161.237875,0.0,9.72,Summer,No
2019-06-07,2019-06-07,77.589991,78.868211,156.458202,24.347373,8.72337,18.520236,104.867223,156.458202,0.0,10.68,Summer,No
2019-06-08,2019-06-08,57.267949,79.371425,136.639374,20.818739,7.020618,18.138627,90.66139,136.639374,0.0,11.33,Summer,No
2019-06-09,2019-06-09,81.738231,78.867008,160.605239,20.672724,6.619397,18.263119,115.049999,160.605239,0.0,10.8,Summer,No
2019-06-10,2019-06-10,77.89997,78.641082,156.541052,20.583143,8.768075,18.205944,108.98389,156.541052,0.0,11.38,Summer,No
2019-06-11,2019-06-11,74.988024,78.251362,153.239386,20.709943,8.929061,18.006771,105.593611,153.239386,0.0,11.43,Summer,No
2019-06-12,2019-06-12,76.779156,77.669055,154.448211,28.309915,8.969989,18.590808,98.577499,154.448211,0.0,11.22,Summer,No
2019-06-13,2019-06-13,94.550571,79.171843,173.722414,29.041036,9.016642,18.604459,117.060277,173.722414,0.0,10.32,Summer,No
2019-06-14,2019-06-14,108.252311,79.254966,187.507277,28.182104,8.731023,18.756095,131.838055,187.507277,0.0,10.36,Summer,No
2019-06-15,2019-06-15,102.938741,79.165761,182.104502,21.795852,6.836389,18.494762,134.977499,182.104502,0.0,10.76,Summer,No
2019-06-16,2019-06-16,68.808133,78.167401,146.975534,20.315081,6.487921,17.561699,102.610833,146.975534,0.0,11.76,Summer,No
2019-06-17,2019-06-17,74.154823,72.024693,146.179516,19.615313,8.503078,17.865293,100.195832,146.179516,0.0,13.02,Summer,No
2019-06-18,2019-06-18,86.438078,78.417641,164.855719,17.816117,8.658788,18.173036,120.207778,164.855719,0.0,12.86,Summer,No
2019-06-19,2019-06-19,83.052861,77.883895,160.936756,18.163105,8.906392,17.625871,116.241388,160.936756,0.0,12.33,Summer,No
2019-06-20,2019-06-20,88.300342,77.47892,165.779262,17.719568,9.053719,19.433752,119.572223,165.779262,0.0,11.64,Summer,No
2019-06-21,2019-06-21,97.965637,77.837046,175.802683,18.361916,8.738531,19.334736,129.3675,175.802683,0.0,12.14,Summer,No
2019-06-22,2019-06-22,64.524566,76.737347,141.261913,15.39711,6.497949,18.691576,100.675278,141.261913,0.0,13.92,Summer,No
2019-06-23,2019-06-23,55.012249,76.400264,131.412513,18.083529,6.343771,18.739101,88.246112,131.412513,0.0,13.96,Summer,No
2019-06-24,2019-06-24,94.011649,77.363884,171.375533,16.321268,8.34045,18.631037,128.082778,171.375533,0.0,15.23,Summer,No
2019-06-25,2019-06-25,89.702172,76.919866,166.622038,15.402967,8.67466,18.529966,124.014445,166.622038,0.0,15.27,Summer,No
2019-06-26,2019-06-26,68.961627,76.545946,145.507573,15.013897,8.782137,18.127372,103.584167,145.507573,0.0,15.54,Summer,No
2019-06-27,2019-06-27,58.589457,76.457064,135.046521,13.939553,8.358438,18.065751,94.682779,135.046521,0.0,17.18,Summer,No
2019-06-28,2019-06-28,76.284775,77.086282,153.371057,12.634539,7.671685,18.056777,115.008056,153.371057,0.0,17.51,Summer,No
2019-06-29,2019-06-29,72.240604,76.338109,148.578713,11.135261,6.074714,18.747905,112.620833,148.578713,0.0,16.28,Summer,No
2019-06-30,2019-06-30,37.765172,75.360603,113.125775,11.349506,5.946005,18.046097,77.784167,113.125775,0.0,14.74,Summer,No
2019-03-01,2019-03-01,106.465105,85.729475,192.19458,42.470745,10.428127,17.944874,121.350834,192.19458,0.0,8.59,Spring,No
2019-03-02,2019-03-02,43.584234,85.669679,129.253913,44.271658,8.783291,16.48563,59.713334,129.253913,0.0,8.16,Spring,No
2019-03-03,2019-03-03,93.060527,85.491238,178.551765,54.585871,9.159442,15.952284,98.854168,178.551765,0.0,5.3,Spring,No
2019-03-04,2019-03-04,93.086599,85.474354,178.560953,61.212661,12.091777,16.53846,88.718055,178.560953,0.0,4.54,Spring,No
2019-03-05,2019-03-05,97.56545,85.313453,182.878903,54.092757,11.211901,16.934801,100.639444,182.878903,0.0,6.9,Spring,No
2019-03-06,2019-03-06,93.6985,85.40591,179.10441,52.479989,11.315732,17.114799,98.19389,179.10441,0.0,6.92,Spring,No
2019-03-07,2019-03-07,95.553915,84.984823,180.538738,55.741186,11.654968,17.652306,95.490278,180.538738,0.0,6.63,Spring,No
2019-03-08,2019-03-08,107.032139,70.45546,177.487599,55.859357,10.861596,18.816368,91.950278,177.487599,0.0,6.77,Spring,No
2019-03-09,2019-03-09,82.873716,78.528096,161.401812,50.090708,9.106591,18.607848,83.596665,161.401812,0.0,6.72,Spring,No
2019-03-10,2019-03-10,64.670556,85.520991,150.191547,54.997533,9.427501,17.97429,67.792223,150.191547,0.0,4.11,Spring,No
2019-03-11,2019-03-11,81.206623,85.418973,166.625596,60.216511,11.777435,17.714428,76.917222,166.625596,0.0,6.36,Spring,No
2019-03-12,2019-03-12,73.669823,84.798271,158.468094,59.209049,12.136554,17.130269,69.992222,158.468094,0.0,6.26,Spring,No
2019-03-13,2019-03-13,70.296402,84.692247,154.988649,56.454663,11.632053,18.386143,68.51579,154.988649,0.0,7.33,Spring,No
2019-03-14,2019-03-14,59.763351,84.854361,144.617712,50.164248,10.917021,17.759499,65.776944,144.617712,0.0,9.42,Spring,No
2019-03-15,2019-03-15,73.805779,84.730146,158.535925,47.081945,10.379946,18.830977,82.243057,158.535925,0.0,8.58,Spring,No
2019-03-16,2019-03-16,61.94883,84.666208,146.615038,45.480073,9.143903,19.411895,72.579167,146.615038,0.0,6.92,Spring,No
2019-03-17,2019-03-17,62.794439,84.480909,147.275348,46.343371,8.570716,17.911261,74.45,147.275348,0.0,5.68,Spring,Yes
2019-03-18,2019-03-18,100.024365,84.421292,184.445657,48.600126,8.954334,17.767585,109.123612,184.445657,0.0,7.66,Spring,No
2019-03-19,2019-03-19,105.008233,84.308301,189.316534,43.841435,10.651404,17.703416,117.120279,189.316534,0.0,9.18,Spring,No
2019-03-20,2019-03-20,84.970821,84.229556,169.200377,37.316272,10.249989,17.334672,104.299444,169.200377,0.0,10.31,Spring,No
2019-03-21,2019-03-21,69.484709,84.11571,153.600419,36.218932,10.103727,18.55026,88.7275,153.600419,0.0,10.39,Spring,No
2019-03-22,2019-03-22,78.815428,84.026585,162.842013,42.949167,10.618008,18.666783,90.608055,162.842013,0.0,8.93,Spring,No
2019-03-23,2019-03-23,91.160283,84.000621,175.160904,40.987712,8.878193,19.578888,105.716111,175.160904,0.0,6.2,Spring,No
2019-03-24,2019-03-24,64.000975,83.943469,147.944444,40.703117,8.11874,18.987587,80.135,147.944444,0.0,6.99,Spring,No
2019-03-25,2019-03-25,101.545042,83.871725,185.416767,42.477473,10.945615,19.562012,112.431667,185.416767,0.0,8.23,Spring,No
2019-03-26,2019-03-26,93.319627,83.759609,177.079236,39.262031,10.853519,20.616742,106.346944,177.079236,0.0,7.77,Spring,No
2019-03-27,2019-03-27,93.449974,83.830198,177.280172,37.986338,10.736416,20.006307,108.551111,177.280172,0.0,8.24,Spring,No
2019-03-28,2019-03-28,78.436266,83.477267,161.913533,33.933324,10.926565,19.0492,98.004444,161.913533,0.0,8.52,Spring,No
2019-03-29,2019-03-29,90.209747,83.535923,173.74567,35.129191,10.386604,18.792097,109.437778,173.74567,0.0,8.52,Spring,No
2019-03-30,2019-03-30,86.057035,80.158084,166.215119,35.040564,8.470209,18.018234,104.686112,166.215119,0.0,8.18,Spring,No
2019-03-31,2019-03-31,85.640729,83.50996,169.150689,36.806982,8.355237,18.32097,105.6675,169.150689,0.0,7.0,Spring,No
2019-05-01,2019-05-01,92.84729,81.483555,174.330845,28.410459,10.302854,19.518922,116.09861,174.330845,0.0,9.28,Spring,No
2019-05-02,2019-05-02,99.120752,81.64998,180.770732,29.259593,10.340498,18.972863,122.197778,180.770732,0.0,9.97,Spring,No
2019-05-03,2019-05-03,97.372304,81.576825,178.949129,32.527364,10.411994,19.753382,116.256389,178.949129,0.0,8.91,Spring,No
2019-05-04,2019-05-04,98.44537,81.084931,179.530301,29.628261,8.675226,20.945703,120.281111,179.530301,0.0,7.04,Spring,No
2019-05-05,2019-05-05,101.891443,80.610762,182.502205,29.037598,7.549827,19.818668,126.096112,182.502205,0.0,7.23,Spring,No
2019-05-06,2019-05-06,111.047853,81.070495,192.118348,30.058188,8.45111,19.745716,133.863334,192.118348,0.0,8.14,Spring,Yes
2019-05-07,2019-05-07,95.581172,81.757248,177.33842,31.804204,10.425744,19.582361,115.526111,177.33842,0.0,8.71,Spring,No
2019-05-08,2019-05-08,84.098805,81.470084,165.568889,42.044756,10.701667,19.2583,93.564166,165.568889,0.0,8.32,Spring,No
2019-05-09,2019-05-09,124.422229,81.352765,205.774994,37.515731,10.746544,18.980773,138.531946,205.774994,0.0,8.19,Spring,No
2019-05-10,2019-05-10,130.002617,81.273047,211.275664,33.435498,10.166118,19.042936,148.631112,211.275664,0.0,8.12,Spring,No
2019-05-11,2019-05-11,106.808034,80.70354,187.511574,27.02872,8.21829,19.087897,133.176667,187.511574,0.0,8.73,Spring,No
2019-05-12,2019-05-12,63.718436,79.89708,143.615516,22.183816,7.369598,18.278767,95.783335,143.615516,0.0,10.46,Spring,No
2019-05-13,2019-05-13,50.910783,80.568045,131.478828,21.020792,9.540518,18.903629,82.013889,131.478828,0.0,12.66,Spring,No
2019-05-14,2019-05-14,48.991313,81.212404,130.203717,19.526314,9.629802,19.223157,81.824444,130.203717,0.0,12.97,Spring,No
2019-05-15,2019-05-15,66.212912,80.846653,147.059565,18.164356,9.076761,18.864837,100.953611,147.059565,0.0,13.49,Spring,No
2019-05-16,2019-05-16,85.620136,80.549684,166.16982,19.467768,9.239043,18.928565,118.534444,166.16982,0.0,11.93,Spring,No
2019-05-17,2019-05-17,102.581368,77.64803,180.229398,24.05689,9.086104,18.879739,128.206665,180.229398,0.0,11.08,Spring,No
2019-05-18,2019-05-18,97.740109,74.00087,171.740979,21.48429,7.25366,18.13664,124.866389,171.740979,0.0,11.13,Spring,No
2019-05-19,2019-05-19,88.30435,73.011076,161.315426,20.723144,6.816207,18.077187,115.698888,161.315426,0.0,11.07,Spring,No
2019-05-20,2019-05-20,101.950663,79.011491,180.962154,20.791886,9.063294,18.682807,132.424167,180.962154,0.0,10.77,Spring,No
2019-05-21,2019-05-21,86.410445,79.331185,165.74163,19.028297,9.12616,18.553839,119.033334,165.74163,0.0,11.16,Spring,No
2019-05-22,2019-05-22,93.762891,79.274807,173.037698,18.613099,9.004924,18.598842,126.820833,173.037698,0.0,11.93,Spring,No
2019-05-23,2019-05-23,90.770713,79.165566,169.936279,18.903561,9.033345,18.080207,123.919166,169.936279,0.0,12.41,Spring,No
2019-05-24,2019-05-24,88.417044,80.532714,168.949758,17.282998,8.339733,17.685361,125.641666,168.949758,0.0,13.2,Spring,No
2019-05-25,2019-05-25,58.603121,79.853189,138.45631,14.968345,6.519458,17.721841,99.246666,138.45631,0.0,13.83,Spring,No
2019-05-26,2019-05-26,35.938545,77.811542,113.750087,13.953578,6.320634,17.408929,76.066946,113.750087,0.0,13.46,Spring,No
2019-05-27,2019-05-27,79.247711,79.071896,158.319607,19.745129,8.936375,18.090881,111.547222,158.319607,0.0,11.22,Spring,No
2019-05-28,2019-05-28,98.065488,79.918334,177.983822,19.844555,9.275889,18.551154,130.312224,177.983822,0.0,10.71,Spring,No
2019-05-29,2019-05-29,78.327058,78.966323,157.293381,19.882613,8.836071,18.185807,110.38889,157.293381,0.0,12.41,Spring,No
2019-05-30,2019-05-30,68.334036,78.413414,146.74745,15.561437,8.561998,17.546794,105.077221,146.74745,0.0,14.68,Spring,No
2019-05-31,2019-05-31,52.772768,78.969993,131.742761,15.468819,8.12655,18.099614,90.047778,131.742761,0.0,13.79,Spring,No
2019-11-01,2019-11-01,97.997769,74.536486,172.534255,34.829518,9.605159,15.974857,112.124721,172.534255,0.0,11.91,Autumn,No
2019-11-02,2019-11-02,69.201259,74.289351,143.49061,36.044733,8.146825,16.017387,83.281665,143.49061,0.0,9.49,Autumn,No
2019-11-03,2019-11-03,94.592884,74.186743,168.779627,36.449976,7.692659,15.246714,109.390278,168.779627,0.0,8.82,Autumn,No
2019-11-04,2019-11-04,94.446095,74.183336,168.629431,46.233307,10.831587,16.678424,94.886113,168.629431,0.0,8.39,Autumn,No
2019-11-05,2019-11-05,121.972201,74.060852,196.033053,44.818039,11.487147,17.045366,122.682501,196.033053,0.0,9.0,Autumn,No
2019-11-06,2019-11-06,126.549688,74.02685,200.576538,48.128713,11.699284,17.081318,123.667223,200.576538,0.0,6.4,Autumn,No
2019-11-07,2019-11-07,115.698614,73.757043,189.455657,53.798589,11.73452,16.269216,107.653332,189.455657,0.0,6.28,Autumn,No
2019-11-08,2019-11-08,126.314983,73.610248,199.925231,51.418644,11.465562,17.155192,119.885833,199.925231,0.0,5.76,Autumn,No
2019-11-09,2019-11-09,100.774626,73.740038,174.514664,50.158526,9.227857,16.634114,98.494167,174.514664,0.0,6.6,Autumn,No
2019-11-10,2019-11-10,89.045172,73.587903,162.633075,49.870923,9.02983,15.953988,87.778334,162.633075,0.0,4.99,Autumn,No
2019-11-11,2019-11-11,87.347772,73.583559,160.931331,58.554389,12.382674,17.403712,72.590556,160.931331,0.0,6.06,Autumn,No
2019-11-12,2019-11-12,107.815738,73.438193,181.253931,59.240431,12.480203,17.788853,91.744444,181.253931,0.0,6.01,Autumn,No
2019-11-13,2019-11-13,107.01925,73.284926,180.304176,61.2654,12.412774,16.865724,89.760278,180.304176,0.0,4.96,Autumn,No
2019-11-14,2019-11-14,92.499472,73.242227,165.741699,61.918798,12.77131,17.114091,73.9375,165.741699,0.0,5.43,Autumn,No
2019-11-15,2019-11-15,128.538946,73.084827,201.623773,63.038812,12.464925,17.599204,108.520832,201.623773,0.0,4.87,Autumn,No
2019-11-16,2019-11-16,133.530268,72.968974,206.499242,58.806151,10.298949,16.970531,120.423611,206.499242,0.0,3.74,Autumn,No
2019-11-17,2019-11-17,111.513339,72.939681,184.45302,54.557362,9.641642,16.383462,103.870554,184.45302,0.0,5.19,Autumn,No
2019-11-18,2019-11-18,122.848976,72.808433,195.657409,61.741107,12.733547,16.248588,104.934167,195.657409,0.0,3.96,Autumn,No
2019-11-19,2019-11-19,116.436374,72.711621,189.147995,55.392713,12.017185,16.136151,105.601946,189.147995,0.0,7.47,Autumn,No
2019-11-20,2019-11-20,107.784648,72.731203,180.515851,56.298571,11.840594,16.208353,96.168333,180.515851,0.0,7.88,Autumn,No
2019-11-21,2019-11-21,125.836916,72.668521,198.505437,56.772829,11.786579,15.655473,114.290556,198.505437,0.0,7.16,Autumn,No
2019-11-22,2019-11-22,128.613423,72.626971,201.240394,51.264455,11.526796,20.603588,117.845555,201.240394,0.0,6.66,Autumn,No
2019-11-23,2019-11-23,111.534256,72.533979,184.068235,48.073323,8.780284,16.050183,111.164445,184.068235,0.0,7.48,Autumn,No
2019-11-24,2019-11-24,90.632834,72.466915,163.099749,44.81706,8.131214,14.321753,95.829722,163.099749,0.0,7.41,Autumn,No
2019-11-25,2019-11-25,115.446793,72.549454,187.996247,46.276161,10.627035,15.801106,115.291945,187.996247,0.0,9.77,Autumn,No
2019-11-26,2019-11-26,93.829918,72.411457,166.241375,47.798398,11.100172,16.565583,90.777222,166.241375,0.0,9.18,Autumn,No
2019-11-27,2019-11-27,116.628671,72.35437,188.983041,47.615087,11.349638,15.445261,114.573055,188.983041,0.0,8.39,Autumn,No
2019-11-28,2019-11-28,125.708137,72.48537,198.193507,50.986945,11.517973,16.276922,119.411667,198.193507,0.0,7.84,Autumn,No
2019-11-29,2019-11-29,120.18432,66.200522,186.384842,56.626305,11.614577,16.753126,101.390834,186.384842,0.0,5.48,Autumn,No
2019-11-30,2019-11-30,110.979226,69.173782,180.153008,52.406235,9.244678,16.039873,102.462222,180.153008,0.0,6.64,Autumn,No
2019-10-01,2019-10-01,149.589278,6.399333,155.988611,30.024273,10.053942,16.360952,99.549444,155.988611,0.0,11.26,Autumn,No
2019-10-02,2019-10-02,163.49727,7.543028,171.040298,32.25972,10.411808,17.44516,110.92361,171.040298,0.0,8.67,Autumn,No
2019-10-03,2019-10-03,125.526685,6.857778,132.384463,31.048903,9.590766,16.969515,74.775279,132.384463,0.0,11.83,Autumn,No
2019-10-04,2019-10-04,149.350884,6.587889,155.938773,27.360293,9.20924,17.399239,101.970001,155.938773,0.0,13.11,Autumn,No
2019-10-05,2019-10-05,135.880559,6.251056,142.131615,24.674518,7.388984,17.140334,92.927779,142.131615,0.0,13.33,Autumn,No
2019-10-06,2019-10-06,69.003783,64.250837,133.25462,22.236819,7.10321,17.068481,86.84611,133.25462,0.0,11.92,Autumn,No
2019-10-07,2019-10-07,57.424178,80.282644,137.706822,24.468689,9.465068,16.916674,86.856391,137.706822,0.0,13.34,Autumn,No
2019-10-08,2019-10-08,51.603922,78.728868,130.33279,27.322263,10.072538,16.719655,76.218334,130.33279,0.0,11.52,Autumn,No
2019-10-09,2019-10-09,114.161012,20.327743,134.488755,30.554648,10.356595,16.416689,77.160823,134.488755,0.0,10.38,Autumn,No
2019-10-10,2019-10-10,53.053696,81.241625,134.295321,30.225738,10.073702,16.959492,77.036389,134.295321,0.0,12.11,Autumn,No
2019-10-11,2019-10-11,71.785755,78.668983,150.454738,29.265444,9.767767,17.723193,93.698334,150.454738,0.0,11.43,Autumn,No
2019-10-12,2019-10-12,68.807574,76.418905,145.226479,25.845494,7.899143,17.371286,94.110556,145.226479,0.0,10.18,Autumn,No
2019-10-13,2019-10-13,74.533825,76.675209,151.209034,27.664402,7.551163,17.019581,98.973888,151.209034,0.0,9.33,Autumn,No
2019-10-14,2019-10-14,81.097978,77.071252,158.16923,32.636631,10.095295,17.273137,98.164167,158.16923,0.0,10.57,Autumn,No
2019-10-15,2019-10-15,75.251108,76.579299,151.830407,29.941393,10.239019,16.877773,94.772222,151.830407,0.0,10.93,Autumn,No
2019-10-16,2019-10-16,76.769672,76.311374,153.081046,30.333186,10.481717,16.44892,95.817223,153.081046,0.0,10.07,Autumn,No
2019-10-17,2019-10-17,72.887511,76.181257,149.068768,33.183604,10.551875,16.446622,88.886667,149.068768,0.0,9.71,Autumn,No
2019-10-18,2019-10-18,86.079617,76.091661,162.171278,34.953284,10.269457,17.045759,99.902778,162.171278,0.0,9.27,Autumn,No
2019-10-19,2019-10-19,66.833799,75.762585,142.596384,34.888921,8.39226,16.866871,82.448332,142.596384,0.0,9.41,Autumn,No
2019-10-20,2019-10-20,66.230205,75.606266,141.836471,34.152749,8.170557,15.864833,83.648332,141.836471,0.0,8.86,Autumn,No
2019-10-21,2019-10-21,108.672929,75.571943,184.244872,39.97415,11.267395,16.20805,116.795277,184.244872,0.0,7.46,Autumn,No
2019-10-22,2019-10-22,96.13263,75.313366,171.445996,41.352279,10.975242,17.188751,101.929724,171.445996,0.0,9.42,Autumn,No
2019-10-23,2019-10-23,77.040893,75.367774,152.408667,37.042021,10.350874,16.595495,88.420277,152.408667,0.0,11.34,Autumn,No
2019-10-24,2019-10-24,116.381303,74.619427,191.00073,36.848661,10.744624,16.638833,126.768612,191.00073,0.0,8.82,Autumn,No
2019-10-25,2019-10-25,134.215954,72.953513,207.169467,46.975325,11.095651,17.814601,131.28389,207.169467,0.0,5.84,Autumn,No
2019-10-26,2019-10-26,98.341944,78.394426,176.73637,42.558239,9.156443,17.774188,107.2475,176.73637,0.0,5.89,Autumn,No
2019-10-27,2019-10-27,106.109716,74.893632,181.003348,41.93721,8.515733,15.860126,114.690279,181.003348,0.0,6.19,Autumn,No
2019-10-28,2019-10-28,91.998227,74.79481,166.793037,47.061711,9.550622,15.686259,94.494445,166.793037,0.0,6.22,Autumn,Yes
2019-10-29,2019-10-29,87.524895,74.749589,162.274484,47.119448,11.019421,16.795893,87.339722,162.274484,0.0,7.71,Autumn,No
2019-10-30,2019-10-30,70.878824,74.74013,145.618954,45.227814,11.017659,17.233202,72.140279,145.618954,0.0,9.26,Autumn,No
2019-10-31,2019-10-31,111.888404,74.379462,186.267866,41.935262,10.483802,15.848524,118.000278,186.267866,0.0,10.27,Autumn,No
2019-09-01,2019-09-01,49.66906,73.111275,122.780335,12.431752,6.632388,18.351196,85.364999,122.780335,0.0,12.77,Autumn,No
2019-09-02,2019-09-02,49.652681,73.982821,123.635502,15.388631,8.668042,18.843273,80.735556,123.635502,0.0,13.84,Autumn,No
2019-09-03,2019-09-03,59.048077,74.840182,133.888259,13.489124,8.634436,19.326921,92.437778,133.888259,0.0,15.28,Autumn,No
2019-09-04,2019-09-04,43.876756,74.295491,118.172247,16.478485,8.840387,18.599485,74.25389,118.172247,0.0,12.49,Autumn,No
2019-09-05,2019-09-05,53.404759,73.761632,127.166391,16.331055,8.913941,18.205284,83.716111,127.166391,0.0,12.84,Autumn,No
2019-09-06,2019-09-06,57.659691,73.436171,131.095862,15.706516,8.392137,18.652765,88.344444,131.095862,0.0,13.79,Autumn,No
2019-09-07,2019-09-07,76.466919,73.007689,149.474608,14.137649,7.081824,18.489579,109.765556,149.474608,0.0,13.1,Autumn,No
2019-09-08,2019-09-08,60.826009,73.431224,134.257233,13.119627,6.460382,17.842224,96.835,134.257233,0.0,13.33,Autumn,No
2019-09-09,2019-09-09,115.15142,19.066088,134.217508,16.026172,8.577336,18.14678,91.46722,134.217508,0.0,12.73,Autumn,No
2019-09-10,2019-09-10,133.014297,6.787556,139.801853,17.773168,8.558609,18.511189,94.958887,139.801853,0.0,12.42,Autumn,No
2019-09-11,2019-09-11,126.484179,6.924028,133.408207,14.996207,8.211532,17.098245,93.102223,133.408207,0.0,15.16,Autumn,No
2019-09-12,2019-09-12,124.256885,6.405083,130.661968,14.576621,8.35415,18.064252,89.666945,130.661968,0.0,14.48,Autumn,No
2019-09-13,2019-09-13,113.911258,44.285306,158.196564,15.716623,8.146844,18.074209,116.258888,158.196564,0.0,12.11,Autumn,No
2019-09-14,2019-09-14,44.087155,80.839619,124.926774,13.100832,6.415597,17.985343,87.425002,124.926774,0.0,13.53,Autumn,No
2019-09-15,2019-09-15,67.847823,76.253456,144.101279,15.19284,6.370601,17.386728,105.15111,144.101279,0.0,13.6,Autumn,No
2019-09-16,2019-09-16,77.60281,77.163561,154.766371,18.501784,8.010679,18.006686,110.247222,154.766371,0.0,13.24,Autumn,No
2019-09-17,2019-09-17,78.547396,76.583266,155.130662,17.110077,8.948886,18.974198,110.097501,155.130662,0.0,11.98,Autumn,No
2019-09-18,2019-09-18,76.778448,76.474863,153.253311,15.868156,8.903755,18.360567,110.120833,153.253311,0.0,12.59,Autumn,No
2019-09-19,2019-09-19,64.042731,76.164689,140.20742,15.272835,8.811459,17.255348,98.867778,140.20742,0.0,13.7,Autumn,No
2019-09-20,2019-09-20,35.976243,74.501401,110.477644,14.224021,8.428889,17.017234,70.8075,110.477644,0.0,14.99,Autumn,No
2019-09-21,2019-09-21,27.340647,73.883062,101.223709,12.854021,6.938354,16.983001,64.448333,101.223709,0.0,16.08,Autumn,No
2019-09-22,2019-09-22,60.257451,73.36523,133.622681,13.324077,6.565277,16.800826,96.932501,133.622681,0.0,14.69,Autumn,No
2019-09-23,2019-09-23,54.190084,74.239784,128.429868,18.11456,8.476574,17.177346,84.661388,128.429868,0.0,13.79,Autumn,No
2019-09-24,2019-09-24,70.26461,74.210745,144.475355,14.661582,8.591807,18.019467,103.202499,144.475355,0.0,14.99,Autumn,No
2019-09-25,2019-09-25,66.436678,74.09397,140.530648,14.842924,8.727369,17.497023,99.463332,140.530648,0.0,14.62,Autumn,No
2019-09-26,2019-09-26,50.489106,74.135462,124.624568,17.359724,8.788347,17.04983,81.426667,124.624568,0.0,13.18,Autumn,No
2019-09-27,2019-09-27,81.19053,41.801128,122.991658,18.900517,8.603159,17.506871,77.981111,122.991658,0.0,12.84,Autumn,No
2019-09-28,2019-09-28,127.951774,6.040056,133.99183,18.011813,7.067141,16.078987,92.833889,133.99183,0.0,13.3,Autumn,No
2019-09-29,2019-09-29,136.922577,5.261472,142.184049,17.2558,6.913837,15.154133,102.860279,142.184049,0.0,12.87,Autumn,No
2019-09-30,2019-09-30,154.116855,5.715,159.831855,26.741945,9.299615,15.201405,108.58889,159.831855,0.0,11.33,Autumn,No
2020-04-01,2020-04-01,113.032739,64.755357,177.788096,42.218418,10.59059,17.970199,107.008889,177.788096,0.0,7.22,Spring,No
2020-04-02,2020-04-02,94.549048,65.932778,160.481826,39.071058,10.267747,17.857466,93.285555,160.481826,0.0,8.47,Spring,No
2020-04-03,2020-04-03,103.812667,65.805437,169.618104,36.137676,9.573099,18.406218,105.501111,169.618104,0.0,7.91,Spring,No
2020-04-04,2020-04-04,64.155134,65.758298,129.913432,33.990749,7.890067,18.44095,69.591666,129.913432,0.0,8.91,Spring,No
2020-04-05,2020-04-05,49.766012,65.783563,115.549575,31.112287,7.289501,16.91501,60.232777,115.549575,0.0,10.8,Spring,No
2020-04-06,2020-04-06,83.126254,65.581981,148.708235,30.934067,9.716128,18.099707,89.958333,148.708235,0.0,9.02,Spring,No
2020-04-07,2020-04-07,79.05736,65.573671,144.631031,28.897175,9.593605,19.165806,86.974445,144.631031,0.0,8.91,Spring,No
2020-04-08,2020-04-08,97.979284,65.644988,163.624272,24.886956,9.229784,19.150311,110.357221,163.624272,0.0,9.96,Spring,No
2020-04-09,2020-04-09,90.751391,65.657858,156.409249,24.503628,8.968449,18.149115,104.788057,156.409249,0.0,10.67,Spring,No
2020-04-10,2020-04-10,93.098307,65.592671,158.690978,20.630672,7.914625,18.151515,111.994166,158.690978,0.0,12.28,Spring,No
2020-04-11,2020-04-11,69.386387,65.624947,135.011334,16.247802,6.669571,17.428683,94.665278,135.011334,0.0,11.71,Spring,No
2020-04-12,2020-04-12,62.086505,65.690133,127.776638,26.896115,7.113392,17.883798,75.883333,127.776638,0.0,8.5,Spring,No
2020-04-13,2020-04-13,76.915308,65.718115,142.633423,29.28149,7.887459,17.805308,87.659166,142.633423,0.0,7.78,Spring,Yes
2020-04-14,2020-04-14,105.131916,65.582773,170.714689,28.231825,9.419728,18.333692,114.729444,170.714689,0.0,7.0,Spring,No
2020-04-15,2020-04-15,104.72644,65.418985,170.145425,25.392811,9.513609,17.968172,117.270833,170.145425,0.0,8.26,Spring,No
2020-04-16,2020-04-16,79.311019,65.499814,144.810833,24.427279,9.065357,18.707085,92.611112,144.810833,0.0,9.9,Spring,No
2020-04-17,2020-04-17,79.228435,65.364199,144.592634,25.934072,8.58092,19.199308,90.878334,144.592634,0.0,10.71,Spring,No
2020-04-18,2020-04-18,89.441175,65.380457,154.821632,29.539485,7.299717,19.544929,98.437501,154.821632,0.0,9.32,Spring,No
2020-04-19,2020-04-19,69.593001,64.60638,134.199381,25.412216,6.939579,18.802307,83.045279,134.199381,0.0,9.98,Spring,No
2020-04-20,2020-04-20,65.268185,64.747239,130.015424,25.414482,8.799772,18.617002,77.184168,130.015424,0.0,10.33,Spring,No
2020-04-21,2020-04-21,62.860015,64.665355,127.52537,25.368389,8.868435,18.372155,74.916391,127.52537,0.0,9.86,Spring,No
2020-04-22,2020-04-22,101.162673,63.846196,165.008869,23.689679,8.540985,18.089316,114.688889,165.008869,0.0,10.89,Spring,No
2020-04-23,2020-04-23,103.574159,63.691539,167.265698,21.219806,8.354832,18.583559,119.107501,167.265698,0.0,11.26,Spring,No
2020-04-24,2020-04-24,113.90384,48.530141,162.433981,20.640949,8.069682,18.39835,115.325,162.433981,0.0,11.14,Spring,No
2020-04-25,2020-04-25,90.480015,65.091691,155.571706,17.77782,6.416953,17.571656,113.805277,155.571706,0.0,11.29,Spring,No
2020-04-26,2020-04-26,92.747238,64.596875,157.344113,23.383802,6.361889,17.739533,109.858889,157.344113,0.0,9.79,Spring,No
2020-04-27,2020-04-27,105.425527,64.315021,169.740548,22.619032,8.843835,18.341848,119.935833,169.740548,0.0,8.62,Spring,No
2020-04-28,2020-04-28,98.766271,64.025827,162.792098,24.053794,8.958039,18.313322,111.466943,162.792098,0.0,8.27,Spring,No
2020-04-29,2020-04-29,90.792144,64.017058,154.809202,30.010671,8.938555,18.397475,97.462501,154.809202,0.0,8.12,Spring,No
2020-04-30,2020-04-30,100.806192,63.809669,164.615861,30.796472,9.012708,18.737513,106.069168,164.615861,0.0,7.86,Spring,No
2020-08-01,2020-08-01,96.842672,56.342404,153.185076,10.499227,5.803337,16.739177,120.143335,153.185076,0.0,14.2,Summer,No
2020-08-02,2020-08-02,97.533551,56.226664,153.760215,10.251936,5.560225,16.081932,121.866122,153.760215,0.0,13.63,Summer,No
2020-08-03,2020-08-03,87.165715,56.049601,143.215316,10.938661,6.154323,15.600664,110.521668,143.215316,0.0,13.74,Summer,Yes
2020-08-04,2020-08-04,44.928976,56.017608,100.946584,10.565425,7.600844,16.67087,66.114167,100.951306,-0.004722000000001003,16.01,Summer,No
2020-08-05,2020-08-05,105.314263,56.09694,161.411203,10.257175,7.733133,17.125338,126.295557,161.411203,0.0,16.22,Summer,No
2020-08-06,2020-08-06,100.106261,55.893772,156.000033,10.013474,7.820943,17.323948,120.841668,156.000033,0.0,16.26,Summer,No
2020-08-07,2020-08-07,122.685641,56.131317,178.816958,9.715066,7.467282,17.779887,143.854723,178.816958,0.0,16.78,Summer,No
2020-08-08,2020-08-08,118.807854,55.926181,174.734035,8.676954,6.069976,16.295716,143.691389,174.734035,0.0,15.06,Summer,No
2020-08-09,2020-08-09,114.909377,55.88663,170.796007,8.508088,5.677127,15.671047,140.939745,170.796007,0.0,15.76,Summer,No
2020-08-10,2020-08-10,135.867417,55.894335,191.761752,10.887591,7.97862,16.804153,156.091388,191.761752,0.0,15.8,Summer,No
2020-08-11,2020-08-11,127.870288,54.744481,182.614769,10.20379,7.983844,16.802136,147.624999,182.614769,0.0,16.63,Summer,No
2020-08-12,2020-08-12,117.337414,52.839448,170.176862,9.166762,7.749892,16.714653,136.545555,170.176862,0.0,17.41,Summer,No
2020-08-13,2020-08-13,104.345915,55.993836,160.339751,9.412508,7.774191,18.259997,124.893055,160.339751,0.0,17.38,Summer,No
2020-08-14,2020-08-14,104.991709,56.016696,161.008405,9.66633,7.685776,18.510467,125.145832,161.008405,0.0,17.29,Summer,No
2020-08-15,2020-08-15,92.214504,55.892778,148.107282,8.774485,5.950136,17.922938,115.459723,148.107282,0.0,17.07,Summer,No
2020-08-16,2020-08-16,102.8714,55.902219,158.773619,9.621226,5.783997,16.741174,126.627222,158.773619,0.0,16.7,Summer,No
2020-08-17,2020-08-17,124.805269,55.958319,180.763588,12.077226,7.990633,17.385173,143.310556,180.763588,0.0,15.94,Summer,No
2020-08-18,2020-08-18,121.737065,55.878581,177.615646,10.63294,7.969095,17.483333,141.530278,177.615646,0.0,16.63,Summer,No
2020-08-19,2020-08-19,94.135101,55.823285,149.958386,12.347112,7.860336,16.946772,112.81111,149.96533,-0.00694400000000428,15.9,Summer,No
2020-08-20,2020-08-20,59.099569,56.070645,115.170214,11.381605,7.71314,17.069359,79.011388,115.175492,-0.005278000000004113,15.99,Summer,No
2020-08-21,2020-08-21,51.837999,55.984609,107.822608,11.064948,7.867036,17.489235,71.415,107.836219,-0.013610999999997375,15.43,Summer,No
2020-08-22,2020-08-22,48.844416,55.847875,104.692291,11.099347,6.247497,16.92767,70.417777,104.692291,0.0,14.8,Summer,No
2020-08-23,2020-08-23,67.41807,55.753667,123.171737,10.361206,5.916492,16.166262,90.727777,123.171737,0.0,14.43,Summer,No
2020-08-24,2020-08-24,87.983217,55.768378,143.751595,12.444195,8.104897,16.549447,106.653056,143.751595,0.0,14.17,Summer,No
2020-08-25,2020-08-25,57.154682,55.600337,112.755019,14.473736,8.522861,16.771755,72.986667,112.755019,0.0,14.69,Summer,No
2020-08-26,2020-08-26,94.06181,55.569999,149.631809,12.595091,8.573566,17.641487,110.821665,149.631809,0.0,14.76,Summer,No
2020-08-27,2020-08-27,97.279299,55.706066,152.985365,15.134135,8.623205,18.60608,110.621945,152.985365,0.0,13.58,Summer,No
2020-08-28,2020-08-28,62.457903,55.31258,117.770483,17.63725,8.475058,19.218731,72.439444,117.770483,0.0,13.06,Summer,No
2020-08-29,2020-08-29,79.921304,55.095234,135.016538,17.638783,6.881831,18.371758,92.124166,135.016538,0.0,11.79,Summer,No
2020-08-30,2020-08-30,101.944602,55.243989,157.188591,15.727847,6.622023,16.236499,118.602222,157.188591,0.0,11.5,Summer,No
2020-08-31,2020-08-31,90.366232,55.19812,145.564352,15.707652,8.957982,17.113996,103.784722,145.564352,0.0,13.2,Summer,No
2020-12-01,2020-12-01,139.106929,52.334133,191.441062,49.004271,10.838165,15.850293,115.748333,191.441062,0.0,8.74,Winter,No
2020-12-02,2020-12-02,137.005238,52.314095,189.319333,52.369277,11.418186,16.133814,109.398056,189.319333,0.0,6.93,Winter,No
2020-12-03,2020-12-03,147.615818,52.295952,199.91177,62.554101,12.471137,16.712645,108.173887,199.91177,0.0,3.07,Winter,No
2020-12-04,2020-12-04,115.747441,52.351253,168.098694,69.169567,11.881771,16.259299,70.788057,168.098694,0.0,4.24,Winter,No
2020-12-05,2020-12-05,122.535291,52.377613,174.912904,56.070172,9.314672,15.081115,94.446945,174.912904,0.0,6.19,Winter,No
2020-12-06,2020-12-06,162.969927,52.388347,215.358274,62.763927,10.032817,14.327919,128.233611,215.358274,0.0,2.64,Winter,No
2020-12-07,2020-12-07,175.727908,52.381027,228.108935,71.34426,13.040885,14.976568,128.747222,228.108935,0.0,1.77,Winter,No
2020-12-08,2020-12-08,167.483605,52.379391,219.862996,70.302153,12.891323,14.231464,122.438056,219.862996,0.0,4.64,Winter,No
2020-12-09,2020-12-09,159.933649,52.330899,212.264548,65.618033,12.065015,13.839279,120.742221,212.264548,0.0,6.24,Winter,No
2020-12-10,2020-12-10,135.348025,52.364169,187.712194,55.739861,11.354714,13.709287,106.908332,187.712194,0.0,8.07,Winter,No
2020-12-11,2020-12-11,132.968084,52.206682,185.174766,53.226399,11.023654,14.021102,106.903611,185.174766,0.0,7.94,Winter,No
2020-12-12,2020-12-12,117.012984,52.285173,169.298157,53.166875,9.507034,13.516748,93.1075,169.298157,0.0,5.63,Winter,No
2020-12-13,2020-12-13,82.854852,52.322374,135.177226,45.312494,8.301902,12.048386,69.514444,135.177226,0.0,9.36,Winter,No
2020-12-14,2020-12-14,114.633482,52.322369,166.955851,52.496769,11.378272,13.136365,89.944445,166.955851,0.0,8.06,Winter,No
2020-12-15,2020-12-15,120.163217,52.314327,172.477544,54.141508,11.565267,14.660213,92.110556,172.477544,0.0,6.84,Winter,No
2020-12-16,2020-12-16,119.469045,52.323705,171.79275,54.724259,11.782909,14.34086,90.944722,171.79275,0.0,8.1,Winter,No
2020-12-17,2020-12-17,109.400691,50.445894,159.846585,53.556449,10.62593,13.586429,82.077777,159.846585,0.0,8.72,Winter,No
2020-12-18,2020-12-18,100.918116,52.323825,153.241941,47.601773,9.94339,13.749,81.947778,153.241941,0.0,9.89,Winter,No
2020-12-19,2020-12-19,85.201453,52.333137,137.53459,48.269712,8.72237,13.35973,67.182778,137.53459,0.0,7.33,Winter,No
2020-12-20,2020-12-20,107.955615,52.323983,160.279598,49.739331,8.684429,12.448615,89.407223,160.279598,0.0,6.43,Winter,No
2020-12-21,2020-12-21,148.58425,52.308023,200.892273,54.993903,10.563314,12.390333,122.944723,200.892273,0.0,7.07,Winter,No
2020-12-22,2020-12-22,151.498656,52.220257,203.718913,61.073585,11.050198,13.315131,118.279999,203.718913,0.0,4.14,Winter,No
2020-12-23,2020-12-23,101.671664,52.34266,154.014324,62.696149,10.098241,12.606601,68.613333,154.014324,0.0,5.47,Winter,No
2020-12-24,2020-12-24,134.701603,52.382272,187.083875,61.883631,8.802571,11.054617,105.343056,187.083875,0.0,4.07,Winter,No
2020-12-25,2020-12-25,100.291266,52.304234,152.5955,55.682732,7.464872,8.69734,80.750556,152.5955,0.0,4.81,Winter,Yes
2020-12-26,2020-12-26,67.545597,52.260105,119.805702,49.759296,7.133341,10.114454,52.798611,119.805702,0.0,7.8,Winter,Yes
2020-12-27,2020-12-27,84.915628,52.350379,137.266007,56.294989,8.418163,11.132856,61.419999,137.266007,0.0,3.87,Winter,No
2020-12-28,2020-12-28,85.188236,52.423903,137.612139,61.008042,8.98477,11.51516,56.104167,137.612139,0.0,5.14,Winter,No
2020-12-29,2020-12-29,133.005763,52.427906,185.433669,62.504547,9.680807,12.493314,100.755001,185.433669,0.0,4.2,Winter,No
2020-12-30,2020-12-30,167.031504,52.427007,219.458511,66.342864,10.91458,12.683566,129.517501,219.458511,0.0,2.21,Winter,No
2020-12-31,2020-12-31,123.392766,52.429127,175.821893,70.711611,9.795127,10.490155,84.825,175.821893,0.0,2.98,Winter,No
2020-02-01,2020-02-01,87.408307,69.149489,156.557796,48.322643,8.773515,12.966361,86.495277,156.557796,0.0,7.69,Winter,No
2020-02-02,2020-02-02,67.298672,69.132888,136.43156,46.333922,8.415825,12.837369,68.844444,136.43156,0.0,8.08,Winter,No
2020-02-03,2020-02-03,95.319744,69.196663,164.516407,59.402094,12.250923,13.413945,79.449445,164.516407,0.0,6.11,Winter,No
2020-02-04,2020-02-04,134.225855,68.980571,203.206426,60.819897,12.495287,13.804853,116.086389,203.206426,0.0,6.11,Winter,No
2020-02-05,2020-02-05,140.205329,68.77584,208.981169,60.918294,12.345315,15.043116,120.674444,208.981169,0.0,5.62,Winter,No
2020-02-06,2020-02-06,119.927954,68.4307,188.358654,60.107673,12.066071,14.879355,101.305555,188.358654,0.0,6.13,Winter,No
2020-02-07,2020-02-07,90.424278,68.501121,158.925399,60.030201,11.175999,14.805309,72.91389,158.925399,0.0,7.24,Winter,No
2020-02-08,2020-02-08,85.364065,68.393775,153.75784,55.129834,9.01749,14.360365,75.250151,153.75784,0.0,6.74,Winter,No
2020-02-09,2020-02-09,69.61518,68.487037,138.102217,49.4798,8.80739,13.004194,66.810833,138.102217,0.0,8.87,Winter,No
2020-02-10,2020-02-10,145.63811,25.952962,171.591072,70.773284,13.217558,15.323286,72.276944,171.591072,0.0,4.14,Winter,No
2020-02-11,2020-02-11,143.285028,46.54931,189.834338,74.831844,13.568353,16.207474,85.226667,189.834338,0.0,3.04,Winter,No
2020-02-12,2020-02-12,127.462383,69.282019,196.744402,68.397237,12.916163,16.449891,98.981111,196.744402,0.0,4.02,Winter,No
2020-02-13,2020-02-13,128.53505,69.423535,197.958585,63.326319,12.374268,15.983553,106.274445,197.958585,0.0,5.51,Winter,No
2020-02-14,2020-02-14,88.214752,68.76204,156.976792,57.088162,11.071092,16.124204,72.693334,156.976792,0.0,8.02,Winter,No
2020-02-15,2020-02-15,76.469227,68.576935,145.046162,52.204886,8.808562,15.429381,68.603333,145.046162,0.0,8.41,Winter,No
2020-02-16,2020-02-16,80.855057,68.407479,149.262536,55.857696,9.267502,14.398171,69.739167,149.262536,0.0,5.84,Winter,No
2020-02-17,2020-02-17,99.353068,68.389103,167.742171,63.960948,12.614445,16.827333,74.339445,167.742171,0.0,5.6,Winter,No
2020-02-18,2020-02-18,103.774547,68.209578,171.984125,65.950643,12.901243,17.632518,75.499721,171.984125,0.0,5.12,Winter,No
2020-02-19,2020-02-19,91.447087,68.112131,159.559218,61.578417,11.949958,16.503064,69.527779,159.559218,0.0,7.27,Winter,No
2020-02-20,2020-02-20,93.867431,68.069297,161.936728,60.400025,12.785746,16.507069,72.243888,161.936728,0.0,5.61,Winter,No
2020-02-21,2020-02-21,85.50144,67.895414,153.396854,57.510474,11.210684,16.747641,67.928055,153.396854,0.0,8.78,Winter,No
2020-02-22,2020-02-22,83.048228,67.415352,150.46358,53.148243,9.242194,16.166476,71.906667,150.46358,0.0,7.2,Winter,No
2020-02-23,2020-02-23,101.462301,67.865756,169.328057,49.835487,8.955084,15.303321,95.234165,169.328057,0.0,6.5,Winter,No
2020-02-24,2020-02-24,93.522082,67.859377,161.381459,56.993246,12.049704,17.032677,75.305832,161.381459,0.0,6.93,Winter,No
2020-02-25,2020-02-25,117.908623,67.821909,185.730532,67.164702,13.637978,18.00313,86.924722,185.730532,0.0,3.19,Winter,No
2020-02-26,2020-02-26,156.890031,67.761487,224.651518,64.85555,13.28079,18.095733,128.419445,224.651518,0.0,3.68,Winter,No
2020-02-27,2020-02-27,138.220867,67.745488,205.966355,61.106429,12.81417,17.467145,114.578611,205.966355,0.0,4.2,Winter,No
2020-02-28,2020-02-28,93.147694,67.760486,160.90818,54.081973,11.316738,17.631969,77.8775,160.90818,0.0,8.16,Winter,No
2020-02-29,2020-02-29,89.880471,67.741127,157.621598,59.651635,10.174809,18.226543,69.568611,157.621598,0.0,4.34,Winter,No
2020-01-01,2020-01-01,67.203139,70.433136,137.636275,48.358114,7.990068,9.40837,71.879723,137.636275,0.0,7.09,Winter,Yes
2020-01-02,2020-01-02,60.108925,70.734999,130.843924,50.646703,10.479285,12.055159,57.662777,130.843924,0.0,9.42,Winter,No
2020-01-03,2020-01-03,103.158028,70.34709,173.505118,55.412784,11.098762,13.325516,93.668056,173.505118,0.0,6.42,Winter,No
2020-01-04,2020-01-04,88.58836,70.256005,158.844365,50.139572,8.888172,12.672731,87.14389,158.844365,0.0,7.48,Winter,No
2020-01-05,2020-01-05,61.217823,70.29578,131.513603,45.962005,8.217652,11.617002,65.716944,131.513603,0.0,9.16,Winter,No
2020-01-06,2020-01-06,81.257782,70.367687,151.625469,53.574541,11.221505,12.416089,74.413334,151.625469,0.0,8.4,Winter,No
2020-01-07,2020-01-07,70.901959,70.227078,141.129037,48.066696,10.655375,13.023077,69.383889,141.129037,0.0,10.72,Winter,No
2020-01-08,2020-01-08,114.205347,70.198989,184.404336,53.168343,11.699857,12.974748,106.561388,184.404336,0.0,6.82,Winter,No
2020-01-09,2020-01-09,135.738793,70.081303,205.820096,61.391607,12.440077,12.944246,119.044166,205.820096,0.0,3.63,Winter,No
2020-01-10,2020-01-10,97.447247,69.99373,167.440977,61.569814,11.23716,12.940948,81.693055,167.440977,0.0,6.49,Winter,No
2020-01-11,2020-01-11,121.015938,30.047829,151.063767,48.109246,8.598628,12.094504,82.261389,151.063767,0.0,9.51,Winter,No
2020-01-12,2020-01-12,77.345791,73.04517,150.390961,49.832052,8.972359,11.693216,79.893334,150.390961,0.0,5.82,Winter,No
2020-01-13,2020-01-13,87.948889,70.940356,158.889245,62.222644,11.905393,12.577042,72.184166,158.889245,0.0,6.89,Winter,No
2020-01-14,2020-01-14,108.483634,70.52813,179.011764,64.064868,12.587617,13.159001,89.200278,179.011764,0.0,4.41,Winter,No
2020-01-15,2020-01-15,94.406616,70.274012,164.680628,63.697718,12.290283,12.939015,75.753612,164.680628,0.0,5.68,Winter,No
2020-01-16,2020-01-16,95.028945,70.19858,165.227525,57.741179,11.809313,12.391756,83.285277,165.227525,0.0,8.08,Winter,No
2020-01-17,2020-01-17,132.973827,70.141311,203.115138,63.099887,12.40063,13.595454,114.019167,203.115138,0.0,4.57,Winter,No
2020-01-18,2020-01-18,139.42865,69.980816,209.409466,63.665623,10.486485,13.618747,121.638611,209.409466,0.0,2.96,Winter,No
2020-01-19,2020-01-19,117.651975,69.672505,187.32448,62.653407,9.805315,12.731591,102.134167,187.32448,0.0,3.74,Winter,No
2020-01-20,2020-01-20,143.944013,69.620724,213.564737,66.023082,12.548746,13.44263,121.550279,213.564737,0.0,6.13,Winter,No
2020-01-21,2020-01-21,154.5416,69.64878,224.19038,59.456064,12.317654,13.129996,139.286666,224.19038,0.0,7.64,Winter,No
2020-01-22,2020-01-22,147.511343,69.721604,217.232947,53.015987,11.621549,13.513743,139.081668,217.232947,0.0,8.23,Winter,No
2020-01-23,2020-01-23,136.257527,69.614341,205.871868,53.39362,11.952131,13.371949,127.154168,205.871868,0.0,6.71,Winter,No
2020-01-24,2020-01-24,128.572155,69.646678,198.218833,56.213691,11.302888,13.591421,117.110833,198.218833,0.0,6.43,Winter,No
2020-01-25,2020-01-25,90.199761,69.563803,159.763564,50.650041,8.791565,12.714736,87.607222,159.763564,0.0,7.37,Winter,No
2020-01-26,2020-01-26,93.859355,69.736382,163.595737,50.78481,8.984567,11.60886,92.2175,163.595737,0.0,6.23,Winter,No
2020-01-27,2020-01-27,129.306165,69.655792,198.961957,64.14936,12.613091,13.112283,109.087223,198.961957,0.0,3.43,Winter,No
2020-01-28,2020-01-28,111.788292,69.538973,181.327265,69.36395,13.268508,14.148141,84.546666,181.327265,0.0,3.4,Winter,No
2020-01-29,2020-01-29,99.681772,69.213402,168.895174,62.818925,11.996281,13.843023,80.236945,168.895174,0.0,6.69,Winter,No
2020-01-30,2020-01-30,85.727946,69.289039,155.016985,52.940405,10.953321,13.885759,77.2375,155.016985,0.0,8.92,Winter,No
2020-01-31,2020-01-31,71.807952,69.297261,141.105213,48.692939,10.121029,13.284856,69.006389,141.105213,0.0,10.3,Winter,No
2020-07-01,2020-07-01,109.236673,61.867943,171.104616,15.004048,8.683942,18.263294,129.153332,171.104616,0.0,13.07,Summer,No
2020-07-02,2020-07-02,95.225663,61.759328,156.984991,13.163309,8.445098,18.848251,116.528333,156.984991,0.0,13.13,Summer,No
2020-07-03,2020-07-03,72.874177,61.74447,134.618647,13.839746,7.966606,18.633684,94.185278,134.625314,-0.006666999999993095,13.92,Summer,No
2020-07-04,2020-07-04,52.298052,62.053349,114.351401,11.297474,6.167365,17.433786,79.452776,114.351401,0.0,14.58,Summer,No
2020-07-05,2020-07-05,38.028028,57.337212,95.36524,12.56688,6.055976,17.451191,59.413055,95.487102,-0.12186199999999303,12.89,Summer,No
2020-07-06,2020-07-06,111.088292,57.226109,168.314401,13.40468,8.490274,17.960559,128.458888,168.314401,0.0,13.17,Summer,No
2020-07-07,2020-07-07,111.094848,57.250409,168.345257,16.608649,8.815369,18.117906,124.831111,168.373035,-0.02777799999998365,12.5,Summer,No
2020-07-08,2020-07-08,117.440311,57.238699,174.67901,17.231109,8.708171,18.174175,130.582777,174.696232,-0.017222000000003845,13.16,Summer,No
2020-07-09,2020-07-09,97.966101,57.169045,155.135146,14.980766,8.479399,17.853036,113.821945,155.135146,0.0,13.44,Summer,No
2020-07-10,2020-07-10,106.809773,57.063898,163.873671,13.999865,8.036835,18.49836,123.350833,163.885893,-0.012222000000008393,12.49,Summer,No
2020-07-11,2020-07-11,107.082455,57.064823,164.147278,11.748607,6.129883,18.16851,128.100278,164.147278,0.0,12.81,Summer,No
2020-07-12,2020-07-12,68.647608,56.883376,125.530984,10.768842,5.790372,17.336491,91.635279,125.530984,0.0,13.91,Summer,No
2020-07-13,2020-07-13,106.16133,57.047078,163.208408,11.731046,7.941107,17.830423,125.705832,163.208408,0.0,14.7,Summer,No
2020-07-14,2020-07-14,93.883791,57.021569,150.90536,15.128213,8.436979,17.579333,109.780557,150.925082,-0.01972200000000157,12.77,Summer,No
2020-07-15,2020-07-15,86.180869,56.779906,142.960775,12.844155,8.110579,17.298541,104.728333,142.981608,-0.020832999999981894,14.52,Summer,No
2020-07-16,2020-07-16,104.337336,51.484744,155.82208,10.550398,7.953984,16.978532,120.339166,155.82208,0.0,16.3,Summer,No
2020-07-17,2020-07-17,102.057713,57.012527,159.07024,11.023637,7.722348,17.346756,123.006388,159.099129,-0.028888999999992393,15.24,Summer,No
2020-07-18,2020-07-18,101.068544,56.734625,157.803169,10.193707,6.110569,17.020283,124.47861,157.803169,0.0,14.16,Summer,No
2020-07-19,2020-07-19,84.302919,57.02756,141.330479,9.797853,5.908935,15.424803,110.198888,141.330479,0.0,12.87,Summer,No
2020-07-20,2020-07-20,94.149951,56.626628,150.776579,11.301116,8.142743,16.787164,114.559723,150.790746,-0.014167000000014696,12.93,Summer,No
2020-07-21,2020-07-21,96.599039,56.541861,153.1409,10.589867,8.217745,17.748289,116.584999,153.1409,0.0,14.19,Summer,No
2020-07-22,2020-07-22,93.966749,56.528696,150.495445,10.69509,8.294384,16.778471,114.7275,150.495445,0.0,15.43,Summer,No
2020-07-23,2020-07-23,105.99056,56.677941,162.668501,10.805334,8.192337,16.465274,127.205556,162.668501,0.0,15.44,Summer,No
2020-07-24,2020-07-24,92.657508,56.583109,149.240617,11.158775,7.700875,16.416245,113.964722,149.240617,0.0,15.03,Summer,No
2020-07-25,2020-07-25,72.561312,56.57844,129.139752,10.751724,5.880353,14.33823,98.169445,129.139752,0.0,14.62,Summer,No
2020-07-26,2020-07-26,65.444614,56.590797,122.035411,10.412813,5.513061,13.659162,92.450375,122.035411,0.0,14.13,Summer,No
2020-07-27,2020-07-27,69.308942,56.518022,125.826964,11.527031,7.744023,15.135633,91.420277,125.826964,0.0,14.33,Summer,No
2020-07-28,2020-07-28,105.656537,56.419936,162.076473,12.179189,7.676732,15.605829,126.614723,162.076473,0.0,13.41,Summer,No
2020-07-29,2020-07-29,94.324168,56.319619,150.643787,13.290961,7.766239,15.874365,113.712222,150.643787,0.0,13.29,Summer,No
2020-07-30,2020-07-30,61.38984,56.017549,117.407389,11.487099,7.734713,16.514189,81.671388,117.407389,0.0,16.59,Summer,No
2020-07-31,2020-07-31,90.755018,56.359525,147.114543,10.450913,7.169293,16.811281,112.69,147.121487,-0.00694400000000428,16.84,Summer,No
2020-06-01,2020-06-01,90.611639,62.446302,153.057941,7.91161,5.479613,17.016718,122.674444,153.082385,-0.024443999999988364,16.36,Summer,Yes
2020-06-02,2020-06-02,76.324272,63.22052,139.544792,8.181032,7.155109,17.464485,106.744166,139.544792,0.0,15.99,Summer,No
2020-06-03,2020-06-03,53.623715,63.444328,117.068043,11.552205,8.394233,19.300771,77.863612,117.110821,-0.04277799999999843,12.57,Summer,No
2020-06-04,2020-06-04,74.802552,63.284272,138.086824,13.838987,8.550332,19.626948,96.095557,138.111824,-0.025000000000005684,11.07,Summer,No
2020-06-05,2020-06-05,55.911669,63.244068,119.155737,15.312741,8.365934,19.006783,76.485001,119.170459,-0.014721999999991908,10.51,Summer,No
2020-06-06,2020-06-06,51.930009,63.100734,115.030743,21.748416,6.807279,17.44727,69.027778,115.030743,0.0,9.58,Summer,No
2020-06-07,2020-06-07,86.174139,63.139164,149.313303,15.438448,6.366079,17.282387,110.226389,149.313303,0.0,11.27,Summer,No
2020-06-08,2020-06-08,143.882252,31.495926,175.378178,13.852678,8.380401,17.728987,135.416112,175.378178,0.0,11.16,Summer,No
2020-06-09,2020-06-09,148.401464,28.477521,176.878985,16.553687,8.642144,18.130653,133.60139,176.927874,-0.048889000000002625,11.14,Summer,No
2020-06-10,2020-06-10,100.528746,65.202778,165.731524,17.663776,8.710982,19.13121,120.258612,165.76458,-0.03305599999998776,11.34,Summer,No
2020-06-11,2020-06-11,72.315272,63.540178,135.85545,20.582032,8.55466,18.537925,88.199166,135.873783,-0.01833300000001259,12.48,Summer,No
2020-06-12,2020-06-12,91.379856,63.001724,154.38158,21.44618,8.104097,18.702138,106.129165,154.38158,0.0,12.92,Summer,No
2020-06-13,2020-06-13,97.047687,62.884332,159.932019,13.750207,5.991027,17.423562,122.767223,159.932019,0.0,14.02,Summer,No
2020-06-14,2020-06-14,107.226018,62.403957,169.629975,10.752902,5.640632,16.777829,136.458612,169.629975,0.0,14.54,Summer,No
2020-06-15,2020-06-15,114.940692,62.222265,177.162957,9.941315,7.81722,17.299145,142.105277,177.162957,0.0,14.46,Summer,No
2020-06-16,2020-06-16,116.755745,62.478247,179.233992,10.538812,8.211143,18.227926,142.256111,179.233992,0.0,13.57,Summer,No
2020-06-17,2020-06-17,121.113538,62.637771,183.751309,11.522938,8.399074,18.385407,145.44389,183.751309,0.0,13.56,Summer,No
2020-06-18,2020-06-18,115.266211,62.779389,178.0456,12.098484,8.288638,18.649311,139.009167,178.0456,0.0,13.9,Summer,No
2020-06-19,2020-06-19,109.851259,62.615194,172.466453,14.338344,8.138575,18.574534,131.415,172.466453,0.0,12.71,Summer,No
2020-06-20,2020-06-20,45.607634,62.344383,107.952017,12.290058,6.275083,17.262988,72.123888,107.952017,0.0,13.47,Summer,No
2020-06-21,2020-06-21,42.772681,62.243876,105.016557,10.52781,5.894083,16.498831,72.095833,105.016557,0.0,13.71,Summer,No
2020-06-22,2020-06-22,67.282972,62.095839,129.378811,12.651859,8.247091,17.772638,90.707223,129.378811,0.0,13.94,Summer,No
2020-06-23,2020-06-23,93.877762,62.099894,155.977656,12.41221,8.366076,18.050204,117.149166,155.977656,0.0,14.22,Summer,No
2020-06-24,2020-06-24,99.919488,62.058054,161.977542,10.4188,8.238311,18.431542,124.888889,161.977542,0.0,14.93,Summer,No
2020-06-25,2020-06-25,100.319758,62.067703,162.387461,9.073347,7.834113,18.204445,127.2825,162.394405,-0.00694400000000428,16.31,Summer,No
2020-06-26,2020-06-26,93.727303,62.238063,155.965366,9.546251,7.491525,17.92398,121.031388,155.993144,-0.02777800000001207,15.01,Summer,No
2020-06-27,2020-06-27,37.349145,62.266421,99.615566,10.645886,6.047037,16.605144,66.317499,99.615566,0.0,12.92,Summer,No
2020-06-28,2020-06-28,27.718408,62.09083,89.809238,13.103134,6.054852,16.577362,54.07389,89.809238,0.0,12.18,Summer,No
2020-06-29,2020-06-29,60.490824,62.051605,122.542429,17.494293,8.559464,18.100338,78.409167,122.563262,-0.020832999999996105,12.32,Summer,No
2020-06-30,2020-06-30,104.77942,61.980894,166.760314,14.33255,8.695357,18.604907,125.1275,166.760314,0.0,12.8,Summer,No
2020-03-01,2020-03-01,97.979432,67.66541,165.644842,56.623452,9.552416,17.738418,81.730556,165.644842,0.0,4.24,Spring,No
2020-03-02,2020-03-02,119.420115,67.617132,187.037247,64.221714,13.017335,18.257919,91.540279,187.037247,0.0,3.72,Spring,No
2020-03-03,2020-03-03,153.311827,67.618303,220.93013,59.900981,12.79594,18.63682,129.596389,220.93013,0.0,4.98,Spring,No
2020-03-04,2020-03-04,158.097299,67.570179,225.667478,57.354553,12.797577,18.230347,137.285001,225.667478,0.0,4.4,Spring,No
2020-03-05,2020-03-05,148.392851,67.49366,215.886511,58.974736,12.915,18.192886,125.803889,215.886511,0.0,3.69,Spring,No
2020-03-06,2020-03-06,117.325392,67.223053,184.548445,57.975801,11.969648,18.256885,96.346111,184.548445,0.0,5.77,Spring,No
2020-03-07,2020-03-07,74.591638,67.338268,141.929906,47.978785,8.914886,17.995958,67.040277,141.929906,0.0,9.69,Spring,No
2020-03-08,2020-03-08,72.995421,67.075652,140.071073,48.279476,9.155076,17.524021,65.1125,140.071073,0.0,6.78,Spring,No
2020-03-09,2020-03-09,95.603497,67.147905,162.751402,58.586146,11.770862,16.96134,75.433054,162.751402,0.0,8.03,Spring,No
2020-03-10,2020-03-10,93.544222,66.069466,159.613688,49.697584,11.844348,17.482032,80.589724,159.613688,0.0,9.24,Spring,No
2020-03-11,2020-03-11,97.749838,64.607657,162.357495,55.220255,12.420855,19.01583,75.700555,162.357495,0.0,6.41,Spring,No
2020-03-12,2020-03-12,102.020836,65.728194,167.74903,61.075064,12.990114,18.654686,75.029166,167.74903,0.0,5.11,Spring,No
2020-03-13,2020-03-13,128.263953,67.100888,195.364841,54.855869,11.662992,18.770703,110.075277,195.364841,0.0,6.59,Spring,No
2020-03-14,2020-03-14,71.651213,66.935265,138.586478,47.20653,9.231717,18.309063,63.839168,138.586478,0.0,8.08,Spring,No
2020-03-15,2020-03-15,84.892102,66.843353,151.735455,45.874281,9.083295,17.80899,78.968889,151.735455,0.0,6.41,Spring,No
2020-03-16,2020-03-16,89.853138,66.736866,156.590004,52.643202,10.751956,18.622903,74.571943,156.590004,0.0,6.32,Spring,No
2020-03-17,2020-03-17,88.999821,66.700063,155.699884,42.434361,9.136614,17.596964,86.531945,155.699884,0.0,8.8,Spring,Yes
2020-03-18,2020-03-18,142.545575,66.648952,209.194527,49.857983,11.878053,18.202656,129.255835,209.194527,0.0,5.64,Spring,No
2020-03-19,2020-03-19,129.881516,66.578746,196.460262,50.035804,12.046491,19.504356,114.873611,196.460262,0.0,4.86,Spring,No
2020-03-20,2020-03-20,111.420709,66.441185,177.861894,52.094221,11.658721,19.308118,94.800834,177.861894,0.0,4.92,Spring,No
2020-03-21,2020-03-21,99.021941,66.525662,165.547603,50.512131,9.418978,19.278717,86.337777,165.547603,0.0,5.48,Spring,No
2020-03-22,2020-03-22,85.241657,66.296063,151.53772,41.603943,8.857213,17.579343,83.497221,151.53772,0.0,6.41,Spring,No
2020-03-23,2020-03-23,91.060705,66.300423,157.361128,44.635518,11.056976,18.158079,83.510555,157.361128,0.0,7.42,Spring,No
2020-03-24,2020-03-24,61.557383,66.139262,127.696645,39.864949,10.746292,18.331515,58.753889,127.696645,0.0,9.09,Spring,No
2020-03-25,2020-03-25,117.1017,49.627018,166.728718,35.057377,10.39313,18.006544,103.271667,166.728718,0.0,9.06,Spring,No
2020-03-26,2020-03-26,95.441056,63.942837,159.383893,35.523705,10.575245,18.139664,95.145279,159.383893,0.0,7.74,Spring,No
2020-03-27,2020-03-27,84.462064,66.703387,151.165451,40.194149,10.11156,17.981965,82.877777,151.165451,0.0,7.83,Spring,No
2020-03-28,2020-03-28,58.005459,63.633368,121.638827,37.883359,8.256735,16.858178,58.640555,121.638827,0.0,7.6,Spring,No
2020-03-29,2020-03-29,74.681687,66.198931,140.880618,44.621747,8.861693,17.530233,69.866945,140.880618,0.0,4.73,Spring,No
2020-03-30,2020-03-30,104.243045,66.070915,170.31396,50.806784,11.112358,18.427594,89.967224,170.31396,0.0,5.77,Spring,No
2020-03-31,2020-03-31,118.45905,66.025539,184.484589,43.465328,10.553858,18.372347,112.093056,184.484589,0.0,6.91,Spring,No
2020-05-01,2020-05-01,97.191911,63.875522,161.067433,27.816708,8.631246,18.235866,106.383613,161.067433,0.0,8.24,Spring,No
2020-05-02,2020-05-02,93.818653,63.778952,157.597605,22.393744,6.798305,18.061667,110.343889,157.597605,0.0,9.16,Spring,No
2020-05-03,2020-05-03,91.011823,63.687973,154.699796,18.8887,6.06005,17.224101,112.526945,154.699796,0.0,9.98,Spring,No
2020-05-04,2020-05-04,70.278528,63.589146,133.867674,19.001856,6.595077,17.03324,91.237501,133.867674,0.0,10.64,Spring,Yes
2020-05-05,2020-05-05,63.665011,63.450671,127.115682,22.448687,8.440795,18.723979,77.502221,127.115682,0.0,10.46,Spring,No
2020-05-06,2020-05-06,92.733761,63.327471,156.061232,20.557416,8.556001,19.228926,107.718889,156.061232,0.0,11.48,Spring,No
2020-05-07,2020-05-07,107.094072,63.372193,170.466265,18.089315,8.261826,18.430681,125.684443,170.466265,0.0,12.49,Spring,No
2020-05-08,2020-05-08,147.81147,30.108119,177.919589,15.241372,7.644824,18.690616,136.387222,177.964034,-0.04444499999999607,13.1,Spring,No
2020-05-09,2020-05-09,152.07828,4.657389,156.735669,12.029512,6.184688,18.230635,120.290834,156.735669,0.0,13.24,Spring,No
2020-05-10,2020-05-10,72.892147,44.077993,116.97014,21.187406,6.80356,17.485841,71.493333,116.97014,0.0,10.01,Spring,No
2020-05-11,2020-05-11,92.411882,66.131805,158.543687,25.271467,9.499527,18.439637,105.366945,158.577576,-0.033888999999987846,6.93,Spring,No
2020-05-12,2020-05-12,108.325911,64.957339,173.28325,24.233654,9.403994,18.874212,120.783334,173.295194,-0.011943999999999733,7.73,Spring,No
2020-05-13,2020-05-13,110.170109,64.563106,174.733215,25.394514,9.698729,18.812195,120.851944,174.757382,-0.0241670000000056,7.58,Spring,No
2020-05-14,2020-05-14,116.95333,64.035682,180.989012,21.681515,8.730803,18.779194,131.825278,181.01679,-0.02777799999998365,7.91,Spring,No
2020-05-15,2020-05-15,123.228122,63.908049,187.136171,24.453596,8.251476,20.189432,134.274723,187.169227,-0.033056000000016184,9.46,Spring,No
2020-05-16,2020-05-16,105.209351,63.697628,168.906979,19.444836,6.409086,20.499447,122.569166,168.922535,-0.015556000000003678,10.58,Spring,No
2020-05-17,2020-05-17,64.316504,63.686937,128.003441,17.525612,6.20612,19.575877,84.727221,128.03483,-0.03138899999999012,11.91,Spring,No
2020-05-18,2020-05-18,69.90664,63.550629,133.457269,19.146439,8.244855,19.565975,86.524167,133.481436,-0.0241670000000056,12.68,Spring,No
2020-05-19,2020-05-19,105.571313,63.46399,169.035303,13.453435,8.355143,19.689502,127.537223,169.035303,0.0,13.9,Spring,No
2020-05-20,2020-05-20,125.878246,25.426026,151.304272,12.423803,8.059667,19.863581,110.957221,151.304272,0.0,13.93,Spring,No
2020-05-21,2020-05-21,75.46626,66.653583,142.119843,14.533026,8.153056,20.02515,99.408889,142.120121,-0.0002780000000086602,12.52,Spring,No
2020-05-22,2020-05-22,47.790775,64.442155,112.23293,16.467315,7.73777,19.990625,68.042776,112.238486,-0.005555999999998562,11.81,Spring,No
2020-05-23,2020-05-23,39.730948,63.881604,103.612552,18.13194,6.38144,18.856395,60.242777,103.612552,0.0,11.2,Spring,No
2020-05-24,2020-05-24,67.218858,63.616419,130.835277,12.283026,5.803138,17.608835,95.140278,130.835277,0.0,12.89,Spring,No
2020-05-25,2020-05-25,85.012258,63.570343,148.582601,13.429469,8.012565,18.581125,108.559442,148.582601,0.0,12.2,Spring,No
2020-05-26,2020-05-26,112.564995,63.266692,175.831687,11.730402,8.139322,18.590297,137.371666,175.831687,0.0,13.47,Spring,No
2020-05-27,2020-05-27,103.801766,63.046019,166.847785,10.756965,8.151431,18.419667,129.558055,166.886118,-0.03833300000002282,14.23,Spring,No
2020-05-28,2020-05-28,77.76696,62.589023,140.355983,9.795354,7.776186,18.163889,104.657221,140.39265,-0.03666699999999423,16.82,Spring,No
2020-05-29,2020-05-29,66.490054,58.939002,125.429056,9.295623,7.050541,18.322613,90.792501,125.461278,-0.0322219999999902,17.09,Spring,No
2020-05-30,2020-05-30,64.768206,61.131757,125.899963,8.195174,5.398253,18.12098,94.216667,125.931074,-0.03111099999999567,16.52,Spring,No
2020-05-31,2020-05-31,70.48486,62.734538,133.219398,7.825315,5.150731,17.285018,102.989445,133.250509,-0.03111099999998146,16.77,Spring,No
2020-11-01,2020-11-01,66.24253,52.298847,118.541377,32.241594,7.485838,14.667,64.146945,118.541377,0.0,10.53,Autumn,No
2020-11-02,2020-11-02,95.663421,52.325815,147.989236,43.994237,10.869393,16.613938,76.511668,147.989236,0.0,7.7,Autumn,No
2020-11-03,2020-11-03,128.997059,50.540426,179.537485,48.186915,11.441117,17.995564,101.913889,179.537485,0.0,6.54,Autumn,No
2020-11-04,2020-11-04,144.200528,52.308609,196.509137,49.073065,11.14346,17.620667,118.671945,196.509137,0.0,6.71,Autumn,No
2020-11-05,2020-11-05,151.161308,52.312422,203.47373,47.229478,11.064222,17.057807,128.122223,203.47373,0.0,7.52,Autumn,No
2020-11-06,2020-11-06,129.12917,52.338471,181.467641,43.26866,10.149172,18.202031,109.847778,181.467641,0.0,8.07,Autumn,No
2020-11-07,2020-11-07,111.25713,52.313853,163.570983,38.018835,8.02557,17.603245,99.923333,163.570983,0.0,9.42,Autumn,No
2020-11-08,2020-11-08,93.525085,52.288849,145.813934,30.39709,7.499794,16.750661,91.166389,145.813934,0.0,12.18,Autumn,No
2020-11-09,2020-11-09,114.688742,52.328674,167.017416,33.902416,9.935002,17.298054,105.881944,167.017416,0.0,12.23,Autumn,No
2020-11-10,2020-11-10,99.085335,51.817828,150.903163,35.793055,9.982066,18.271377,86.856665,150.903163,0.0,10.73,Autumn,No
2020-11-11,2020-11-11,83.495646,49.462494,132.95814,37.479211,9.905405,18.262134,67.31139,132.95814,0.0,11.2,Autumn,No
2020-11-12,2020-11-12,87.054443,52.087931,139.142374,40.514194,10.340515,18.623777,69.663888,139.142374,0.0,9.34,Autumn,No
2020-11-13,2020-11-13,101.819401,52.322516,154.141917,44.005359,10.132146,18.510524,81.493888,154.141917,0.0,8.22,Autumn,No
2020-11-14,2020-11-14,73.202131,52.31501,125.517141,36.610293,7.752749,16.951321,64.202778,125.517141,0.0,10.18,Autumn,No
2020-11-15,2020-11-15,73.603194,52.316482,125.919676,38.845628,8.165947,16.295601,62.6125,125.919676,0.0,8.87,Autumn,No
2020-11-16,2020-11-16,90.18589,52.412153,142.598043,43.889528,10.546215,16.937576,71.224724,142.598043,0.0,9.94,Autumn,No
2020-11-17,2020-11-17,86.497766,49.883434,136.3812,37.317404,10.097099,17.456142,71.510555,136.3812,0.0,12.92,Autumn,No
2020-11-18,2020-11-18,87.049935,52.323239,139.373174,41.750708,10.914558,16.484019,70.223889,139.373174,0.0,9.76,Autumn,No
2020-11-19,2020-11-19,122.458266,52.361947,174.820213,47.473007,11.367186,16.552799,99.427221,174.820213,0.0,7.0,Autumn,No
2020-11-20,2020-11-20,83.998307,52.34027,136.338577,42.902941,9.965977,16.630771,66.838888,136.338577,0.0,10.61,Autumn,No
2020-11-21,2020-11-21,96.777705,52.329744,149.107449,37.137672,8.126535,15.065464,88.777778,149.107449,0.0,9.33,Autumn,No
2020-11-22,2020-11-22,118.14462,52.345391,170.490011,42.812904,8.588502,14.138049,104.950556,170.490011,0.0,6.29,Autumn,No
2020-11-23,2020-11-23,94.153993,52.414687,146.56868,48.020421,10.28473,15.330474,72.933055,146.56868,0.0,8.94,Autumn,No
2020-11-24,2020-11-24,128.344828,52.416612,180.76144,44.847851,10.821985,16.037994,109.05361,180.76144,0.0,8.44,Autumn,No
2020-11-25,2020-11-25,151.663831,52.421055,204.084886,51.067625,11.644766,15.727497,125.644998,204.084886,0.0,6.09,Autumn,No
2020-11-26,2020-11-26,168.565271,52.42326,220.988531,53.785578,11.718221,16.209732,139.275,220.988531,0.0,5.78,Autumn,No
2020-11-27,2020-11-27,166.351476,52.385723,218.737199,55.529297,11.340673,16.801396,135.065833,218.737199,0.0,5.34,Autumn,No
2020-11-28,2020-11-28,135.653901,52.261812,187.915713,46.215105,8.544483,15.879458,117.276667,187.915713,0.0,6.84,Autumn,No
2020-11-29,2020-11-29,126.127631,52.349983,178.477614,41.040322,8.035482,14.685421,114.716389,178.477614,0.0,8.53,Autumn,No
2020-11-30,2020-11-30,131.080242,52.355443,183.435685,49.168143,10.586913,15.248962,108.431667,183.435685,0.0,8.89,Autumn,No
2020-10-01,2020-10-01,115.078661,53.275301,168.353962,31.921627,9.907491,17.677622,108.847222,168.353962,0.0,7.9,Autumn,No
2020-10-02,2020-10-02,83.870579,53.269363,137.139942,30.857585,9.417927,17.553598,79.310832,137.139942,0.0,9.58,Autumn,No
2020-10-03,2020-10-03,88.6709,53.269507,141.940407,30.850305,7.528101,16.964224,86.597777,141.940407,0.0,9.36,Autumn,No
2020-10-04,2020-10-04,77.923065,53.269689,131.192754,33.477731,7.529854,16.575725,73.609444,131.192754,0.0,10.18,Autumn,No
2020-10-05,2020-10-05,81.134978,53.270145,134.405123,32.177206,9.526952,16.122631,76.578334,134.405123,0.0,11.54,Autumn,No
2020-10-06,2020-10-06,91.149107,52.48838,143.637487,31.145267,9.74487,17.07596,85.67139,143.637487,0.0,11.36,Autumn,No
2020-10-07,2020-10-07,114.599976,51.499104,166.09908,32.482666,9.862173,17.004798,106.749443,166.09908,0.0,10.63,Autumn,No
2020-10-08,2020-10-08,104.084739,52.76756,156.852299,30.67556,9.865991,17.616582,98.694166,156.852299,0.0,10.49,Autumn,No
2020-10-09,2020-10-09,110.833645,52.794648,163.628293,35.698242,9.851384,18.034224,100.044443,163.628293,0.0,9.21,Autumn,No
2020-10-10,2020-10-10,87.899904,52.757676,140.65758,32.140423,7.697236,17.190477,83.629444,140.65758,0.0,9.82,Autumn,No
2020-10-11,2020-10-11,97.09,52.776122,149.866122,28.983339,7.117353,16.217375,97.548055,149.866122,0.0,9.96,Autumn,No
2020-10-12,2020-10-12,110.255981,35.741601,145.997582,32.84208,9.792992,16.892509,86.470001,145.997582,0.0,10.78,Autumn,No
2020-10-13,2020-10-13,142.009938,23.407737,165.417675,35.746386,10.216963,16.588215,102.866111,165.417675,0.0,10.12,Autumn,No
2020-10-14,2020-10-14,120.594744,53.075733,173.670477,32.254415,9.968244,17.284207,114.163611,173.670477,0.0,10.21,Autumn,No
2020-10-15,2020-10-15,124.724058,52.883003,177.607061,34.970672,10.268141,17.536305,114.831943,177.607061,0.0,9.12,Autumn,No
2020-10-16,2020-10-16,155.074782,12.700677,167.775459,36.940392,10.094695,17.50565,103.234722,167.775459,0.0,8.89,Autumn,No
2020-10-17,2020-10-17,101.87528,52.176566,154.051846,33.694931,8.00806,17.497743,94.851112,154.051846,0.0,9.86,Autumn,No
2020-10-18,2020-10-18,95.730172,52.398563,148.128735,31.284102,7.652336,17.076741,92.115556,148.128735,0.0,10.47,Autumn,No
2020-10-19,2020-10-19,88.320038,52.336711,140.656749,35.502812,10.012832,16.76555,78.375555,140.656749,0.0,12.3,Autumn,No
2020-10-20,2020-10-20,83.547648,52.279758,135.827406,32.448597,9.961283,17.581691,75.835835,135.827406,0.0,12.44,Autumn,No
2020-10-21,2020-10-21,96.792586,53.27018,150.062766,33.77195,10.490725,17.403148,88.396943,150.062766,0.0,10.18,Autumn,No
2020-10-22,2020-10-22,108.211567,53.156357,161.367924,37.864716,10.726004,17.633594,95.14361,161.367924,0.0,8.36,Autumn,No
2020-10-23,2020-10-23,92.427255,52.946265,145.37352,36.565878,10.077192,17.352117,81.378333,145.37352,0.0,9.3,Autumn,No
2020-10-24,2020-10-24,74.139184,54.842074,128.981258,35.523216,8.060953,16.868756,68.528333,128.981258,0.0,9.59,Autumn,No
2020-10-25,2020-10-25,62.918971,52.701099,115.62007,33.178517,7.555608,15.993723,58.892222,115.62007,0.0,8.73,Autumn,No
2020-10-26,2020-10-26,82.971049,52.445051,135.4161,36.191398,8.334286,14.814861,76.075555,135.4161,0.0,9.39,Autumn,Yes
2020-10-27,2020-10-27,91.979819,52.344248,144.324067,38.087186,10.523606,16.109386,79.603889,144.324067,0.0,9.21,Autumn,No
2020-10-28,2020-10-28,96.045237,52.301672,148.346909,42.704549,10.772528,16.230387,78.639445,148.346909,0.0,8.09,Autumn,No
2020-10-29,2020-10-29,83.742985,52.354015,136.097,36.31233,9.852881,16.32679,73.604999,136.097,0.0,12.19,Autumn,No
2020-10-30,2020-10-30,91.39918,52.339388,143.738568,34.355911,9.661302,16.314132,83.407223,143.738568,0.0,10.16,Autumn,No
2020-10-31,2020-10-31,57.275663,52.315561,109.591224,31.896681,7.768075,15.528412,54.398056,109.591224,0.0,10.67,Autumn,No
2020-09-01,2020-09-01,81.732405,55.1546,136.887005,13.882354,8.981417,16.733234,97.29,136.887005,0.0,15.09,Autumn,No
2020-09-02,2020-09-02,77.743114,55.135926,132.87904,13.821994,8.771309,17.253237,93.0325,132.87904,0.0,16.09,Autumn,No
2020-09-03,2020-09-03,83.911066,55.093163,139.004229,13.395106,8.751211,17.319023,99.538889,139.004229,0.0,14.6,Autumn,No
2020-09-04,2020-09-04,99.901457,55.052202,154.953659,15.352639,8.549958,17.718007,113.333055,154.953659,0.0,13.19,Autumn,No
2020-09-05,2020-09-05,93.070058,55.018391,148.088449,15.759028,6.932856,17.229343,108.167222,148.088449,0.0,12.78,Autumn,No
2020-09-06,2020-09-06,96.46987,54.992561,151.462431,13.08274,6.386186,16.513504,115.480001,151.462431,0.0,14.02,Autumn,No
2020-09-07,2020-09-07,130.746854,10.303321,141.050175,14.508396,8.637599,17.049735,100.854445,141.050175,0.0,15.08,Autumn,No
2020-09-08,2020-09-08,147.39257,0.0,147.39257,11.824358,8.819318,17.405005,109.343889,147.39257,0.0,16.51,Autumn,No
2020-09-09,2020-09-09,152.892538,0.0,152.892538,13.406873,8.842381,17.74106,112.902224,152.892538,0.0,13.88,Autumn,No
2020-09-10,2020-09-10,150.088349,0.0,150.088349,16.198538,8.99743,17.529603,107.362778,150.088349,0.0,12.66,Autumn,No
2020-09-11,2020-09-11,138.022983,0.0,138.022983,17.883987,8.61878,17.649384,93.870832,138.022983,0.0,13.44,Autumn,No
2020-09-12,2020-09-12,105.458377,0.0,105.458377,14.853627,6.745139,16.141555,67.718056,105.458377,0.0,13.62,Autumn,No
2020-09-13,2020-09-13,78.597798,34.042103,112.639901,10.735021,6.233947,15.04621,80.624723,112.639901,0.0,16.29,Autumn,No
2020-09-14,2020-09-14,107.965929,53.225668,161.191597,11.845899,8.095741,16.648848,124.601109,161.191597,0.0,16.24,Autumn,No
2020-09-15,2020-09-15,114.077518,53.359326,167.436844,11.010686,8.118363,17.611683,130.696112,167.436844,0.0,16.93,Autumn,No
2020-09-16,2020-09-16,119.943674,40.538426,160.4821,11.126862,8.254027,16.588434,124.512777,160.4821,0.0,16.53,Autumn,No
2020-09-17,2020-09-17,106.521329,53.209158,159.730487,11.504509,8.573883,17.32015,122.331945,159.730487,0.0,15.68,Autumn,No
2020-09-18,2020-09-18,102.833267,53.225146,156.058413,14.443152,8.631228,18.42792,114.556113,156.058413,0.0,14.23,Autumn,No
2020-09-19,2020-09-19,100.207102,53.226658,153.43376,15.606358,7.202149,17.051364,113.573889,153.43376,0.0,12.79,Autumn,No
2020-09-20,2020-09-20,107.126196,53.274132,160.400328,14.838918,6.700809,16.480046,122.380555,160.400328,0.0,12.36,Autumn,No
2020-09-21,2020-09-21,109.714717,53.314846,163.029563,15.11706,8.813807,16.786752,122.311944,163.029563,0.0,12.99,Autumn,No
2020-09-22,2020-09-22,100.706229,53.317753,154.023982,16.317424,9.177233,16.561547,111.967778,154.023982,0.0,13.18,Autumn,No
2020-09-23,2020-09-23,114.194704,53.313915,167.508619,19.436596,9.479934,17.220145,121.371944,167.508619,0.0,9.79,Autumn,No
2020-09-24,2020-09-24,103.734668,53.309799,157.044467,27.824264,9.816026,17.932509,101.471668,157.044467,0.0,9.04,Autumn,No
2020-09-25,2020-09-25,106.37928,53.31335,159.69263,30.060839,9.784017,18.106108,101.741666,159.69263,0.0,9.37,Autumn,No
2020-09-26,2020-09-26,106.633886,53.299264,159.93315,27.493265,8.153941,17.413999,106.871945,159.93315,0.0,8.34,Autumn,No
2020-09-27,2020-09-27,106.797313,53.266453,160.063766,24.831639,7.28463,16.474162,111.473335,160.063766,0.0,9.77,Autumn,No
2020-09-28,2020-09-28,107.602775,53.273735,160.87651,22.685005,9.114162,16.99151,112.085833,160.87651,0.0,13.17,Autumn,No
2020-09-29,2020-09-29,98.654955,53.263417,151.918372,24.973191,9.638357,17.219046,100.087778,151.918372,0.0,10.88,Autumn,No
2020-09-30,2020-09-30,105.955426,53.272634,159.22806,26.8728,9.799012,17.238749,105.321666,159.232227,-0.004166999999995369,11.36,Autumn,No
2021-04-01,2021-04-01,122.304439,50.421019,172.725458,37.215507,10.843386,20.147121,104.519444,172.725458,0.0,9.42,Spring,No
2021-04-02,2021-04-02,128.795511,50.581938,179.377449,35.475865,10.161595,20.591656,113.148333,179.377449,0.0,8.01,Spring,No
2021-04-03,2021-04-03,131.993497,50.524679,182.518176,31.328196,8.464738,19.623853,123.101389,182.518176,0.0,7.21,Spring,No
2021-04-04,2021-04-04,85.961511,50.607504,136.569015,29.961514,7.855575,18.369426,80.3825,136.569015,0.0,7.11,Spring,No
2021-04-05,2021-04-05,95.902047,50.731534,146.633581,43.347354,9.648564,19.357385,74.280278,146.633581,0.0,5.2,Spring,Yes
2021-04-06,2021-04-06,132.241573,50.53008,182.771653,51.453888,12.184475,20.849402,98.283888,182.771653,0.0,3.96,Spring,No
2021-04-07,2021-04-07,137.218437,50.452664,187.671101,49.392705,11.713914,21.029759,105.534723,187.671101,0.0,5.73,Spring,No
2021-04-08,2021-04-08,118.786831,50.464428,169.251259,45.807854,11.498778,20.166016,91.778611,169.251259,0.0,7.14,Spring,No
2021-04-09,2021-04-09,136.712916,50.482736,187.195652,46.316674,11.612173,20.748193,108.518612,187.195652,0.0,5.48,Spring,No
2021-04-10,2021-04-10,129.973724,50.494574,180.468298,44.976038,10.006584,21.410398,104.075278,180.468298,0.0,3.09,Spring,No
2021-04-11,2021-04-11,120.460955,50.491541,170.952496,43.979189,9.439253,20.590166,96.943888,170.952496,0.0,3.86,Spring,No
2021-04-12,2021-04-12,144.64171,50.411263,195.052973,46.777429,11.603602,21.27083,115.401112,195.052973,0.0,6.31,Spring,No
2021-04-13,2021-04-13,141.481921,50.340104,191.822025,40.98505,11.275949,21.081581,118.479445,191.822025,0.0,6.91,Spring,No
2021-04-14,2021-04-14,131.411264,50.129356,181.54062,35.679911,10.919854,20.405022,114.535833,181.54062,0.0,7.66,Spring,No
2021-04-15,2021-04-15,114.933794,50.105892,165.039686,36.545275,10.673989,19.658201,98.162221,165.039686,0.0,8.11,Spring,No
2021-04-16,2021-04-16,102.271612,50.3226,152.594212,39.776742,10.702387,19.651749,82.463334,152.594212,0.0,7.59,Spring,No
2021-04-17,2021-04-17,69.86492,50.012589,119.877509,31.417592,8.360964,19.866453,60.2325,119.877509,0.0,8.51,Spring,No
2021-04-18,2021-04-18,96.866917,50.057284,146.924201,34.230093,8.27629,18.885039,85.532779,146.924201,0.0,8.84,Spring,No
2021-04-19,2021-04-19,118.945495,50.147701,169.093196,35.61467,10.714161,19.492698,103.271667,169.093196,0.0,8.82,Spring,No
2021-04-20,2021-04-20,119.963084,50.184222,170.147306,34.628823,10.927031,20.187563,104.403889,170.147306,0.0,9.04,Spring,No
2021-04-21,2021-04-21,104.571937,49.659612,154.231549,30.689262,10.54005,20.292792,92.709445,154.231549,0.0,9.54,Spring,No
2021-04-22,2021-04-22,99.235711,49.53128,148.766991,28.814268,10.480289,21.967155,87.505279,148.766991,0.0,10.07,Spring,No
2021-04-23,2021-04-23,88.348996,49.762365,138.111361,28.953206,9.675038,21.674228,77.808889,138.111361,0.0,10.17,Spring,No
2021-04-24,2021-04-24,71.535738,49.39729,120.933028,22.455478,7.324157,20.984782,70.168611,120.933028,0.0,11.82,Spring,No
2021-04-25,2021-04-25,79.036391,49.768933,128.805324,23.524199,7.596329,19.997852,77.686944,128.805324,0.0,10.6,Spring,No
2021-04-26,2021-04-26,93.696966,49.780023,143.476989,24.457811,9.980648,19.833807,89.204723,143.476989,0.0,9.77,Spring,No
2021-04-27,2021-04-27,96.411065,49.930601,146.341666,30.588035,10.568424,20.429929,84.755278,146.341666,0.0,9.24,Spring,No
2021-04-28,2021-04-28,108.20085,49.809903,158.010753,35.358969,11.033039,21.244579,90.374166,158.010753,0.0,8.17,Spring,No
2021-04-29,2021-04-29,113.423816,49.817087,163.240903,34.753621,11.030587,21.838362,95.618333,163.240903,0.0,6.98,Spring,No
2021-04-30,2021-04-30,119.36158,48.492378,167.853958,36.900989,10.538199,21.358658,99.056112,167.853958,0.0,6.37,Spring,No
2021-08-01,2021-08-01,82.081485,43.833164,125.914649,9.636976,5.548195,16.043645,94.685833,125.914649,0.0,14.13,Summer,No
2021-08-02,2021-08-02,96.494839,43.736235,140.231074,11.408899,6.22729,15.274328,107.331946,140.242463,-0.011388999999979887,13.28,Summer,Yes
2021-08-03,2021-08-03,100.256401,46.212227,146.468628,11.174269,7.483526,15.982499,111.861945,146.502239,-0.03361100000000761,14.69,Summer,No
2021-08-04,2021-08-04,87.180863,48.189114,135.369977,10.573922,7.401376,16.214122,101.218613,135.408033,-0.038055999999983214,15.46,Summer,No
2021-08-05,2021-08-05,83.771356,32.695343,116.466699,11.441574,7.640968,16.513601,80.903334,116.499477,-0.03277799999999331,15.78,Summer,No
2021-08-06,2021-08-06,60.338442,48.861672,109.200114,11.460472,7.588161,17.741203,72.43,109.219836,-0.01972200000000157,15.2,Summer,No
2021-08-07,2021-08-07,48.742892,47.18739,95.930282,11.606927,6.113631,16.868057,61.341667,95.930282,0.0,14.84,Summer,No
2021-08-08,2021-08-08,53.722444,47.309881,101.032325,10.494298,6.035491,16.544202,67.976667,101.050658,-0.01833299999999838,14.87,Summer,No
2021-08-09,2021-08-09,93.050512,45.809484,138.859996,12.045021,8.302274,17.661312,100.916389,138.924996,-0.06499999999999773,14.84,Summer,No
2021-08-10,2021-08-10,89.427448,47.409642,136.83709,11.332727,8.046762,18.344822,99.164168,136.888479,-0.05138900000000035,15.16,Summer,No
2021-08-11,2021-08-11,80.09777,47.367312,127.465082,11.10391,8.031916,18.217273,90.158332,127.511431,-0.04634900000000641,15.74,Summer,No
2021-08-12,2021-08-12,59.255259,47.336177,106.591436,11.498652,8.343858,18.265871,68.483055,106.591436,0.0,14.72,Summer,No
2021-08-13,2021-08-13,73.991106,47.291704,121.28281,11.109906,8.070403,17.256669,84.901388,121.338366,-0.05555599999999572,14.93,Summer,No
2021-08-14,2021-08-14,96.293416,47.328984,143.6224,11.496803,6.450864,16.387233,109.2875,143.6224,0.0,14.14,Summer,No
2021-08-15,2021-08-15,63.641854,47.313569,110.955423,10.504761,6.403631,15.538699,78.508332,110.955423,0.0,14.93,Summer,No
2021-08-16,2021-08-16,78.373777,48.249724,126.623501,13.467105,8.617606,17.635456,86.903334,126.623501,0.0,13.89,Summer,No
2021-08-17,2021-08-17,92.707836,47.451986,140.159822,12.757008,8.752162,18.135097,100.553333,140.1976,-0.037778000000002976,14.39,Summer,No
2021-08-18,2021-08-18,114.417023,48.319737,162.73676,14.329921,8.819569,17.746159,121.880278,162.775927,-0.03916699999999196,14.04,Summer,No
2021-08-19,2021-08-19,110.157627,45.921556,156.079183,12.392356,8.331495,16.993387,118.361945,156.079183,0.0,15.2,Summer,No
2021-08-20,2021-08-20,91.456941,47.080998,138.537939,12.440595,7.951605,17.547406,100.699722,138.639328,-0.10138900000001172,16.51,Summer,No
2021-08-21,2021-08-21,92.118985,47.088158,139.207143,11.219401,6.424654,16.985866,104.577222,139.207143,0.0,15.83,Summer,No
2021-08-22,2021-08-22,93.709937,47.066249,140.776186,10.374168,6.239986,15.550921,108.684444,140.849519,-0.07333299999999099,15.66,Summer,No
2021-08-23,2021-08-23,99.833672,47.076661,146.910333,10.840638,8.387415,17.020335,110.723056,146.971444,-0.061110999999982596,16.33,Summer,No
2021-08-24,2021-08-24,109.232636,46.963695,156.196331,10.807802,8.539308,17.757555,119.157499,156.262164,-0.06583300000002623,16.71,Summer,No
2021-08-25,2021-08-25,118.824498,40.196831,159.021329,10.331831,8.497166,16.590387,123.660001,159.079385,-0.058055999999993446,16.51,Summer,No
2021-08-26,2021-08-26,121.566399,40.194025,161.760424,10.277809,8.252078,16.957759,126.320556,161.808202,-0.04777799999999388,16.38,Summer,No
2021-08-27,2021-08-27,113.333862,47.1526,160.486462,10.567353,7.879554,17.749277,124.3575,160.553684,-0.06722200000001521,15.89,Summer,No
2021-08-28,2021-08-28,99.252796,47.1273,146.380096,9.494198,6.195809,18.209533,112.480556,146.380096,0.0,15.31,Summer,No
2021-08-29,2021-08-29,86.879383,47.135132,134.014515,8.671546,6.115207,17.066928,102.160834,134.014515,0.0,14.64,Summer,No
2021-08-30,2021-08-30,94.608589,47.114358,141.722947,12.516021,8.405685,18.00624,102.830834,141.75878,-0.03583299999999667,15.06,Summer,No
2021-08-31,2021-08-31,99.755321,47.665441,147.420762,14.595942,8.589548,17.976871,106.640278,147.802639,-0.3818770000000029,14.54,Summer,No
2021-12-01,2021-12-01,115.734489,46.226204,161.960693,58.177797,12.443002,13.943783,77.396111,161.960693,0.0,6.77,Winter,No
2021-12-02,2021-12-02,159.228294,46.044755,205.273049,60.307344,12.114474,14.337619,118.513612,205.273049,0.0,6.21,Winter,No
2021-12-03,2021-12-03,146.842204,46.098439,192.940643,56.040525,11.307984,14.112413,111.479721,192.940643,0.0,7.94,Winter,No
2021-12-04,2021-12-04,96.641745,46.126406,142.768151,56.964733,9.985901,14.834183,60.983334,142.768151,0.0,5.23,Winter,No
2021-12-05,2021-12-05,128.388798,46.07185,174.460648,55.01016,9.608421,13.624845,96.217222,174.460648,0.0,5.09,Winter,No
2021-12-06,2021-12-06,124.988064,46.08517,171.073234,64.699153,11.358912,14.187114,80.828055,171.073234,0.0,5.84,Winter,No
2021-12-07,2021-12-07,113.334122,46.001724,159.335846,65.417961,11.816276,12.172998,69.928611,159.335846,0.0,5.47,Winter,No
2021-12-08,2021-12-08,123.774242,46.041739,169.815981,69.479726,12.724261,15.040884,72.57111,169.815981,0.0,5.56,Winter,No
2021-12-09,2021-12-09,130.032651,46.006259,176.03891,63.271211,12.290196,15.114449,85.363054,176.03891,0.0,6.56,Winter,No
2021-12-10,2021-12-10,139.230764,45.973748,185.204512,66.043613,12.241115,15.072284,91.8475,185.204512,0.0,5.23,Winter,No
2021-12-11,2021-12-11,95.59095,45.91158,141.50253,47.523482,8.739432,13.897394,71.342222,141.50253,0.0,9.71,Winter,No
2021-12-12,2021-12-12,81.374054,45.869227,127.243281,41.146864,8.655075,12.842452,64.59889,127.243281,0.0,10.21,Winter,No
2021-12-13,2021-12-13,166.135511,46.05752,212.193031,55.010141,12.46862,13.603437,131.110833,212.193031,0.0,6.01,Winter,No
2021-12-14,2021-12-14,120.105373,45.875652,165.981025,56.055532,12.102911,13.625081,84.197501,165.981025,0.0,7.42,Winter,No
2021-12-15,2021-12-15,133.203691,45.885048,179.088739,50.728665,11.571289,13.377119,103.411666,179.088739,0.0,9.71,Winter,No
2021-12-16,2021-12-16,145.563016,45.917106,191.480122,50.701978,11.244936,12.864596,116.668612,191.480122,0.0,9.14,Winter,No
2021-12-17,2021-12-17,133.265428,45.970373,179.235801,53.321117,11.18644,12.442966,102.285278,179.235801,0.0,6.9,Winter,No
2021-12-18,2021-12-18,131.435948,45.915716,177.351664,48.440317,9.422536,12.174089,107.314722,177.351664,0.0,6.29,Winter,No
2021-12-19,2021-12-19,126.986502,45.892443,172.878945,49.087381,9.282584,11.810091,102.698889,172.878945,0.0,5.94,Winter,No
2021-12-20,2021-12-20,149.958689,45.836492,195.795181,56.83812,11.98235,11.914711,115.06,195.795181,0.0,5.71,Winter,No
2021-12-21,2021-12-21,128.638555,45.762457,174.401012,57.926446,11.770719,11.311069,93.392778,174.401012,0.0,6.5,Winter,No
2021-12-22,2021-12-22,93.830216,45.560608,139.390824,54.72077,10.86361,10.312279,63.494165,139.390824,0.0,8.64,Winter,No
2021-12-23,2021-12-23,97.210503,45.720576,142.931079,42.567539,8.537639,9.56729,82.293889,142.966357,-0.03527799999997683,10.66,Winter,No
2021-12-24,2021-12-24,76.028489,45.676038,121.704527,43.227952,7.129483,7.324035,64.055279,121.736749,-0.032222000000004414,8.78,Winter,No
2021-12-25,2021-12-25,62.857571,45.657011,108.514582,38.456547,6.312933,5.333713,58.4525,108.555693,-0.041111000000000786,8.61,Winter,Yes
2021-12-26,2021-12-26,93.12044,45.654902,138.775342,37.016977,6.852257,7.36083,87.590556,138.82062,-0.045277999999996155,7.9,Winter,Yes
2021-12-27,2021-12-27,107.454018,45.642707,153.096725,44.400859,7.537118,8.959303,92.286667,153.183947,-0.08722199999999702,6.94,Winter,No
2021-12-28,2021-12-28,108.869748,45.60075,154.470498,45.137982,7.820251,10.291709,91.296389,154.546331,-0.07583300000001714,7.27,Winter,No
2021-12-29,2021-12-29,60.079505,45.378836,105.458341,41.084957,7.781015,9.607092,47.051388,105.524452,-0.06611099999999226,10.74,Winter,No
2021-12-30,2021-12-30,86.113385,45.402942,131.516327,37.20554,7.637758,10.016918,76.695833,131.556049,-0.0397220000000118,11.94,Winter,No
2021-12-31,2021-12-31,58.432466,35.708641,94.141107,34.429567,6.670917,8.486179,44.585833,94.172496,-0.03138899999999012,12.28,Winter,No
2021-02-01,2021-02-01,128.464756,52.070381,180.535137,60.488536,11.740986,15.872005,92.43361,180.535137,0.0,5.89,Winter,No
2021-02-02,2021-02-02,115.65298,51.926541,167.579521,53.415565,11.22248,16.938698,86.002778,167.579521,0.0,7.72,Winter,No
2021-02-03,2021-02-03,126.263306,52.074386,178.337692,53.132158,11.523615,16.323863,97.358056,178.337692,0.0,6.63,Winter,No
2021-02-04,2021-02-04,132.298372,52.297427,184.595799,51.487643,11.350628,16.086416,105.671112,184.595799,0.0,7.03,Winter,No
2021-02-05,2021-02-05,139.796807,52.25609,192.052897,56.734918,11.455694,16.021451,107.840834,192.052897,0.0,5.17,Winter,No
2021-02-06,2021-02-06,132.071266,52.15904,184.230306,53.679369,9.526901,16.652091,104.371945,184.230306,0.0,5.26,Winter,No
2021-02-07,2021-02-07,94.240491,52.226405,146.466896,62.141259,10.23433,15.854363,58.236944,146.466896,0.0,3.58,Winter,No
2021-02-08,2021-02-08,136.274086,52.162369,188.436455,76.218321,13.519125,16.800676,81.898333,188.436455,0.0,2.0,Winter,No
2021-02-09,2021-02-09,150.222329,52.057539,202.279868,79.749928,13.852579,18.825695,89.851666,202.279868,0.0,1.43,Winter,No
2021-02-10,2021-02-10,160.498401,52.145495,212.643896,76.875961,13.745504,19.036043,102.986388,212.643896,0.0,0.4,Winter,No
2021-02-11,2021-02-11,137.028137,52.119578,189.147715,83.208948,13.777615,18.726707,73.434445,189.147715,0.0,1.53,Winter,No
2021-02-12,2021-02-12,119.667658,52.01644,171.684098,78.794767,12.907597,18.494511,61.487223,171.684098,0.0,3.31,Winter,No
2021-02-13,2021-02-13,106.502799,51.727183,158.229982,70.857153,10.042274,16.943332,60.387223,158.229982,0.0,6.17,Winter,No
2021-02-14,2021-02-14,79.034288,51.709257,130.743545,51.996066,8.480734,15.380634,54.886111,130.743545,0.0,9.34,Winter,No
2021-02-15,2021-02-15,86.732011,51.762876,138.494887,49.043904,10.891848,16.762191,61.796944,138.494887,0.0,9.47,Winter,No
2021-02-16,2021-02-16,87.013668,51.925429,138.939097,47.54996,11.224142,17.581939,62.583056,138.939097,0.0,8.68,Winter,No
2021-02-17,2021-02-17,97.535088,51.881348,149.416436,50.099517,11.788719,17.989311,69.538889,149.416436,0.0,7.11,Winter,No
2021-02-18,2021-02-18,95.560581,51.719908,147.280489,54.125521,11.801596,17.813373,63.539999,147.280489,0.0,5.69,Winter,No
2021-02-19,2021-02-19,91.236532,51.598631,142.835163,50.760713,10.310076,17.312429,64.451945,142.835163,0.0,8.74,Winter,No
2021-02-20,2021-02-20,64.898736,51.696237,116.594973,44.747561,8.686836,16.446965,46.713611,116.594973,0.0,8.38,Winter,No
2021-02-21,2021-02-21,82.632264,51.878382,134.510646,40.63769,8.700391,15.449788,69.722777,134.510646,0.0,7.43,Winter,No
2021-02-22,2021-02-22,92.832342,51.557916,144.390258,47.96805,11.141767,17.284608,67.995833,144.390258,0.0,7.29,Winter,No
2021-02-23,2021-02-23,93.596303,51.54733,145.143633,47.638369,10.691442,18.278266,68.535556,145.143633,0.0,10.49,Winter,No
2021-02-24,2021-02-24,107.895734,51.747175,159.642909,46.641835,11.133559,17.646959,84.220556,159.642909,0.0,9.0,Winter,No
2021-02-25,2021-02-25,141.063892,51.700289,192.764181,48.57193,11.821104,18.18837,114.182777,192.764181,0.0,6.33,Winter,No
2021-02-26,2021-02-26,134.16601,51.592517,185.758527,48.259382,11.110298,17.879957,108.50889,185.758527,0.0,7.27,Winter,No
2021-02-27,2021-02-27,134.943645,51.660866,186.604511,41.906537,8.831342,16.964409,118.902223,186.604511,0.0,7.98,Winter,No
2021-02-28,2021-02-28,122.702475,51.659475,174.36195,39.363826,8.807837,16.37862,109.811667,174.36195,0.0,6.36,Winter,No
2021-01-01,2021-01-01,125.331867,52.431649,177.763516,60.474399,9.26539,9.925951,98.097776,177.763516,0.0,3.66,Winter,Yes
2021-01-02,2021-01-02,132.508172,52.300254,184.808426,64.746362,9.470571,11.390381,99.201112,184.808426,0.0,2.61,Winter,No
2021-01-03,2021-01-03,134.545402,52.170024,186.715426,66.02239,9.541151,12.039941,99.111944,186.715426,0.0,1.73,Winter,No
2021-01-04,2021-01-04,156.790863,52.124654,208.915517,72.30533,11.995513,13.343564,111.27111,208.915517,0.0,2.68,Winter,No
2021-01-05,2021-01-05,164.430692,52.228934,216.659626,71.389752,12.557585,14.178676,118.533613,216.659626,0.0,2.61,Winter,No
2021-01-06,2021-01-06,192.560716,52.270287,244.831003,73.706697,13.146564,14.548577,143.429165,244.831003,0.0,1.13,Winter,No
2021-01-07,2021-01-07,185.290992,52.284481,237.575473,77.560438,13.114868,15.097666,131.802501,237.575473,0.0,1.91,Winter,No
2021-01-08,2021-01-08,196.539926,52.304092,248.844018,79.779528,12.90206,15.062153,141.100277,248.844018,0.0,1.13,Winter,No
2021-01-09,2021-01-09,166.73582,52.247689,218.983509,73.225374,10.682921,14.231324,120.84389,218.983509,0.0,0.8,Winter,No
2021-01-10,2021-01-10,116.133041,52.190095,168.323136,64.186434,9.467648,13.379053,81.290001,168.323136,0.0,4.79,Winter,No
2021-01-11,2021-01-11,99.038357,52.204953,151.24331,63.441041,11.547213,13.941724,62.313332,151.24331,0.0,7.73,Winter,No
2021-01-12,2021-01-12,141.815948,52.208415,194.024363,57.105655,11.216854,14.5238,111.178054,194.024363,0.0,7.57,Winter,No
2021-01-13,2021-01-13,133.235346,52.196962,185.432308,50.643205,10.61325,13.77363,110.402223,185.432308,0.0,9.5,Winter,No
2021-01-14,2021-01-14,150.762997,52.197229,202.960226,52.749824,11.396263,13.44886,125.365279,202.960226,0.0,7.04,Winter,No
2021-01-15,2021-01-15,106.60541,52.193826,158.799236,60.48914,10.796249,14.137736,73.376111,158.799236,0.0,5.62,Winter,No
2021-01-16,2021-01-16,80.938612,52.211168,133.14978,51.264718,8.761069,12.126214,60.997779,133.14978,0.0,7.39,Winter,No
2021-01-17,2021-01-17,117.475834,52.218515,169.694349,55.355455,9.080669,12.54017,92.718055,169.694349,0.0,5.42,Winter,No
2021-01-18,2021-01-18,138.868026,52.189759,191.057785,58.867663,11.108165,13.501122,107.580835,191.057785,0.0,6.88,Winter,No
2021-01-19,2021-01-19,163.2332,2.722017,165.955217,50.68173,10.692405,13.425526,91.155556,165.955217,0.0,8.71,Winter,No
2021-01-20,2021-01-20,162.361265,29.154419,191.515684,58.884287,12.005999,14.204287,106.421111,191.515684,0.0,4.33,Winter,No
2021-01-21,2021-01-21,151.069189,52.481773,203.550962,63.588476,12.342745,14.671964,112.947777,203.550962,0.0,3.62,Winter,No
2021-01-22,2021-01-22,161.575771,52.309962,213.885733,68.39074,12.235364,15.16824,118.091389,213.885733,0.0,2.32,Winter,No
2021-01-23,2021-01-23,174.476745,21.85061,196.327355,64.446743,10.565783,14.490385,106.824444,196.327355,0.0,0.91,Winter,No
2021-01-24,2021-01-24,165.835609,30.868502,196.704111,66.698504,10.627538,14.037513,105.340556,196.704111,0.0,0.96,Winter,No
2021-01-25,2021-01-25,153.315138,52.038613,205.353751,74.365836,12.768697,14.434495,103.784723,205.353751,0.0,1.72,Winter,No
2021-01-26,2021-01-26,145.053799,52.060444,197.114243,61.221803,11.390445,15.543106,108.958889,197.114243,0.0,7.08,Winter,No
2021-01-27,2021-01-27,128.188267,52.068028,180.256295,52.289029,10.958533,14.928456,102.080277,180.256295,0.0,8.82,Winter,No
2021-01-28,2021-01-28,102.985038,52.098733,155.083771,48.358006,10.732789,16.211031,79.781945,155.083771,0.0,9.64,Winter,No
2021-01-29,2021-01-29,108.641148,52.099789,160.740937,51.228344,10.635702,16.344391,82.5325,160.740937,0.0,7.87,Winter,No
2021-01-30,2021-01-30,92.995109,52.024351,145.01946,57.02039,9.527553,15.284295,63.187222,145.01946,0.0,5.3,Winter,No
2021-01-31,2021-01-31,111.532031,52.078687,163.610718,58.143601,9.509759,14.603191,81.354167,163.610718,0.0,4.59,Winter,No
2021-07-01,2021-07-01,97.40503,48.266882,145.671912,10.972592,8.526644,18.71351,107.459166,145.671912,0.0,13.99,Summer,No
2021-07-02,2021-07-02,89.435553,48.031494,137.467047,10.988844,7.746187,18.608405,100.123611,137.467047,0.0,14.48,Summer,No
2021-07-03,2021-07-03,71.578479,47.613159,119.191638,10.076423,5.897,18.558494,84.659721,119.191638,0.0,15.19,Summer,No
2021-07-04,2021-07-04,71.376055,47.884765,119.26082,10.049153,5.653768,17.4429,86.114999,119.26082,0.0,14.94,Summer,No
2021-07-05,2021-07-05,132.548536,8.394356,140.942892,11.143771,8.052055,18.045398,103.701668,140.942892,0.0,13.63,Summer,No
2021-07-06,2021-07-06,140.040325,0.0,140.040325,12.898388,8.275391,20.004045,98.862501,140.040325,0.0,13.48,Summer,No
2021-07-07,2021-07-07,141.884219,0.0,141.884219,11.437923,8.21758,18.617883,103.610833,141.884219,0.0,14.68,Summer,No
2021-07-08,2021-07-08,145.928723,0.0,145.928723,11.527239,8.264572,19.114134,107.022778,145.928723,0.0,14.14,Summer,No
2021-07-09,2021-07-09,145.326103,0.0,145.326103,12.040324,7.962768,19.4894,105.833611,145.326103,0.0,14.88,Summer,No
2021-07-10,2021-07-10,123.490158,0.0,123.490158,9.854049,6.335471,18.460915,88.839723,123.490158,0.0,15.47,Summer,No
2021-07-11,2021-07-11,126.943553,0.0,126.943553,11.115847,6.358201,17.499783,91.969722,126.943553,0.0,14.9,Summer,No
2021-07-12,2021-07-12,140.750359,0.0,140.750359,11.030159,8.24068,17.610909,103.868611,140.750359,0.0,15.71,Summer,No
2021-07-13,2021-07-13,145.604416,0.0,145.604416,10.582586,8.237435,17.378562,109.405833,145.604416,0.0,15.67,Summer,No
2021-07-14,2021-07-14,137.670879,0.0,137.670879,10.004678,8.220785,17.102082,102.343334,137.670879,0.0,16.07,Summer,No
2021-07-15,2021-07-15,146.602998,0.0,146.602998,9.681414,8.044606,17.279755,111.597223,146.602998,0.0,16.77,Summer,No
2021-07-16,2021-07-16,145.135996,0.0,145.135996,8.800968,7.543575,17.539232,111.260277,145.144052,-0.008055999999982077,18.08,Summer,No
2021-07-17,2021-07-17,139.116441,0.0,139.116441,7.044399,5.60626,16.580504,109.885278,139.116441,0.0,19.44,Summer,No
2021-07-18,2021-07-18,136.856357,0.0,136.856357,6.743893,5.549324,16.283974,108.279166,136.856357,0.0,18.42,Summer,No
2021-07-19,2021-07-19,141.522647,0.0,141.522647,8.007463,7.351862,16.239434,109.923888,141.522647,0.0,18.36,Summer,No
2021-07-20,2021-07-20,140.371947,0.0,140.371947,7.94547,7.130067,15.979465,109.328056,140.383058,-0.011110999999999649,18.78,Summer,No
2021-07-21,2021-07-21,136.340111,0.0,136.340111,7.991031,6.971377,15.42298,105.970556,136.355944,-0.01583299999998644,20.51,Summer,No
2021-07-22,2021-07-22,137.325259,0.0,137.325259,7.59146,6.863937,16.023196,106.865277,137.34387,-0.01861100000002125,21.32,Summer,No
2021-07-23,2021-07-23,131.962505,0.0,131.962505,7.550402,6.458894,15.999875,101.975556,131.984727,-0.022221999999999298,20.63,Summer,No
2021-07-24,2021-07-24,127.032453,0.0,127.032453,7.036208,5.157702,15.735488,99.103055,127.032453,0.0,18.76,Summer,No
2021-07-25,2021-07-25,123.06155,0.0,123.06155,6.845404,5.199564,14.417416,96.599166,123.06155,0.0,17.99,Summer,No
2021-07-26,2021-07-26,138.643119,0.0,138.643119,8.589623,7.099733,15.909319,107.07,138.668675,-0.025555999999994583,16.29,Summer,No
2021-07-27,2021-07-27,134.06597,0.0,134.06597,9.323499,7.487292,15.536289,101.72639,134.07347,-0.007499999999993179,15.53,Summer,No
2021-07-28,2021-07-28,113.393165,1.060349,114.453514,11.036567,7.68113,16.110817,79.625,114.453514,0.0,13.83,Summer,No
2021-07-29,2021-07-29,114.201358,21.213331,135.414689,10.661386,7.496521,17.266784,99.989998,135.414689,0.0,13.87,Summer,No
2021-07-30,2021-07-30,76.502895,39.780437,116.283332,11.69047,7.262251,17.85589,79.474721,116.283332,0.0,14.56,Summer,No
2021-07-31,2021-07-31,89.532594,43.98529,133.517884,9.946009,5.736822,17.232553,100.6025,133.517884,0.0,14.94,Summer,No
2021-06-01,2021-06-01,102.748213,39.9749,142.723113,12.62948,8.594248,20.147996,101.351389,142.723113,0.0,13.04,Summer,No
2021-06-02,2021-06-02,108.271318,39.819995,148.091313,13.522949,8.557426,19.955937,106.055001,148.091313,0.0,13.33,Summer,No
2021-06-03,2021-06-03,90.021962,39.723604,129.745566,13.463756,8.518532,20.9705,86.792778,129.745566,0.0,13.48,Summer,No
2021-06-04,2021-06-04,93.786542,39.777987,133.564529,13.779239,8.227767,20.993635,90.563888,133.564529,0.0,12.89,Summer,No
2021-06-05,2021-06-05,101.495846,39.843992,141.339838,12.824006,6.473375,20.261068,101.781389,141.339838,0.0,12.84,Summer,No
2021-06-06,2021-06-06,104.908272,39.677693,144.585965,12.29361,6.02895,19.283682,106.979723,144.585965,0.0,12.04,Summer,No
2021-06-07,2021-06-07,79.571463,39.57775,119.149213,12.384242,6.674493,18.822977,81.267501,119.149213,0.0,13.21,Summer,Yes
2021-06-08,2021-06-08,81.254828,39.461377,120.716205,13.220514,8.337344,19.656125,79.502222,120.716205,0.0,14.73,Summer,No
2021-06-09,2021-06-09,82.646871,39.510785,122.157656,12.320717,8.287409,20.055642,81.493888,122.157656,0.0,15.51,Summer,No
2021-06-10,2021-06-10,69.160852,39.514424,108.675276,11.710859,8.32169,20.155505,68.487222,108.675276,0.0,15.6,Summer,No
2021-06-11,2021-06-11,90.035436,39.628301,129.663737,11.80128,8.018629,20.062994,89.780834,129.663737,0.0,14.29,Summer,No
2021-06-12,2021-06-12,90.71046,39.439791,130.150251,10.397374,6.369398,19.91848,93.464999,130.150251,0.0,14.32,Summer,No
2021-06-13,2021-06-13,81.485841,39.623724,121.109565,8.989491,6.139205,18.23448,87.746389,121.109565,0.0,16.13,Summer,No
2021-06-14,2021-06-14,100.180462,39.602703,139.783165,11.474887,8.268442,18.674281,101.365555,139.783165,0.0,13.59,Summer,No
2021-06-15,2021-06-15,83.560724,39.431399,122.992123,11.070099,8.537638,18.070775,85.313611,122.992123,0.0,13.47,Summer,No
2021-06-16,2021-06-16,101.631782,39.405708,141.03749,12.382792,8.609682,17.211682,102.833334,141.03749,0.0,13.4,Summer,No
2021-06-17,2021-06-17,102.35589,39.446309,141.802199,12.596936,8.6466,18.260885,102.297778,141.802199,0.0,12.44,Summer,No
2021-06-18,2021-06-18,109.904934,39.438866,149.3438,13.011002,8.095646,20.214652,108.0225,149.3438,0.0,11.11,Summer,No
2021-06-19,2021-06-19,98.832415,39.311249,138.143664,11.463633,6.474992,19.546706,100.658333,138.143664,0.0,12.2,Summer,No
2021-06-20,2021-06-20,85.431979,39.358334,124.790313,10.5741,6.213834,18.27738,89.724999,124.790313,0.0,13.87,Summer,No
2021-06-21,2021-06-21,88.242706,35.656849,123.899555,12.443308,8.678791,18.753845,84.023611,123.899555,0.0,12.77,Summer,No
2021-06-22,2021-06-22,106.401755,38.599664,145.001419,13.006867,9.149568,19.828873,103.016111,145.001419,0.0,11.17,Summer,No
2021-06-23,2021-06-23,99.876249,48.493906,148.370155,13.960366,8.749479,19.737533,105.922777,148.370155,0.0,13.51,Summer,No
2021-06-24,2021-06-24,80.189222,48.648528,128.83775,12.989157,8.856048,19.776157,87.216388,128.83775,0.0,13.99,Summer,No
2021-06-25,2021-06-25,81.426857,48.524595,129.951452,17.884185,8.53392,19.935847,83.5975,129.951452,0.0,11.74,Summer,No
2021-06-26,2021-06-26,80.169534,48.439957,128.609491,14.782774,6.798249,19.504855,87.523613,128.609491,0.0,12.29,Summer,No
2021-06-27,2021-06-27,72.660525,48.31222,120.972745,11.312512,6.367593,18.296807,84.995833,120.972745,0.0,13.87,Summer,No
2021-06-28,2021-06-28,89.525015,48.335727,137.860742,11.77649,8.493935,18.624484,98.965833,137.860742,0.0,14.17,Summer,No
2021-06-29,2021-06-29,84.283078,48.426965,132.710043,10.766124,8.562016,19.618015,93.763888,132.710043,0.0,14.19,Summer,No
2021-06-30,2021-06-30,96.373751,48.374291,144.748042,10.933289,8.58083,19.413922,105.820001,144.748042,0.0,13.82,Summer,No
2021-03-01,2021-03-01,132.983355,51.494211,184.477566,50.396323,11.442428,17.586869,105.051946,184.477566,0.0,5.33,Spring,No
2021-03-02,2021-03-02,154.646101,51.509859,206.15596,55.28858,11.936235,18.825035,120.10611,206.15596,0.0,4.78,Spring,No
2021-03-03,2021-03-03,164.85135,51.57202,216.42337,58.019228,11.991776,19.349587,127.062779,216.42337,0.0,4.86,Spring,No
2021-03-04,2021-03-04,163.923192,51.555305,215.478497,60.481253,12.052301,19.497722,123.447221,215.478497,0.0,4.38,Spring,No
2021-03-05,2021-03-05,165.190435,51.502203,216.692638,60.856351,11.908008,19.771336,124.156943,216.692638,0.0,4.5,Spring,No
2021-03-06,2021-03-06,146.353406,51.384731,197.738137,51.853056,9.702909,18.662171,117.520001,197.738137,0.0,4.71,Spring,No
2021-03-07,2021-03-07,144.553993,51.369123,195.923116,47.262323,9.182486,17.847473,121.630834,195.923116,0.0,5.07,Spring,No
2021-03-08,2021-03-08,142.930003,51.31206,194.242063,50.791856,11.379118,18.947756,113.123333,194.242063,0.0,7.02,Spring,No
2021-03-09,2021-03-09,111.647395,51.152406,162.799801,52.040466,11.197973,19.521918,80.039444,162.799801,0.0,8.39,Spring,No
2021-03-10,2021-03-10,97.346086,51.014683,148.360769,49.172435,11.086109,19.464724,68.637501,148.360769,0.0,8.84,Spring,No
2021-03-11,2021-03-11,100.027926,51.315379,151.343305,53.227827,11.900054,19.641257,66.574167,151.343305,0.0,6.13,Spring,No
2021-03-12,2021-03-12,122.043799,51.195572,173.239371,55.547602,11.538679,20.25059,85.9025,173.239371,0.0,5.3,Spring,No
2021-03-13,2021-03-13,89.773739,51.30469,141.078429,50.883044,9.406317,19.596291,61.192777,141.078429,0.0,5.06,Spring,No
2021-03-14,2021-03-14,77.937388,51.330539,129.267927,48.658249,8.685393,17.666508,54.257777,129.267927,0.0,7.79,Spring,No
2021-03-15,2021-03-15,132.295583,51.122557,183.41814,45.08125,10.278545,17.963901,110.094444,183.41814,0.0,9.77,Spring,No
2021-03-16,2021-03-16,131.518673,51.168776,182.687449,37.460071,10.235918,18.183404,116.808056,182.687449,0.0,9.92,Spring,No
2021-03-17,2021-03-17,120.029379,51.187554,171.216933,37.555175,8.994172,15.842863,108.824723,171.216933,0.0,7.53,Spring,Yes
2021-03-18,2021-03-18,122.381653,51.113884,173.495537,37.733016,9.97137,18.564761,107.22639,173.495537,0.0,9.17,Spring,No
2021-03-19,2021-03-19,137.213582,51.03385,188.247432,37.58418,9.877491,18.869093,121.916668,188.247432,0.0,8.83,Spring,No
2021-03-20,2021-03-20,117.286264,51.001383,168.287647,34.680854,8.173759,18.320256,107.112778,168.287647,0.0,8.33,Spring,No
2021-03-21,2021-03-21,117.330322,51.050212,168.380534,32.374911,8.054852,17.238549,110.712222,168.380534,0.0,8.37,Spring,No
2021-03-22,2021-03-22,133.74143,50.819109,184.560539,42.798612,10.618093,17.722723,113.421111,184.560539,0.0,8.42,Spring,No
2021-03-23,2021-03-23,107.219828,50.843485,158.063313,42.636364,10.841217,19.577955,85.02361,158.079146,-0.015833000000014863,8.61,Spring,No
2021-03-24,2021-03-24,110.798656,50.860068,161.658724,41.120498,10.983959,18.679267,90.875,161.658724,0.0,7.7,Spring,No
2021-03-25,2021-03-25,105.308498,50.817657,156.126155,41.606605,10.653342,19.292318,84.57389,156.126155,0.0,8.63,Spring,No
2021-03-26,2021-03-26,103.30274,50.902217,154.204957,49.995233,11.612058,20.6266,71.971066,154.204957,0.0,5.08,Spring,No
2021-03-27,2021-03-27,80.85782,48.127385,128.985205,44.612477,8.434047,18.524514,57.414167,128.985205,0.0,6.99,Spring,No
2021-03-28,2021-03-28,62.774133,50.404201,113.178334,33.714703,7.859484,17.672757,53.93139,113.178334,0.0,10.96,Spring,No
2021-03-29,2021-03-29,73.879729,50.456849,124.336578,30.525769,10.237237,19.32885,64.244722,124.336578,0.0,11.94,Spring,No
2021-03-30,2021-03-30,113.888229,50.568494,164.456723,27.478874,10.214462,20.441996,106.321391,164.456723,0.0,10.81,Spring,No
2021-03-31,2021-03-31,122.246406,50.606621,172.853027,28.034911,10.404787,19.929439,114.48389,172.853027,0.0,9.22,Spring,No
2021-05-01,2021-05-01,109.974842,49.722003,159.696845,31.027923,8.459133,21.132289,99.0775,159.696845,0.0,6.97,Spring,No
2021-05-02,2021-05-02,87.520041,49.576976,137.097017,28.263506,7.876633,20.351323,80.605555,137.097017,0.0,7.57,Spring,No
2021-05-03,2021-05-03,58.211548,49.437638,107.649186,36.555386,8.663863,19.298548,43.131389,107.649186,0.0,8.64,Spring,Yes
2021-05-04,2021-05-04,86.072596,44.490926,130.563522,37.779745,10.925002,21.100443,60.758332,130.563522,0.0,7.2,Spring,No
2021-05-05,2021-05-05,118.345251,48.585999,166.93125,40.143099,11.363816,21.882946,93.541389,166.93125,0.0,5.82,Spring,No
2021-05-06,2021-05-06,113.779983,49.695964,163.475947,36.768648,11.033657,21.928642,93.745,163.475947,0.0,6.0,Spring,No
2021-05-07,2021-05-07,97.403349,49.443037,146.846386,34.854784,10.458764,21.506449,80.026389,146.846386,0.0,6.83,Spring,No
2021-05-08,2021-05-08,62.563376,49.018033,111.581409,26.102508,7.796463,20.396326,57.286112,111.581409,0.0,10.67,Spring,No
2021-05-09,2021-05-09,57.018114,49.05392,106.072034,24.507329,7.27682,19.357885,54.93,106.072034,0.0,11.23,Spring,No
2021-05-10,2021-05-10,69.943226,49.063219,119.006445,28.611525,9.908851,19.288291,61.197778,119.006445,0.0,10.46,Spring,No
2021-05-11,2021-05-11,72.451195,48.008974,120.460169,25.810084,10.269513,19.811961,64.568611,120.460169,0.0,9.94,Spring,No
2021-05-12,2021-05-12,100.952995,42.906086,143.859081,29.227255,10.274624,19.032757,85.324445,143.859081,0.0,9.14,Spring,No
2021-05-13,2021-05-13,93.237978,39.308121,132.546099,25.781837,9.881471,19.494179,77.388612,132.546099,0.0,9.49,Spring,No
2021-05-14,2021-05-14,96.636763,39.303184,135.939947,26.754846,9.656991,19.926442,79.601668,135.939947,0.0,9.4,Spring,No
2021-05-15,2021-05-15,97.572824,39.352973,136.925797,26.228431,7.811187,19.608956,83.277223,136.925797,0.0,9.73,Spring,No
2021-05-16,2021-05-16,93.350676,39.038697,132.389373,21.346447,7.378073,19.397631,84.267222,132.389373,0.0,10.23,Spring,No
2021-05-17,2021-05-17,104.904177,38.790431,143.694608,25.672774,10.164691,19.958532,87.898611,143.694608,0.0,9.77,Spring,No
2021-05-18,2021-05-18,104.650705,39.018572,143.669277,25.794145,10.454359,21.086329,86.334444,143.669277,0.0,9.66,Spring,No
2021-05-19,2021-05-19,92.921903,39.023341,131.945244,23.033169,9.778421,20.968655,78.164999,131.945244,0.0,10.44,Spring,No
2021-05-20,2021-05-20,68.091322,40.75769,108.849012,31.094653,10.206225,21.866467,45.681667,108.849012,0.0,10.32,Spring,No
2021-05-21,2021-05-21,78.677687,40.473731,119.151418,34.495646,10.218125,21.776536,52.661111,119.151418,0.0,9.52,Spring,No
2021-05-22,2021-05-22,86.855156,40.273378,127.128534,26.003751,8.223728,21.177444,71.723611,127.128534,0.0,8.36,Spring,No
2021-05-23,2021-05-23,86.449489,40.238836,126.688325,28.887965,8.192686,20.141563,69.466111,126.688325,0.0,8.48,Spring,No
2021-05-24,2021-05-24,83.799765,40.311743,124.111508,28.057177,10.178964,20.211479,65.663888,124.111508,0.0,9.07,Spring,No
2021-05-25,2021-05-25,109.054927,40.247456,149.302383,27.327325,9.855448,20.49211,91.6275,149.302383,0.0,10.24,Spring,No
2021-05-26,2021-05-26,107.038234,40.160804,147.199038,21.914524,9.593098,19.060583,96.630833,147.199038,0.0,10.5,Spring,No
2021-05-27,2021-05-27,97.278282,40.138771,137.417053,23.824735,9.384795,19.401412,84.806111,137.417053,0.0,10.73,Spring,No
2021-05-28,2021-05-28,109.486276,39.984968,149.471244,24.851473,8.904697,19.560351,96.154723,149.471244,0.0,11.32,Spring,No
2021-05-29,2021-05-29,98.966889,39.92291,138.889799,16.145571,6.771604,20.176514,95.79611,138.889799,0.0,12.71,Spring,No
2021-05-30,2021-05-30,95.222045,39.758738,134.980783,12.813955,6.340182,19.738869,96.087777,134.980783,0.0,14.37,Spring,No
2021-05-31,2021-05-31,87.857986,39.793347,127.651333,13.618849,8.442477,19.722508,85.867499,127.651333,0.0,14.19,Spring,No
2021-11-01,2021-11-01,112.743377,47.103312,159.846689,43.575352,11.172996,15.765006,89.377502,159.890856,-0.04416700000001583,8.17,Autumn,No
2021-11-02,2021-11-02,119.8983,47.046277,166.944577,45.461489,11.438763,16.314047,93.730278,166.944577,0.0,7.46,Autumn,No
2021-11-03,2021-11-03,112.418597,47.077595,159.496192,47.663928,11.465702,16.51434,83.852222,159.496192,0.0,7.49,Autumn,No
2021-11-04,2021-11-04,126.797098,46.987007,173.784105,48.435123,11.523319,16.236218,97.589445,173.784105,0.0,7.36,Autumn,No
2021-11-05,2021-11-05,121.782563,46.903745,168.686308,45.234394,10.478506,16.157018,96.81639,168.686308,0.0,9.34,Autumn,No
2021-11-06,2021-11-06,73.412023,46.870328,120.282351,38.210991,8.418785,14.958685,58.69389,120.282351,0.0,10.72,Autumn,No
2021-11-07,2021-11-07,95.390979,46.738076,142.129055,37.403367,8.137702,14.471875,82.116111,142.129055,0.0,9.2,Autumn,No
2021-11-08,2021-11-08,96.280332,46.738016,143.018348,36.456443,10.117134,14.641993,81.802778,143.018348,0.0,12.78,Autumn,No
2021-11-09,2021-11-09,124.908028,46.833224,171.741252,33.958238,10.130642,14.917094,112.735278,171.741252,0.0,11.74,Autumn,No
2021-11-10,2021-11-10,133.812353,46.700048,180.512401,37.596257,10.695161,15.694593,116.52639,180.512401,0.0,9.28,Autumn,No
2021-11-11,2021-11-11,82.958899,46.565987,129.524886,38.098138,10.205404,15.117178,66.104166,129.524886,0.0,11.02,Autumn,No
2021-11-12,2021-11-12,79.387668,46.61279,126.000458,37.97532,10.038123,14.417017,63.569998,126.000458,0.0,11.37,Autumn,No
2021-11-13,2021-11-13,116.767362,46.434971,163.202333,31.94104,8.058481,14.031979,109.170833,163.202333,0.0,11.32,Autumn,No
2021-11-14,2021-11-14,99.186585,46.589647,145.776232,29.174981,7.720258,12.910159,95.970834,145.776232,0.0,12.44,Autumn,No
2021-11-15,2021-11-15,136.935484,46.528622,183.464106,36.741382,10.231042,14.399459,122.092223,183.464106,0.0,10.18,Autumn,No
2021-11-16,2021-11-16,103.326654,45.962246,149.2889,41.273542,10.61542,15.202993,82.196945,149.2889,0.0,9.72,Autumn,No
2021-11-17,2021-11-17,110.00756,45.912114,155.919674,43.400405,10.612066,14.888592,87.018611,155.919674,0.0,9.68,Autumn,No
2021-11-18,2021-11-18,102.070413,46.455115,148.525528,38.053106,10.161128,14.531571,85.779723,148.525528,0.0,12.12,Autumn,No
2021-11-19,2021-11-19,116.588961,46.448856,163.037817,37.602147,10.119166,14.315947,101.000557,163.037817,0.0,11.03,Autumn,No
2021-11-20,2021-11-20,91.203695,46.482449,137.686144,36.085064,8.466828,13.782029,79.352223,137.686144,0.0,9.67,Autumn,No
2021-11-21,2021-11-21,108.489463,46.309724,154.799187,44.073376,9.205561,14.38136,87.13889,154.799187,0.0,6.12,Autumn,No
2021-11-22,2021-11-22,170.030659,45.911953,215.942612,55.513383,12.504425,14.990915,132.933889,215.942612,0.0,4.89,Autumn,No
2021-11-23,2021-11-23,162.957837,45.940237,208.898074,57.364475,12.72063,15.117968,123.695001,208.898074,0.0,5.08,Autumn,No
2021-11-24,2021-11-24,144.65302,45.749592,190.402612,59.124818,12.719336,14.992346,103.566112,190.402612,0.0,5.39,Autumn,No
2021-11-25,2021-11-25,143.38219,45.698077,189.080267,62.296245,12.47313,14.787558,99.523334,189.080267,0.0,5.34,Autumn,No
2021-11-26,2021-11-26,103.224503,46.213794,149.438297,62.826731,11.907015,14.831218,59.873333,149.438297,0.0,6.73,Autumn,No
2021-11-27,2021-11-27,129.215708,46.200243,175.415951,60.010626,10.379979,15.038678,89.986668,175.415951,0.0,4.13,Autumn,No
2021-11-28,2021-11-28,133.169785,46.161629,179.331414,56.629815,9.529398,14.306923,98.865278,179.331414,0.0,5.66,Autumn,No
2021-11-29,2021-11-29,136.975915,46.147582,183.123497,58.360422,11.647006,14.329124,98.786945,183.123497,0.0,7.82,Autumn,No
2021-11-30,2021-11-30,109.755566,46.135092,155.890658,51.311665,11.249721,14.587328,78.741944,155.890658,0.0,9.88,Autumn,No
2021-10-01,2021-10-01,71.370964,47.519783,118.890747,24.658131,9.165984,17.191633,67.923055,118.938803,-0.04805599999998833,10.89,Autumn,No
2021-10-02,2021-10-02,74.724793,47.45123,122.176023,23.633035,7.278671,16.312651,74.994444,122.218801,-0.04277799999999843,9.94,Autumn,No
2021-10-03,2021-10-03,68.033691,47.418683,115.452374,23.691352,7.106223,14.465077,70.2375,115.500152,-0.04777799999999388,10.84,Autumn,No
2021-10-04,2021-10-04,104.441316,47.466779,151.908095,28.22411,9.812012,15.369751,98.502222,151.908095,0.0,10.26,Autumn,No
2021-10-05,2021-10-05,88.058876,47.073875,135.132751,28.453349,10.077959,16.732554,79.908889,135.172751,-0.03999999999999204,10.68,Autumn,No
2021-10-06,2021-10-06,90.044016,46.973844,137.01786,28.85105,9.837137,14.849672,83.514723,137.052582,-0.03472199999998793,12.34,Autumn,No
2021-10-07,2021-10-07,71.590131,47.183195,118.773326,20.236248,9.251518,14.617505,74.708611,118.813882,-0.04055600000000936,16.2,Autumn,No
2021-10-08,2021-10-08,64.986732,46.993023,111.979755,18.978618,8.787841,15.091351,69.185278,112.043088,-0.06333300000000008,15.64,Autumn,No
2021-10-09,2021-10-09,92.502213,47.292359,139.794572,16.810906,7.32726,15.196129,100.460277,139.794572,0.0,14.13,Autumn,No
2021-10-10,2021-10-10,89.331851,47.242423,136.574274,19.379265,7.575314,14.051639,95.631112,136.63733,-0.0630559999999889,11.2,Autumn,No
2021-10-11,2021-10-11,108.415012,47.152558,155.56757,25.770761,10.149362,15.204114,104.481944,155.606181,-0.03861100000000306,10.5,Autumn,No
2021-10-12,2021-10-12,114.267367,47.112367,161.379734,26.383866,9.96536,15.553008,109.530278,161.432512,-0.05277799999998933,11.54,Autumn,No
2021-10-13,2021-10-13,112.748756,47.140097,159.888853,28.138708,9.900316,15.95205,105.92639,159.917464,-0.028610999999983733,11.54,Autumn,No
2021-10-14,2021-10-14,101.056465,47.092078,148.148543,27.822346,9.61104,16.297935,94.4275,148.158821,-0.010277999999999565,12.74,Autumn,No
2021-10-15,2021-10-15,121.295794,43.742687,165.038481,28.349696,9.346808,16.791422,110.562222,165.050148,-0.01166700000001697,10.94,Autumn,No
2021-10-16,2021-10-16,95.933913,18.421155,114.355068,24.395462,7.251814,16.005848,66.736111,114.389235,-0.034166999999996506,12.4,Autumn,No
2021-10-17,2021-10-17,67.024941,48.639498,115.664439,19.657259,6.949074,15.358939,73.764723,115.729995,-0.06555600000000084,14.11,Autumn,No
2021-10-18,2021-10-18,62.202005,47.258729,109.460734,19.878306,9.274155,15.405217,64.945,109.502678,-0.04194400000000087,15.3,Autumn,No
2021-10-19,2021-10-19,73.346688,37.660366,111.007054,19.347266,9.553896,16.974503,65.190278,111.065943,-0.05888900000000774,14.84,Autumn,No
2021-10-20,2021-10-20,107.80405,28.263801,136.067851,27.241098,10.138123,16.502518,82.186112,136.067851,0.0,10.21,Autumn,No
2021-10-21,2021-10-21,104.230519,44.603851,148.83437,34.831053,10.716407,16.822743,86.511111,148.881314,-0.04694399999999632,8.43,Autumn,No
2021-10-22,2021-10-22,103.664324,48.767425,152.431749,34.292102,9.751826,17.070598,91.317223,152.431749,0.0,9.89,Autumn,No
2021-10-23,2021-10-23,55.168104,47.664607,102.832711,29.316694,7.233084,15.228489,51.11,102.888267,-0.05555599999999572,11.87,Autumn,No
2021-10-24,2021-10-24,52.24561,47.664607,99.910217,23.305992,6.933153,14.350238,55.372778,99.962161,-0.051943999999991775,12.34,Autumn,No
2021-10-25,2021-10-25,77.30957,47.333786,124.643356,28.653696,8.266833,14.183382,73.635834,124.739745,-0.09638900000000206,10.17,Autumn,Yes
2021-10-26,2021-10-26,63.12101,47.0898,110.21081,27.656064,9.631044,14.738701,58.264168,110.289977,-0.07916699999999821,13.99,Autumn,No
2021-10-27,2021-10-27,89.117599,47.232587,136.350186,25.016202,9.641916,15.870402,85.859999,136.388519,-0.0383329999999944,14.41,Autumn,No
2021-10-28,2021-10-28,117.104392,47.16601,164.270402,25.014757,9.716981,15.257052,114.281612,164.270402,0.0,12.19,Autumn,No
2021-10-29,2021-10-29,110.528237,47.14382,157.672057,29.366493,9.763024,16.065316,102.477224,157.672057,0.0,9.36,Autumn,No
2021-10-30,2021-10-30,86.967068,49.033117,136.000185,30.593956,8.637402,15.557716,81.273889,136.062963,-0.06277800000000866,8.62,Autumn,No
2021-10-31,2021-10-31,62.967748,47.073891,110.041639,33.459,7.612901,14.362239,54.674166,110.108306,-0.06666699999999537,9.19,Autumn,No
2021-09-01,2021-09-01,97.465327,47.840631,145.305958,13.291133,8.385229,17.287095,106.373334,145.336791,-0.03083300000000122,14.66,Autumn,No
2021-09-02,2021-09-02,100.49107,47.861602,148.352672,14.599788,8.258869,18.104571,107.428055,148.391283,-0.03861099999997464,14.29,Autumn,No
2021-09-03,2021-09-03,99.741904,47.857995,147.599899,14.717941,7.919674,17.290062,107.722778,147.650455,-0.05055600000000027,14.48,Autumn,No
2021-09-04,2021-09-04,68.009496,47.859691,115.869187,11.977409,6.053249,16.571583,81.32139,115.923631,-0.05444400000000371,15.32,Autumn,No
2021-09-05,2021-09-05,63.407227,47.853555,111.260782,9.347756,6.050359,17.287389,78.64,111.325504,-0.06472199999998907,16.49,Autumn,No
2021-09-06,2021-09-06,86.526948,47.858128,134.385076,8.709125,8.436578,17.308539,99.983612,134.437854,-0.05277799999998933,17.3,Autumn,No
2021-09-07,2021-09-07,75.27557,47.626479,122.902049,8.327085,8.352417,18.009768,88.270001,122.959271,-0.05722199999999589,18.14,Autumn,No
2021-09-08,2021-09-08,83.868095,47.862216,131.730311,8.325001,8.313011,19.013967,96.144721,131.7967,-0.06638899999998671,17.78,Autumn,No
2021-09-09,2021-09-09,91.254768,47.860202,139.11497,8.445297,8.127425,19.085303,103.517778,139.175803,-0.06083300000000236,16.94,Autumn,No
2021-09-10,2021-09-10,91.583895,47.856373,139.440268,9.196839,7.817384,18.938266,103.550557,139.503046,-0.06277800000000866,16.11,Autumn,No
2021-09-11,2021-09-11,87.323483,47.861375,135.184858,8.464511,6.370544,18.083969,102.32639,135.245414,-0.060556000000019594,14.43,Autumn,No
2021-09-12,2021-09-12,83.02308,47.860919,130.883999,11.708499,6.453159,17.66623,95.123055,130.950943,-0.06694400000000655,12.86,Autumn,No
2021-09-13,2021-09-13,87.633053,47.858718,135.491771,13.841226,8.198655,17.886057,95.591666,135.517604,-0.025833000000005768,14.51,Autumn,No
2021-09-14,2021-09-14,99.571289,47.852756,147.424045,12.243974,8.358665,18.208629,108.675833,147.487101,-0.0630559999999889,15.51,Autumn,No
2021-09-15,2021-09-15,102.664199,47.83034,150.494539,12.872752,8.472823,17.591186,111.586389,150.52315,-0.028610999999983733,14.38,Autumn,No
2021-09-16,2021-09-16,79.673103,47.640635,127.313738,12.747711,8.472875,17.594264,88.562777,127.377627,-0.0638890000000032,15.21,Autumn,No
2021-09-17,2021-09-17,96.380136,47.684944,144.06508,11.06562,8.283445,18.393793,106.350555,144.093413,-0.028333000000003494,15.62,Autumn,No
2021-09-18,2021-09-18,85.253277,47.751061,133.004338,11.135133,6.817804,17.31029,97.805,133.068227,-0.0638890000000174,12.76,Autumn,No
2021-09-19,2021-09-19,76.51765,47.688907,124.206557,10.593115,6.440533,16.685963,90.555557,124.275168,-0.06861099999998999,13.71,Autumn,No
2021-09-20,2021-09-20,95.956554,47.721223,143.677777,13.57898,8.521298,17.023332,104.621389,143.744999,-0.06722200000001521,14.43,Autumn,No
2021-09-21,2021-09-21,85.147014,47.710393,132.857407,13.845684,8.491648,16.643685,93.92139,132.902407,-0.045000000000015916,14.69,Autumn,No
2021-09-22,2021-09-22,69.569542,47.656178,117.22572,11.016652,8.2808,16.548824,81.454166,117.300442,-0.07472200000000839,15.6,Autumn,No
2021-09-23,2021-09-23,78.135237,47.622674,125.757911,11.427583,8.402412,16.580695,89.399443,125.810133,-0.052222000000000435,14.93,Autumn,No
2021-09-24,2021-09-24,80.107679,47.554584,127.662263,10.701912,7.911863,16.28321,92.811111,127.708096,-0.04583300000000179,16.19,Autumn,No
2021-09-25,2021-09-25,77.696992,47.503697,125.200689,9.078432,6.246254,15.55878,94.377779,125.261245,-0.06055600000000538,16.28,Autumn,No
2021-09-26,2021-09-26,67.882136,47.6939,115.576036,10.118467,6.2716,14.488471,84.754165,115.632703,-0.056667000000004464,14.72,Autumn,No
2021-09-27,2021-09-27,70.975123,47.695543,118.670666,15.763896,9.004031,16.08385,77.866111,118.717888,-0.04722200000000498,11.18,Autumn,No
2021-09-28,2021-09-28,92.981126,47.679021,140.660147,20.605665,9.408011,16.666194,94.044999,140.724869,-0.06472200000001749,10.21,Autumn,No
2021-09-29,2021-09-29,87.963585,47.456497,135.420082,24.343765,9.592875,16.575665,84.969999,135.482304,-0.06222199999999134,10.31,Autumn,No
2021-09-30,2021-09-30,69.467378,47.528715,116.996093,22.483256,9.111639,15.716198,69.731389,117.042482,-0.0463890000000049,13.73,Autumn,No
2022-04-01,2022-04-01,138.909623,43.522183,182.431806,48.592282,11.654249,19.075276,103.178055,182.499862,-0.06805600000001277,4.6,Spring,No
2022-04-02,2022-04-02,122.441396,43.459315,165.900711,40.454549,9.555144,18.556573,97.436945,166.003211,-0.10249999999999204,6.14,Spring,No
2022-04-03,2022-04-03,104.743949,43.270021,148.01397,36.074324,8.731872,17.661105,85.603891,148.071192,-0.05722199999999589,6.22,Spring,No
2022-04-04,2022-04-04,82.952981,43.518209,126.47119,38.978936,10.573409,17.728291,59.27111,126.551746,-0.0805559999999872,10.42,Spring,No
2022-04-05,2022-04-05,85.248709,41.902949,127.151658,38.40561,11.123318,18.163841,59.544722,127.237491,-0.08583300000000804,9.96,Spring,No
2022-04-06,2022-04-06,91.463726,37.13069,128.594416,40.377294,11.461173,18.659004,58.181389,128.67886,-0.08444399999999064,8.16,Spring,No
2022-04-07,2022-04-07,123.700049,43.501947,167.201996,42.018918,12.072041,18.889371,94.286944,167.267274,-0.06527799999997796,6.62,Spring,No
2022-04-08,2022-04-08,148.001489,43.697517,191.699006,46.280341,12.417127,19.214038,113.849444,191.76095,-0.0619440000000111,4.27,Spring,No
2022-04-09,2022-04-09,137.626731,43.460046,181.086777,38.958647,9.983898,18.942564,113.280279,181.165388,-0.0786109999999951,5.33,Spring,No
2022-04-10,2022-04-10,72.780515,43.372263,116.152778,39.744769,8.921165,17.341568,50.236665,116.244167,-0.0913890000000066,7.74,Spring,No
2022-04-11,2022-04-11,99.061371,43.296787,142.358158,40.942613,11.07008,17.685464,72.783612,142.481769,-0.12361100000001102,9.66,Spring,No
2022-04-12,2022-04-12,173.257383,43.286539,216.543922,39.95484,10.971748,18.128167,147.598056,216.652811,-0.1088890000000049,10.02,Spring,No
2022-04-13,2022-04-13,150.214304,43.15954,193.373844,29.832973,10.306892,17.9687,135.341112,193.449677,-0.07583300000001714,11.06,Spring,No
2022-04-14,2022-04-14,123.604642,43.305783,166.910425,30.627708,10.312968,18.79197,107.30139,167.034036,-0.1236109999999826,11.06,Spring,No
2022-04-15,2022-04-15,138.316235,43.280129,181.596364,24.775301,9.295536,18.654693,128.949445,181.674975,-0.0786109999999951,11.77,Spring,No
2022-04-16,2022-04-16,93.605941,43.187192,136.793133,23.045965,8.129902,17.812266,87.884167,136.8723,-0.079166999999984,10.7,Spring,No
2022-04-17,2022-04-17,104.014349,43.313472,147.327821,25.830426,8.055427,17.562524,95.936666,147.385043,-0.05722199999999589,10.27,Spring,No
2022-04-18,2022-04-18,129.549365,43.282808,172.832173,29.437498,9.465584,17.774646,116.241389,172.919117,-0.08694399999998836,7.83,Spring,Yes
2022-04-19,2022-04-19,166.313227,43.263393,209.57662,31.378256,10.909315,18.820439,148.519999,209.628009,-0.05138900000000035,7.41,Spring,No
2022-04-20,2022-04-20,127.138433,43.207987,170.34642,28.078134,10.874284,18.075112,113.38389,170.41142,-0.06499999999999773,8.22,Spring,No
2022-04-21,2022-04-21,98.696038,42.873839,141.569877,25.318293,10.494082,17.792224,88.0225,141.627099,-0.05722199999999589,11.03,Spring,No
2022-04-22,2022-04-22,78.924241,43.030414,121.954655,27.983001,10.375705,17.554282,66.120278,122.033266,-0.0786109999999951,10.97,Spring,No
2022-04-23,2022-04-23,73.001288,42.986213,115.987501,25.926157,8.592555,17.141567,64.426111,116.08639,-0.09888899999999978,10.72,Spring,No
2022-04-24,2022-04-24,79.135549,42.960268,122.095817,22.522808,8.350389,16.913175,74.391112,122.177484,-0.08166700000001015,10.42,Spring,No
2022-04-25,2022-04-25,133.407419,42.952985,176.360404,28.30432,11.221624,18.479738,118.428055,176.433737,-0.07333300000001941,9.66,Spring,No
2022-04-26,2022-04-26,139.288553,42.922445,182.210998,28.538844,11.181034,19.470009,123.065278,182.255165,-0.04416700000001583,9.46,Spring,No
2022-04-27,2022-04-27,149.475619,40.272291,189.74791,27.677692,11.106826,19.123391,131.931112,189.839021,-0.09111100000001215,9.74,Spring,No
2022-04-28,2022-04-28,153.483885,42.401136,195.885021,29.215766,10.959765,20.474768,135.296666,195.946965,-0.0619440000000111,9.0,Spring,No
2022-04-29,2022-04-29,149.241333,42.890475,192.131808,27.326731,10.383043,19.820923,134.687222,192.217919,-0.08611099999998828,9.11,Spring,No
2022-04-30,2022-04-30,115.276132,42.831124,158.107256,26.192036,8.213367,19.15102,104.630277,158.1867,-0.07944399999999519,10.47,Spring,No
2022-08-01,2022-08-01,74.327636,39.790323,114.117959,8.686422,6.06537,15.505889,83.935556,114.193237,-0.07527799999999729,15.73,Summer,Yes
2022-08-02,2022-08-02,58.840533,39.221579,98.062112,8.430683,7.090867,15.35056,67.261946,98.134056,-0.071944000000002,17.77,Summer,No
2022-08-03,2022-08-03,104.164758,38.041611,142.206369,8.946976,7.448559,15.686112,110.171944,142.253591,-0.04722200000000498,15.52,Summer,No
2022-08-04,2022-08-04,93.41584,40.218791,133.634631,10.138189,7.614653,16.442623,99.519166,133.714631,-0.07999999999998408,13.67,Summer,No
2022-08-05,2022-08-05,99.753347,40.233571,139.986918,10.441935,7.489674,16.586421,105.512777,140.030807,-0.04388900000000717,13.76,Summer,No
2022-08-06,2022-08-06,92.624193,40.349472,132.973665,9.166711,6.31247,16.414762,101.116666,133.010609,-0.036943999999976995,14.51,Summer,No
2022-08-07,2022-08-07,96.290452,40.69881,136.989262,8.088376,5.95949,16.043895,106.980001,137.071762,-0.08250000000001023,15.47,Summer,No
2022-08-08,2022-08-08,123.264741,40.551382,163.816123,8.822857,7.511374,15.798282,131.748888,163.881401,-0.06527800000000639,15.97,Summer,No
2022-08-09,2022-08-09,128.062741,40.49537,168.558111,8.47845,7.808286,15.361096,136.976946,168.624778,-0.06666699999999537,17.0,Summer,No
2022-08-10,2022-08-10,128.169844,40.469366,168.63921,8.349878,7.682197,15.807137,136.870831,168.710043,-0.07083300000002168,17.13,Summer,No
2022-08-11,2022-08-11,117.959434,40.404305,158.363739,7.969724,7.466794,15.727499,127.26,158.424017,-0.06027799999998251,18.42,Summer,No
2022-08-12,2022-08-12,127.888784,39.491389,167.380173,7.843996,7.15338,15.507241,136.956112,167.460729,-0.08055599999997298,19.03,Summer,No
2022-08-13,2022-08-13,127.564615,39.535965,167.10058,6.761828,5.997254,15.354277,139.062777,167.176136,-0.07555600000000595,19.44,Summer,No
2022-08-14,2022-08-14,123.35148,39.619321,162.970801,6.534082,5.696592,14.016239,136.811944,163.058857,-0.08805599999999458,18.76,Summer,No
2022-08-15,2022-08-15,115.563154,39.740941,155.304095,8.21494,8.011687,14.328856,124.833056,155.388539,-0.08444400000001906,16.68,Summer,No
2022-08-16,2022-08-16,97.747694,37.999824,135.747518,9.383463,8.576544,16.179733,101.792222,135.931962,-0.18444399999998495,14.78,Summer,No
2022-08-17,2022-08-17,120.363991,40.575978,160.939969,10.066932,8.570274,15.178874,127.301111,161.117191,-0.17722200000000043,13.59,Summer,No
2022-08-18,2022-08-18,107.668826,40.391252,148.060078,9.661263,8.329531,15.217897,115.050554,148.259245,-0.19916699999998855,16.07,Summer,No
2022-08-19,2022-08-19,94.362689,39.470395,133.833084,10.113631,7.917314,15.735195,100.266666,134.032806,-0.19972199999997997,14.84,Summer,No
2022-08-20,2022-08-20,76.275437,39.809905,116.085342,8.593458,6.666188,15.718196,85.2975,116.275342,-0.18999999999999773,15.74,Summer,No
2022-08-21,2022-08-21,120.016202,39.707089,159.723291,8.428609,6.422353,15.725383,129.316668,159.893013,-0.16972200000000726,14.77,Summer,No
2022-08-22,2022-08-22,129.038863,39.440165,168.479028,9.017723,8.043457,15.688959,135.932222,168.682361,-0.20333299999998644,16.92,Summer,No
2022-08-23,2022-08-23,134.124737,38.230101,172.354838,8.867953,8.134664,16.614721,138.940833,172.558171,-0.20333299999998644,16.71,Summer,No
2022-08-24,2022-08-24,123.595287,39.504519,163.099806,9.60049,8.315188,16.198571,129.19139,163.305639,-0.2058330000000126,15.12,Summer,No
2022-08-25,2022-08-25,131.085214,39.624118,170.709332,9.933302,8.274793,16.659571,136.030555,170.898221,-0.1888890000000174,14.59,Summer,No
2022-08-26,2022-08-26,148.0402,39.631844,187.672044,10.193536,7.973284,16.746891,152.907777,187.821488,-0.14944399999998836,14.41,Summer,No
2022-08-27,2022-08-27,136.243331,39.466968,175.710299,8.80725,6.557315,16.372955,144.178612,175.916132,-0.2058330000000126,14.92,Summer,No
2022-08-28,2022-08-28,113.823777,39.272894,153.096671,8.647577,6.355887,16.082929,122.208889,153.295282,-0.19861099999999965,16.27,Summer,No
2022-08-29,2022-08-29,115.066618,39.199554,154.266172,9.216785,7.946933,16.160788,121.122777,154.447283,-0.18111099999998714,17.54,Summer,No
2022-08-30,2022-08-30,116.908182,39.385133,156.293315,9.387822,8.152933,16.319504,122.679167,156.539426,-0.24611099999998487,16.59,Summer,No
2022-08-31,2022-08-31,108.781025,39.600408,148.381433,9.753872,8.119883,15.538235,115.19611,148.6081,-0.22666700000002038,15.26,Summer,No
2022-12-01,2022-12-01,142.28673,38.567731,180.854461,40.299826,10.271617,14.170796,116.302778,181.045017,-0.19055600000001505,9.87,Winter,No
2022-12-02,2022-12-02,157.490073,37.929056,195.419129,42.064395,10.306727,14.991897,128.270554,195.633573,-0.2144440000000145,8.26,Winter,No
2022-12-03,2022-12-03,147.465014,38.108256,185.57327,39.917364,8.924043,14.34714,122.621112,185.809659,-0.23638900000000262,6.97,Winter,No
2022-12-04,2022-12-04,106.561822,38.036874,144.598696,44.528274,9.153205,13.415273,77.658888,144.75564,-0.15694400000000996,5.33,Winter,No
2022-12-05,2022-12-05,148.173944,38.079218,186.253162,51.406496,11.604614,14.687053,108.793332,186.491495,-0.23833299999998303,6.27,Winter,No
2022-12-06,2022-12-06,182.056222,38.090902,220.147124,53.123531,11.91895,15.953282,139.362194,220.357957,-0.21083300000000804,5.08,Winter,No
2022-12-07,2022-12-07,193.568921,38.081829,231.65075,58.378512,12.674534,15.882147,144.857779,231.792972,-0.14222200000000385,3.03,Winter,No
2022-12-08,2022-12-08,201.986633,38.146882,240.133515,63.841189,13.252154,15.365449,147.845834,240.304626,-0.17111100000002466,1.9,Winter,No
2022-12-09,2022-12-09,216.900703,38.158483,255.059186,70.715358,13.198922,15.576017,155.748333,255.23863,-0.1794439999999895,0.54,Winter,No
2022-12-10,2022-12-10,191.913594,38.115209,230.028803,64.114942,10.904768,15.263815,139.939445,230.22297,-0.1941669999999931,1.66,Winter,No
2022-12-11,2022-12-11,193.551225,38.157396,231.708621,62.137329,10.791677,14.699336,144.241668,231.87001,-0.161389000000014,0.47,Winter,No
2022-12-12,2022-12-12,209.250737,38.163987,247.414724,74.035692,13.358868,14.366275,145.783056,247.543891,-0.12916699999999537,-0.59,Winter,No
2022-12-13,2022-12-13,180.572677,38.095782,218.668459,70.987835,12.934814,13.390254,121.495,218.807903,-0.13944399999999746,1.47,Winter,No
2022-12-14,2022-12-14,200.967981,37.932264,238.900245,68.387775,13.303317,13.084432,144.187499,238.963023,-0.06277799999998024,1.38,Winter,No
2022-12-15,2022-12-15,223.458938,37.867162,261.3261,74.666492,13.719612,13.34583,159.716666,261.4486,-0.12250000000000227,0.32,Winter,No
2022-12-16,2022-12-16,203.290862,37.839991,241.130853,75.115511,12.774378,12.335964,141.025833,241.251686,-0.12083300000000463,1.11,Winter,No
2022-12-17,2022-12-17,158.324536,37.776244,196.10078,61.344807,9.837547,11.013148,113.941667,196.137169,-0.036389000000013993,3.96,Winter,No
2022-12-18,2022-12-18,86.943012,37.381583,124.324595,51.282048,8.258931,9.465005,55.455278,124.461262,-0.13666700000000276,8.4,Winter,No
2022-12-19,2022-12-19,81.225573,37.701434,118.927007,47.098987,10.16242,10.637822,51.173611,119.07284,-0.1458329999999961,10.57,Winter,No
2022-12-20,2022-12-20,92.432474,37.714595,130.147069,52.204741,11.137208,11.689008,55.198056,130.229013,-0.08194400000002133,6.86,Winter,No
2022-12-21,2022-12-21,128.014472,37.583394,165.597866,53.483239,10.545933,11.321472,90.294722,165.645366,-0.04749999999998522,7.07,Winter,No
2022-12-22,2022-12-22,165.308325,37.659482,202.967807,51.046632,10.480623,11.173886,130.391666,203.092807,-0.125,6.18,Winter,No
2022-12-23,2022-12-23,93.752877,37.520827,131.273704,48.236373,8.662532,10.313953,64.335002,131.54786,-0.27415599999997653,7.4,Winter,No
2022-12-24,2022-12-24,76.811304,37.56543,114.376734,42.92207,6.620878,7.530437,57.476666,114.550051,-0.17331699999999728,7.88,Winter,No
2022-12-25,2022-12-25,69.661326,37.724629,107.385955,37.38331,6.171451,5.863971,58.035001,107.453733,-0.06777800000000411,7.33,Winter,Yes
2022-12-26,2022-12-26,89.20883,37.688858,126.897688,48.409282,7.657647,8.127704,62.823611,127.018244,-0.12055599999999345,4.09,Winter,Yes
2022-12-27,2022-12-27,78.593003,37.46882,116.061823,46.026004,7.748081,9.078294,53.403888,116.256267,-0.19444399999999007,7.51,Winter,No
2022-12-28,2022-12-28,70.664719,37.561982,108.226701,44.889336,7.977935,9.818874,45.752223,108.438368,-0.2116669999999914,7.81,Winter,No
2022-12-29,2022-12-29,87.524989,37.520785,125.045774,49.108828,8.368377,9.856348,57.885554,125.219107,-0.17333299999999952,6.2,Winter,No
2022-12-30,2022-12-30,99.003527,37.508523,136.51205,44.70782,7.936177,9.173332,74.866388,136.683717,-0.17166700000001356,8.18,Winter,No
2022-12-31,2022-12-31,134.637432,37.570999,172.208431,41.883862,7.096014,8.669666,114.714167,172.363709,-0.1552780000000098,6.21,Winter,No
2022-02-01,2022-02-01,98.307296,44.698263,143.005559,51.0419,11.26701,13.457759,67.300834,143.067503,-0.06194399999998268,9.69,Winter,No
2022-02-02,2022-02-02,133.261707,44.74142,178.003127,49.006657,11.310599,12.499483,105.265555,178.082294,-0.079166999999984,9.03,Winter,No
2022-02-03,2022-02-03,96.007582,44.850272,140.857854,48.741642,11.670295,13.294806,67.233055,140.939798,-0.08194399999999291,8.6,Winter,No
2022-02-04,2022-02-04,117.545325,44.76974,162.315065,59.686682,12.393575,14.211753,76.088888,162.380898,-0.06583299999999781,4.61,Winter,No
2022-02-05,2022-02-05,77.418017,44.650297,122.068314,53.429111,9.575295,13.619187,45.52111,122.144703,-0.07638900000000604,7.66,Winter,No
2022-02-06,2022-02-06,85.838322,44.715687,130.554009,49.518473,9.31443,13.393052,58.43361,130.659565,-0.10555599999997867,7.43,Winter,No
2022-02-07,2022-02-07,106.532683,36.239532,142.772215,52.759256,11.132469,13.837713,65.136944,142.866382,-0.09416699999999878,9.2,Winter,No
2022-02-08,2022-02-08,129.36589,31.653357,161.019247,48.013975,11.25286,14.799912,87.035833,161.10258,-0.0833329999999819,9.43,Winter,No
2022-02-09,2022-02-09,156.098812,34.091336,190.190148,53.100456,12.376599,14.99226,109.796389,190.265704,-0.07555600000000595,5.96,Winter,No
2022-02-10,2022-02-10,164.486067,32.667123,197.15319,60.770073,12.830302,15.80087,107.821945,197.22319,-0.06999999999999318,4.43,Winter,No
2022-02-11,2022-02-11,119.245916,42.364745,161.610661,62.214275,11.950105,15.558227,71.973054,161.695661,-0.08500000000000796,5.23,Winter,No
2022-02-12,2022-02-12,86.420135,44.813063,131.233198,46.160927,9.001726,14.811934,61.338611,131.313198,-0.0800000000000125,8.86,Winter,No
2022-02-13,2022-02-13,118.657656,44.776974,163.43463,45.467782,9.098783,14.760844,94.169165,163.496574,-0.0619440000000111,7.2,Winter,No
2022-02-14,2022-02-14,114.081531,44.69025,158.771781,56.10774,11.995771,15.665771,75.09861,158.867892,-0.09611100000000761,6.23,Winter,No
2022-02-15,2022-02-15,116.674336,44.434192,161.108528,54.4623,11.302554,15.435063,79.985278,161.185195,-0.07666699999998627,8.14,Winter,No
2022-02-16,2022-02-16,83.973514,44.475253,128.448767,49.462901,10.885297,15.262236,52.885833,128.496267,-0.04749999999998522,10.67,Winter,No
2022-02-17,2022-02-17,131.512656,44.453022,175.965678,56.380875,11.815741,15.424339,92.435001,176.055956,-0.09027800000001207,6.06,Winter,No
2022-02-18,2022-02-18,112.971939,44.452719,157.424658,64.328052,12.328189,16.509528,64.34,157.505769,-0.08111099999999283,4.13,Winter,No
2022-02-19,2022-02-19,97.828145,44.221821,142.049966,53.959439,9.303388,16.206584,62.666944,142.136355,-0.08638899999999694,6.22,Winter,No
2022-02-20,2022-02-20,91.027413,44.444734,135.472147,51.281451,9.540892,15.718607,58.941946,135.482896,-0.010749000000004116,8.28,Winter,No
2022-02-21,2022-02-21,115.503493,44.250087,159.75358,56.026451,11.746928,16.53048,75.563054,159.866913,-0.11333300000001145,7.99,Winter,No
2022-02-22,2022-02-22,95.28345,44.433692,139.717142,50.027187,11.994968,16.832487,60.979722,139.834364,-0.11722199999999816,8.57,Winter,No
2022-02-23,2022-02-23,92.887826,44.410533,137.298359,52.574749,12.489907,16.268425,56.018889,137.35197,-0.05361099999998942,7.39,Winter,No
2022-02-24,2022-02-24,114.078712,44.364891,158.443603,61.656073,13.521771,17.546037,65.783333,158.507214,-0.06361100000000874,3.64,Winter,No
2022-02-25,2022-02-25,108.463497,44.240809,152.704306,54.412555,11.79433,16.810754,69.759167,152.776806,-0.0724999999999909,6.92,Winter,No
2022-02-26,2022-02-26,71.043288,44.158153,115.201441,48.034666,9.38853,15.926022,41.893334,115.242552,-0.041111000000000786,8.71,Winter,No
2022-02-27,2022-02-27,74.686973,44.133072,118.820045,45.258154,8.769556,15.228446,49.563889,118.820045,0.0,8.37,Winter,No
2022-02-28,2022-02-28,152.301395,44.308088,196.609483,51.751813,11.935775,16.747452,116.199721,196.634761,-0.025277999999985923,7.3,Winter,No
2022-01-01,2022-01-01,40.918632,46.150906,87.069538,31.491721,6.294524,7.999681,41.305834,87.09176,-0.022221999999999298,11.69,Winter,Yes
2022-01-02,2022-01-02,49.592347,45.633529,95.225876,38.14965,6.95454,9.206964,40.958611,95.269765,-0.04388900000000717,9.5,Winter,No
2022-01-03,2022-01-03,71.109158,45.712924,116.822082,46.172023,8.755302,10.186146,51.743055,116.856526,-0.03444400000000769,7.61,Winter,Yes
2022-01-04,2022-01-04,135.516428,45.644255,181.160683,62.740544,11.925588,13.157607,93.366666,181.190405,-0.029721999999992477,3.29,Winter,No
2022-01-05,2022-01-05,157.507015,45.545403,203.052418,68.157813,12.36017,12.843324,109.717222,203.078529,-0.026111000000014428,2.71,Winter,No
2022-01-06,2022-01-06,100.590431,45.583793,146.174224,66.299293,11.835267,13.616331,54.466111,146.217002,-0.04277799999999843,5.57,Winter,No
2022-01-07,2022-01-07,133.032602,45.352559,178.385161,69.948831,11.570087,13.293188,83.594722,178.406828,-0.021666999999979453,4.52,Winter,No
2022-01-08,2022-01-08,84.656836,45.456168,130.113004,55.07743,9.395919,13.014681,52.646641,130.134671,-0.021667000000007874,6.69,Winter,No
2022-01-09,2022-01-09,116.788333,45.28404,162.072373,54.452768,8.933905,11.595423,87.163333,162.145429,-0.07305600000000823,6.43,Winter,No
2022-01-10,2022-01-10,134.304164,45.473998,179.778162,51.290863,10.812136,11.828496,105.933611,179.865106,-0.08694399999998836,9.64,Winter,No
2022-01-11,2022-01-11,152.6098,45.420071,198.029871,55.500858,11.942484,12.470696,118.181389,198.095427,-0.06555599999998662,6.37,Winter,No
2022-01-12,2022-01-12,160.959256,45.420218,206.379474,57.048026,12.201099,11.960072,125.216944,206.426141,-0.04666700000001356,6.29,Winter,No
2022-01-13,2022-01-13,181.163718,45.352902,226.51662,61.621253,12.198936,13.138098,139.614444,226.572731,-0.056111000000015565,6.08,Winter,No
2022-01-14,2022-01-14,187.573687,45.358808,232.932495,59.831427,11.504551,12.566239,149.113334,233.015551,-0.08305599999999913,5.91,Winter,No
2022-01-15,2022-01-15,146.734213,45.300826,192.035039,51.596819,9.012982,11.933016,119.546111,192.088928,-0.05388899999999808,6.33,Winter,No
2022-01-16,2022-01-16,141.032075,45.385413,186.417488,50.245155,9.406929,12.124572,114.672221,186.448877,-0.03138900000001854,6.12,Winter,No
2022-01-17,2022-01-17,165.558974,45.279049,210.838023,65.235737,12.814927,12.593192,120.246389,210.890245,-0.052222000000000435,4.09,Winter,No
2022-01-18,2022-01-18,141.03078,45.108798,186.139578,60.289258,11.883578,11.983684,102.015002,186.171522,-0.031944000000009964,7.68,Winter,No
2022-01-19,2022-01-19,140.907634,45.312699,186.220333,56.42189,12.343581,12.290418,105.223611,186.2795,-0.05916700000000219,7.67,Winter,No
2022-01-20,2022-01-20,184.345735,45.240001,229.585736,61.2791,12.628607,13.076641,142.704444,229.688792,-0.10305600000000936,5.22,Winter,No
2022-01-21,2022-01-21,178.704946,45.247924,223.95287,60.244122,12.134216,13.570367,138.080276,224.028981,-0.07611099999999738,5.71,Winter,No
2022-01-22,2022-01-22,155.226372,45.131142,200.357514,51.108,9.57946,12.380887,127.396945,200.465292,-0.10777799999999615,6.82,Winter,No
2022-01-23,2022-01-23,128.056412,45.07609,173.132502,49.897238,9.467182,11.843915,101.985834,173.194169,-0.061666999999999916,6.87,Winter,No
2022-01-24,2022-01-24,188.186258,45.15676,233.343018,57.2249,12.237126,12.436548,151.524722,233.423296,-0.08027799999999274,6.69,Winter,No
2022-01-25,2022-01-25,184.843935,45.070453,229.914388,57.269415,12.011728,13.3313,147.345556,229.957999,-0.04361099999999851,6.47,Winter,No
2022-01-26,2022-01-26,111.331525,44.90434,156.235865,54.42894,11.593553,12.320315,77.95889,156.301698,-0.06583299999999781,8.08,Winter,No
2022-01-27,2022-01-27,152.690784,45.043652,197.734436,49.403551,11.356139,12.399746,124.604444,197.76388,-0.029444000000012238,8.72,Winter,No
2022-01-28,2022-01-28,98.020356,44.815391,142.835747,50.230221,10.498881,12.591923,69.514722,142.835747,0.0,8.92,Winter,No
2022-01-29,2022-01-29,104.986007,45.088007,150.074014,43.618921,9.180675,12.445529,84.828889,150.074014,0.0,9.0,Winter,No
2022-01-30,2022-01-30,95.747434,44.95055,140.697984,49.812265,9.444395,11.964101,69.477223,140.697984,0.0,6.11,Winter,No
2022-01-31,2022-01-31,108.375027,44.757099,153.132126,57.259223,11.714617,12.130509,72.129166,153.233515,-0.10138900000001172,7.68,Winter,No
2022-07-01,2022-07-01,113.403316,41.527853,154.931169,13.149785,8.564497,18.015777,115.274166,155.004225,-0.0730559999999798,13.03,Summer,No
2022-07-02,2022-07-02,91.589737,41.472632,133.062369,10.909668,6.78439,16.858865,98.567779,133.120702,-0.05833300000000463,13.48,Summer,No
2022-07-03,2022-07-03,90.46497,41.511127,131.976097,10.913045,6.451754,15.728798,98.96,132.053597,-0.07749999999998636,13.18,Summer,No
2022-07-04,2022-07-04,136.27067,7.599772,143.870442,12.064608,8.420323,16.418288,107.042501,143.94572,-0.07527799999999729,13.32,Summer,No
2022-07-05,2022-07-05,151.425284,0.0,151.425284,11.614618,8.228534,16.909354,114.744167,151.496673,-0.07138899999998216,14.99,Summer,No
2022-07-06,2022-07-06,136.070516,0.0,136.070516,11.193251,8.137849,16.723167,100.088193,136.14246,-0.071944000000002,15.22,Summer,No
2022-07-07,2022-07-07,159.078922,0.0,159.078922,10.083208,7.831522,17.371264,123.85515,159.141144,-0.06222199999999134,16.08,Summer,No
2022-07-08,2022-07-08,142.972079,22.607553,165.579632,9.842382,7.50703,17.241053,131.031667,165.622132,-0.04249999999998977,15.62,Summer,No
2022-07-09,2022-07-09,114.558746,45.629032,160.187778,8.335518,6.036034,16.594559,129.264445,160.230556,-0.04277799999999843,16.13,Summer,No
2022-07-10,2022-07-10,120.524146,41.381886,161.906032,7.651416,5.628311,16.053806,132.63361,161.967143,-0.061110999999982596,17.22,Summer,No
2022-07-11,2022-07-11,111.078358,42.862018,153.940376,8.395857,7.501091,16.175094,121.935834,154.007876,-0.06750000000002387,17.99,Summer,No
2022-07-12,2022-07-12,112.724005,42.285763,155.009768,8.767407,7.612817,16.955655,121.739722,155.075601,-0.06583299999999781,16.7,Summer,No
2022-07-13,2022-07-13,115.491115,41.917625,157.40874,9.509925,7.987749,16.281898,123.69639,157.475962,-0.06722200000001521,14.83,Summer,No
2022-07-14,2022-07-14,119.906849,41.656896,161.563745,9.545378,7.975668,17.262699,126.847778,161.631523,-0.06777799999997569,15.07,Summer,No
2022-07-15,2022-07-15,125.30492,41.612979,166.917899,9.256804,7.469737,16.53247,133.724999,166.98401,-0.06611100000000647,16.0,Summer,No
2022-07-16,2022-07-16,102.674792,40.53355,143.208342,7.861968,5.897656,15.762885,113.749166,143.271675,-0.06333300000000008,17.13,Summer,No
2022-07-17,2022-07-17,97.205875,40.400054,137.605929,6.780298,5.4584,15.04751,110.380832,137.66704,-0.061110999999982596,19.4,Summer,No
2022-07-18,2022-07-18,113.971783,41.196677,155.16846,7.414679,7.340134,15.315313,125.172778,155.242904,-0.07444399999999973,19.81,Summer,No
2022-07-19,2022-07-19,111.721757,40.363784,152.085541,7.942539,7.92614,16.398529,119.87,152.137208,-0.05166699999998059,17.37,Summer,No
2022-07-20,2022-07-20,118.104255,40.57769,158.681945,8.957555,8.11525,16.502473,125.176945,158.752223,-0.07027799999997342,14.99,Summer,No
2022-07-21,2022-07-21,130.714728,40.502818,171.217546,9.14439,7.755758,16.871564,137.511667,171.283379,-0.06583299999999781,14.61,Summer,No
2022-07-22,2022-07-22,117.193946,40.261363,157.455309,9.327036,7.028655,16.754895,124.416945,157.527531,-0.07222200000001067,15.69,Summer,No
2022-07-23,2022-07-23,61.202345,41.111544,102.313889,7.807115,5.950854,16.467865,72.153055,102.378889,-0.06499999999999773,17.28,Summer,No
2022-07-24,2022-07-24,53.189525,40.817879,94.007404,7.682796,5.660121,15.851988,64.873055,94.06796,-0.06055600000000538,16.88,Summer,No
2022-07-25,2022-07-25,75.175274,40.801453,115.976727,9.189767,7.411508,16.378506,83.085279,116.06506,-0.08833300000000577,14.81,Summer,No
2022-07-26,2022-07-26,127.585879,40.351083,167.936962,9.790786,7.690038,16.290304,134.236667,168.007795,-0.07083299999999326,13.82,Summer,No
2022-07-27,2022-07-27,128.985548,40.314502,169.30005,10.318618,7.799898,16.523202,134.718888,169.360606,-0.06055599999999117,13.8,Summer,No
2022-07-28,2022-07-28,123.282624,40.120596,163.40322,9.896926,7.659116,17.18301,128.732779,163.471831,-0.0686110000000042,15.32,Summer,No
2022-07-29,2022-07-29,105.668998,40.013345,145.682343,9.405415,7.25633,16.351344,112.741754,145.754843,-0.0724999999999909,16.52,Summer,No
2022-07-30,2022-07-30,102.598487,40.217221,142.815708,8.329816,5.824846,15.836601,112.895556,142.886819,-0.07111100000000192,16.79,Summer,No
2022-07-31,2022-07-31,109.711176,40.184547,149.895723,7.978224,5.48981,15.739078,120.753333,149.960445,-0.06472199999998907,15.61,Summer,No
2022-06-01,2022-06-01,133.722563,34.325912,168.048475,15.670207,9.685688,18.37619,124.40389,168.135975,-0.08750000000000568,11.87,Summer,No
2022-06-02,2022-06-02,134.939133,41.717018,176.656151,17.327443,9.757408,18.887966,130.774445,176.747262,-0.09111100000001215,11.83,Summer,No
2022-06-03,2022-06-03,114.797028,41.511771,156.308799,15.859993,9.054269,19.051758,112.404723,156.370743,-0.0619440000000111,12.57,Summer,No
2022-06-04,2022-06-04,101.218279,41.35457,142.572849,14.128208,7.579426,19.06577,101.900556,142.67396,-0.10111100000000306,13.06,Summer,No
2022-06-05,2022-06-05,120.240556,41.389941,161.630497,18.490935,7.44593,17.595854,118.179722,161.712441,-0.08194400000002133,12.43,Summer,No
2022-06-06,2022-06-06,115.014464,41.522487,156.536951,14.953556,7.777398,17.218774,116.665834,156.615562,-0.07861100000002352,12.7,Summer,Yes
2022-06-07,2022-06-07,104.078753,41.499476,145.578229,15.071176,9.363687,17.522255,103.702778,145.659896,-0.08166700000001015,13.44,Summer,No
2022-06-08,2022-06-08,83.057901,42.059595,125.117496,13.948761,9.365818,18.162917,83.725278,125.202774,-0.08527800000000241,13.87,Summer,No
2022-06-09,2022-06-09,87.832279,32.280656,120.112935,13.801321,9.173654,18.75796,78.451111,120.184046,-0.07111100000000192,14.39,Summer,No
2022-06-10,2022-06-10,77.780884,27.510141,105.291025,13.286087,8.835897,18.164876,65.079165,105.366025,-0.07499999999998863,14.19,Summer,No
2022-06-11,2022-06-11,51.259897,42.685906,93.945803,12.203088,7.659353,17.805029,56.3275,93.99497,-0.049166999999997074,13.37,Summer,No
2022-06-12,2022-06-12,77.755322,42.494946,120.250268,12.827752,7.481357,17.631159,82.391944,120.332212,-0.08194399999999291,12.49,Summer,No
2022-06-13,2022-06-13,135.867791,42.283458,178.151249,14.81685,9.383475,18.240645,135.800001,178.240971,-0.08972199999999475,12.57,Summer,No
2022-06-14,2022-06-14,134.965605,42.171446,177.137051,13.329777,9.283243,18.07403,136.537779,177.224829,-0.08777799999998592,13.41,Summer,No
2022-06-15,2022-06-15,131.414518,42.008803,173.423321,12.068307,9.202744,18.008104,134.218888,173.498043,-0.07472200000000839,14.33,Summer,No
2022-06-16,2022-06-16,115.188128,41.867382,157.05551,11.446124,8.865331,18.101555,118.712222,157.125232,-0.06972200000001294,15.68,Summer,No
2022-06-17,2022-06-17,115.40508,42.022157,157.427237,11.014644,8.433322,18.057048,119.978334,157.483348,-0.056111000000015565,15.54,Summer,No
2022-06-18,2022-06-18,91.515539,41.912793,133.428332,11.612193,7.544711,18.286427,96.034445,133.477776,-0.04944399999999405,12.43,Summer,No
2022-06-19,2022-06-19,72.90564,41.873777,114.779417,11.826784,7.257104,17.653584,78.117501,114.854973,-0.07555600000000595,12.58,Summer,No
2022-06-20,2022-06-20,124.405995,41.731844,166.137839,11.193696,8.824034,18.001498,128.155833,166.175061,-0.037221999999985655,13.76,Summer,No
2022-06-21,2022-06-21,136.344981,41.776119,178.1211,11.143502,8.852673,17.256313,140.970556,178.223044,-0.10194399999997472,14.72,Summer,No
2022-06-22,2022-06-22,130.381811,41.745444,172.127255,10.774832,8.807147,17.536665,135.058333,172.176977,-0.04972200000000271,15.38,Summer,No
2022-06-23,2022-06-23,127.312945,41.61401,168.926955,10.27817,8.748246,18.849707,131.06361,168.939733,-0.012777999999997292,15.2,Summer,No
2022-06-24,2022-06-24,103.219981,41.610837,144.830818,11.603045,8.490324,18.562449,106.253056,144.908874,-0.07805600000000368,13.88,Summer,No
2022-06-25,2022-06-25,59.971287,41.639905,101.611192,11.627952,7.07746,18.385501,64.591112,101.682025,-0.07083299999999326,11.93,Summer,No
2022-06-26,2022-06-26,62.680966,41.660745,104.341711,11.579261,6.670367,17.075417,69.088055,104.4131,-0.07138899999999637,12.77,Summer,No
2022-06-27,2022-06-27,87.453774,41.569235,129.023009,13.400817,8.988245,17.673671,89.035832,129.098565,-0.07555600000000595,12.06,Summer,No
2022-06-28,2022-06-28,88.784035,41.562695,130.34673,12.670123,8.966906,18.149701,90.632222,130.418952,-0.07222199999998224,14.06,Summer,No
2022-06-29,2022-06-29,135.384856,41.562717,176.947573,12.345499,8.93411,18.118798,137.613055,177.011462,-0.06388899999998898,13.18,Summer,No
2022-06-30,2022-06-30,135.39126,41.543326,176.934586,12.53875,8.745834,18.458335,137.265,177.007919,-0.07333299999999099,13.18,Summer,No
2022-03-01,2022-03-01,144.635985,44.154146,188.790131,54.627933,12.483415,17.128781,104.584724,188.824853,-0.03472199999998793,4.57,Spring,No
2022-03-02,2022-03-02,121.280504,43.905117,165.185621,55.02202,11.781217,16.183773,82.2675,165.25451,-0.06888900000001286,7.38,Spring,No
2022-03-03,2022-03-03,130.817993,44.121419,174.939412,49.443641,12.078851,16.808309,96.608611,174.939412,0.0,6.4,Spring,No
2022-03-04,2022-03-04,154.968929,44.060658,199.029587,53.341371,12.153962,17.7137,115.879165,199.088198,-0.05861100000001329,4.31,Spring,No
2022-03-05,2022-03-05,131.864518,43.878639,175.743157,49.182586,10.119265,17.795194,98.681945,175.77899,-0.03583299999999667,3.77,Spring,No
2022-03-06,2022-03-06,111.384933,44.142222,155.527155,47.704364,9.658061,16.725842,81.506666,155.594933,-0.06777800000000411,3.87,Spring,No
2022-03-07,2022-03-07,93.692379,44.050887,137.743266,58.80423,12.451339,17.251864,49.3325,137.839933,-0.0966669999999965,5.27,Spring,No
2022-03-08,2022-03-08,87.50952,43.945756,131.455276,56.608274,11.913463,16.799929,46.208888,131.530554,-0.07527799999999729,6.59,Spring,No
2022-03-09,2022-03-09,143.27433,44.087268,187.361598,56.977173,12.257247,16.768844,101.446112,187.449376,-0.08777800000001434,6.53,Spring,No
2022-03-10,2022-03-10,98.958662,40.211639,139.170301,51.420202,12.021471,17.381406,58.435555,139.258634,-0.08833300000000577,5.87,Spring,No
2022-03-11,2022-03-11,123.271874,44.195706,167.46758,49.7813,11.378342,17.385438,88.995556,167.540636,-0.07305600000000823,8.02,Spring,No
2022-03-12,2022-03-12,92.389854,44.30986,136.699714,46.315374,9.878239,16.885822,63.689723,136.769158,-0.06944400000000428,6.1,Spring,No
2022-03-13,2022-03-13,82.16624,44.274414,126.440654,41.657364,9.400107,15.595127,59.885834,126.538432,-0.09777800000000525,7.64,Spring,No
2022-03-14,2022-03-14,129.10451,44.089506,173.194016,51.458261,12.374952,16.695247,92.753056,173.281516,-0.08750000000000568,6.88,Spring,No
2022-03-15,2022-03-15,122.514461,44.095666,166.610127,49.921196,11.836553,16.474045,88.452777,166.684571,-0.07444399999999973,6.84,Spring,No
2022-03-16,2022-03-16,136.317875,43.996641,180.314516,46.780201,11.586358,17.250179,104.7825,180.399238,-0.0847219999999993,5.97,Spring,No
2022-03-17,2022-03-17,104.766352,43.92092,148.687272,40.750149,9.224132,16.057713,82.721945,148.753939,-0.06666699999999537,7.84,Spring,Yes
2022-03-18,2022-03-18,80.024263,43.648784,123.673047,37.799329,8.91382,16.195176,60.869444,123.777769,-0.10472200000000953,8.38,Spring,Yes
2022-03-19,2022-03-19,63.967355,43.712797,107.680152,33.763382,8.358854,16.295138,49.345834,107.763208,-0.08305599999999913,10.0,Spring,No
2022-03-20,2022-03-20,94.047264,43.737136,137.7844,35.296259,8.496796,16.132456,77.9225,137.848011,-0.06361100000000874,9.03,Spring,No
2022-03-21,2022-03-21,108.695722,43.607054,152.302776,38.677219,10.943295,16.080932,86.707441,152.408887,-0.10611099999999851,10.18,Spring,No
2022-03-22,2022-03-22,105.525236,43.252336,148.777572,34.063899,10.718985,16.974688,87.091667,148.849239,-0.07166700000001924,11.41,Spring,No
2022-03-23,2022-03-23,133.865552,43.754758,177.62031,30.87176,10.717745,16.79525,119.332222,177.716977,-0.09666700000002493,10.86,Spring,No
2022-03-24,2022-03-24,142.656774,43.618366,186.27514,30.055182,10.70585,18.019942,127.547777,186.328751,-0.05361100000001784,9.59,Spring,No
2022-03-25,2022-03-25,132.460298,43.604059,176.064357,29.239691,10.408589,17.838299,118.652222,176.138801,-0.07444399999999973,9.6,Spring,No
2022-03-26,2022-03-26,102.78568,35.316969,138.102649,25.251886,8.137364,17.068953,87.73639,138.194593,-0.09194399999998382,10.14,Spring,No
2022-03-27,2022-03-27,105.908412,43.317398,149.22581,24.471888,8.288443,17.327146,99.191389,149.278866,-0.053055999999997994,10.18,Spring,No
2022-03-28,2022-03-28,139.521972,43.884873,183.406845,29.463201,10.890902,17.996909,125.128333,183.479345,-0.0724999999999909,8.89,Spring,No
2022-03-29,2022-03-29,140.226582,43.731392,183.957974,31.1075,11.096495,17.804811,124.035001,184.043807,-0.08583299999997962,8.81,Spring,No
2022-03-30,2022-03-30,125.815749,43.650117,169.465866,42.705052,12.045,18.507481,96.309166,169.566699,-0.1008329999999944,6.59,Spring,No
2022-03-31,2022-03-31,122.807833,43.717956,166.525789,47.273165,12.636928,18.849585,87.835278,166.594956,-0.0691669999999931,4.13,Spring,No
2022-05-01,2022-05-01,129.571003,42.899289,172.470292,24.315274,7.75857,18.002838,122.462499,172.539181,-0.06888900000001286,10.71,Spring,No
2022-05-02,2022-05-02,139.658793,42.800271,182.459064,25.11924,8.484924,17.376566,131.579445,182.560175,-0.10111099999997464,11.0,Spring,Yes
2022-05-03,2022-05-03,134.221985,40.553897,174.775882,22.223129,10.192545,17.993263,124.440278,174.849215,-0.07333299999999099,11.82,Spring,No
2022-05-04,2022-05-04,119.445835,43.107692,162.553527,19.6079,10.212903,18.254391,114.550833,162.626027,-0.0724999999999909,12.2,Spring,No
2022-05-05,2022-05-05,125.410169,42.543564,167.953733,19.226536,9.887259,18.037715,120.901667,168.053177,-0.09944400000000542,12.87,Spring,No
2022-05-06,2022-05-06,134.372141,42.630957,177.003098,21.071605,9.594834,18.610826,127.815,177.092265,-0.08916700000000333,12.71,Spring,No
2022-05-07,2022-05-07,129.186344,42.430924,171.617268,17.19707,8.038732,18.598688,127.853889,171.688379,-0.07111100000000192,11.78,Spring,No
2022-05-08,2022-05-08,86.562881,42.425634,128.988515,14.78984,7.233346,17.650606,89.373334,129.047126,-0.05861099999998487,12.9,Spring,No
2022-05-09,2022-05-09,70.798483,42.461441,113.259924,21.554987,9.890628,18.209309,63.704444,113.359368,-0.09944400000000542,12.54,Spring,No
2022-05-10,2022-05-10,75.315294,41.000424,116.315718,19.133804,9.99723,18.978572,68.308612,116.418218,-0.10249999999999204,11.89,Spring,No
2022-05-11,2022-05-11,95.910215,42.42511,138.335325,19.681266,10.246589,18.99108,89.502501,138.421436,-0.08611099999998828,11.14,Spring,No
2022-05-12,2022-05-12,95.3331,42.446412,137.779512,22.357812,10.186855,19.171511,86.153056,137.869234,-0.08972199999999475,10.56,Spring,No
2022-05-13,2022-05-13,90.395,42.437601,132.832601,18.571841,9.071825,18.509213,86.737222,132.890101,-0.057499999999976126,12.63,Spring,No
2022-05-14,2022-05-14,122.883715,42.398618,165.282333,14.546123,7.435035,18.699231,124.6825,165.362889,-0.0805560000000014,12.34,Spring,No
2022-05-15,2022-05-15,98.219695,42.016377,140.236072,14.155607,7.029397,18.144124,101.008333,140.337461,-0.1013889999999833,12.88,Spring,No
2022-05-16,2022-05-16,97.147537,41.529966,138.677503,14.815328,9.089465,18.646322,96.210555,138.76167,-0.08416700000000787,14.54,Spring,No
2022-05-17,2022-05-17,97.065626,42.222531,139.288157,18.746758,9.623813,19.133141,91.829167,139.332879,-0.044721999999978834,12.9,Spring,No
2022-05-18,2022-05-18,70.486733,41.986317,112.47305,18.481526,9.296962,18.857617,65.928612,112.564717,-0.09166700000000105,12.09,Spring,No
2022-05-19,2022-05-19,70.712876,41.8366,112.549476,16.482958,9.237633,19.027775,67.854166,112.602532,-0.053055999999997994,12.3,Spring,No
2022-05-20,2022-05-20,79.694067,41.904531,121.598598,17.33296,8.921649,19.203989,76.201389,121.659987,-0.06138900000000547,12.47,Spring,No
2022-05-21,2022-05-21,97.742701,41.795884,139.538585,15.110137,7.493579,19.146258,97.8725,139.622474,-0.08388899999999921,12.96,Spring,No
2022-05-22,2022-05-22,90.634492,41.897902,132.532394,14.125502,7.380173,18.628941,92.461667,132.596283,-0.06388899999998898,12.88,Spring,No
2022-05-23,2022-05-23,147.011188,15.769561,162.780749,16.916006,9.679457,18.682785,117.566112,162.84436,-0.06361100000000874,11.21,Spring,No
2022-05-24,2022-05-24,123.616647,29.142476,152.759123,16.693896,9.850951,18.664554,107.615,152.824401,-0.06527800000000639,11.38,Spring,No
2022-05-25,2022-05-25,75.224862,42.607888,117.83275,16.547367,9.613813,18.515181,73.251945,117.928306,-0.09555600000000197,12.53,Spring,No
2022-05-26,2022-05-26,85.778292,42.196294,127.974586,15.616642,9.580923,18.79813,84.080835,128.07653,-0.10194399999998893,12.87,Spring,No
2022-05-27,2022-05-27,125.351701,42.156632,167.508333,14.920202,9.201098,19.377867,124.094444,167.593611,-0.08527800000001662,11.67,Spring,No
2022-05-28,2022-05-28,117.252474,41.769232,159.021706,12.887593,7.430804,18.326089,120.459998,159.104484,-0.08277800000001889,11.91,Spring,No
2022-05-29,2022-05-29,99.739126,41.792799,141.531925,13.649557,7.30236,18.162509,102.499721,141.614147,-0.08222200000000157,11.1,Spring,No
2022-05-30,2022-05-30,124.070401,41.776995,165.847396,19.222067,9.780694,18.633802,118.302222,165.938785,-0.09138899999999239,10.29,Spring,No
2022-05-31,2022-05-31,136.986649,37.163216,174.149865,19.492131,9.929639,18.538097,126.277498,174.237365,-0.08750000000000568,10.59,Spring,No
2022-11-01,2022-11-01,105.374998,39.093852,144.46885,29.677509,10.057118,15.243112,89.625,144.602739,-0.13388900000001058,9.17,Autumn,No
2022-11-02,2022-11-02,98.833189,38.981002,137.814191,33.883925,10.354816,17.296839,76.449167,137.984747,-0.17055600000000481,10.01,Autumn,No
2022-11-03,2022-11-03,137.414204,39.063723,176.477927,34.86699,10.527635,18.21608,113.098611,176.709316,-0.23138900000000717,8.08,Autumn,No
2022-11-04,2022-11-04,135.597369,38.984851,174.58222,36.353616,10.025621,16.833816,111.542223,174.755276,-0.17305600000000254,8.76,Autumn,No
2022-11-05,2022-11-05,84.322714,38.948113,123.270827,27.660827,7.639414,15.960586,72.19,123.450827,-0.18000000000000682,11.2,Autumn,No
2022-11-06,2022-11-06,66.253128,38.842617,105.095745,27.267754,7.523162,15.606497,54.859999,105.257412,-0.16166700000000844,10.38,Autumn,No
2022-11-07,2022-11-07,76.549995,38.830792,115.380787,30.898145,9.511708,15.786213,59.330277,115.526343,-0.14555599999999913,12.01,Autumn,No
2022-11-08,2022-11-08,101.72493,38.879339,140.604269,32.039285,9.958744,15.319851,83.541945,140.859825,-0.2555560000000128,9.88,Autumn,No
2022-11-09,2022-11-09,92.413669,38.73411,131.147779,33.183276,9.760992,15.93351,72.464445,131.342223,-0.19444399999997586,10.69,Autumn,No
2022-11-10,2022-11-10,66.818917,38.627293,105.44621,28.119834,9.1521,15.910942,52.379445,105.562321,-0.11611100000000363,14.2,Autumn,No
2022-11-11,2022-11-11,88.655223,38.892741,127.547964,24.727437,8.940582,15.598834,78.512222,127.779075,-0.23111100000001272,13.97,Autumn,No
2022-11-12,2022-11-12,61.810735,38.663471,100.474206,22.437671,7.364299,15.045292,55.752222,100.599484,-0.12527800000000866,13.1,Autumn,No
2022-11-13,2022-11-13,91.003027,38.785767,129.788794,21.313961,7.04939,14.282388,87.285833,129.931572,-0.14277799999999274,13.07,Autumn,No
2022-11-14,2022-11-14,98.531593,38.760906,137.292499,28.980031,9.749657,15.5467,83.238333,137.514721,-0.22222200000001635,10.09,Autumn,No
2022-11-15,2022-11-15,140.106546,38.80405,178.910596,33.186303,10.404647,16.547146,118.983889,179.121985,-0.21138899999999694,7.81,Autumn,No
2022-11-16,2022-11-16,160.020892,38.796145,198.817037,37.56225,10.747325,15.676629,135.0625,199.048704,-0.2316669999999874,6.17,Autumn,No
2022-11-17,2022-11-17,152.359037,38.774614,191.133651,42.948186,10.843528,15.774714,121.675001,191.241429,-0.10777800000002458,6.26,Autumn,No
2022-11-18,2022-11-18,161.465401,38.843018,200.308419,43.721426,10.688555,16.914827,129.106111,200.430919,-0.12250000000000227,6.87,Autumn,No
2022-11-19,2022-11-19,117.967263,38.809825,156.777088,43.40975,8.802792,16.690936,88.040277,156.943755,-0.1666670000000181,6.13,Autumn,No
2022-11-20,2022-11-20,108.736795,38.741229,147.478024,39.187412,8.208755,14.823524,85.489166,147.708857,-0.23083299999998985,7.37,Autumn,No
2022-11-21,2022-11-21,132.7333,38.689859,171.423159,45.129095,10.750101,15.39285,100.304446,171.576492,-0.1533330000000035,7.54,Autumn,No
2022-11-22,2022-11-22,160.909815,38.663539,199.573354,47.83459,11.29356,14.764369,125.859168,199.751687,-0.17833300000000918,6.44,Autumn,No
2022-11-23,2022-11-23,105.207321,38.679515,143.886836,46.374954,11.026127,14.375199,72.297223,144.073503,-0.18666699999999992,7.87,Autumn,No
2022-11-24,2022-11-24,105.565348,38.706976,144.272324,45.662436,11.117896,14.501992,73.183889,144.466213,-0.19388900000001286,8.48,Autumn,No
2022-11-25,2022-11-25,117.592976,38.614248,156.207224,44.012957,10.309294,15.422196,86.654721,156.399168,-0.19194400000000655,9.17,Autumn,No
2022-11-26,2022-11-26,65.570318,38.555532,104.12585,33.764993,7.825524,14.201166,48.456111,104.247794,-0.12194399999999916,11.91,Autumn,No
2022-11-27,2022-11-27,82.180196,38.642151,120.822347,34.248629,8.006639,12.722911,65.931112,120.909291,-0.08694400000000257,9.09,Autumn,No
2022-11-28,2022-11-28,169.930248,38.633819,208.564067,44.072088,10.758011,13.777302,140.105555,208.712956,-0.14888899999999694,7.89,Autumn,No
2022-11-29,2022-11-29,156.636901,38.642149,195.27905,45.322662,10.643061,14.940826,124.485001,195.39155,-0.11249999999998295,7.12,Autumn,No
2022-11-30,2022-11-30,148.534071,38.481271,187.015342,42.814467,10.331065,13.773142,120.208057,187.126731,-0.11138900000000262,9.79,Autumn,No
2022-10-01,2022-10-01,62.195294,39.511224,101.706518,16.515061,6.714859,15.199376,63.476666,101.905962,-0.19944399999999973,13.07,Autumn,No
2022-10-02,2022-10-02,120.254343,39.523714,159.778057,15.950816,6.448729,14.781013,122.845832,160.02639,-0.24833300000000236,12.84,Autumn,No
2022-10-03,2022-10-03,75.382169,39.202489,114.584658,17.817828,8.540499,14.934942,73.510556,114.803825,-0.21916699999999878,14.27,Autumn,No
2022-10-04,2022-10-04,92.012312,39.511752,131.524064,16.653715,8.478804,15.429323,91.175833,131.737675,-0.213610999999986,14.76,Autumn,No
2022-10-05,2022-10-05,85.531505,39.439564,124.971069,20.59328,9.051557,15.664289,79.885832,125.194958,-0.22388899999999978,11.62,Autumn,No
2022-10-06,2022-10-06,60.570713,39.364739,99.935452,19.789641,8.840901,15.692687,55.757501,100.08073,-0.14527800000000468,13.58,Autumn,No
2022-10-07,2022-10-07,75.88535,39.47456,115.35991,20.824416,8.666598,15.883062,70.142501,115.516577,-0.15666699999999878,12.32,Autumn,No
2022-10-08,2022-10-08,80.835181,39.297342,120.132523,19.296781,6.983563,15.060235,78.968055,120.308634,-0.1761109999999917,11.1,Autumn,No
2022-10-09,2022-10-09,53.701946,39.377985,93.079931,20.995091,6.79962,14.262164,51.194167,93.251042,-0.17111099999999624,12.16,Autumn,No
2022-10-10,2022-10-10,112.533954,39.362494,151.896448,25.208209,9.417746,16.07577,101.232779,151.934504,-0.038056000000011636,10.26,Autumn,No
2022-10-11,2022-10-11,96.106913,39.25868,135.365593,25.768179,9.280527,15.542163,84.860557,135.451426,-0.08583300000000804,11.06,Autumn,No
2022-10-12,2022-10-12,115.396634,39.393799,154.790433,24.369331,9.244369,15.780622,105.608333,155.002655,-0.21222199999999702,12.07,Autumn,No
2022-10-13,2022-10-13,109.71605,39.215365,148.931415,25.121531,9.302028,16.417023,98.315555,149.156137,-0.22472200000001408,10.74,Autumn,No
2022-10-14,2022-10-14,100.448954,39.057146,139.5061,24.302304,8.838703,16.419816,90.065277,139.6261,-0.12000000000000455,10.98,Autumn,No
2022-10-15,2022-10-15,59.009273,38.826377,97.83565,25.294074,7.594723,15.675187,49.515555,98.079539,-0.2438889999999958,9.53,Autumn,No
2022-10-16,2022-10-16,78.1613,38.876803,117.038103,28.925604,7.438899,14.954433,65.844167,117.163103,-0.125,9.27,Autumn,No
2022-10-17,2022-10-17,96.542898,38.916421,135.459319,26.903376,9.350264,15.8579,83.586112,135.697652,-0.23833300000001145,11.77,Autumn,No
2022-10-18,2022-10-18,99.178684,38.659566,137.83825,27.003752,9.676226,16.403549,84.868056,137.951583,-0.11333300000001145,11.83,Autumn,No
2022-10-19,2022-10-19,81.045638,38.654078,119.699716,27.862901,9.646489,15.860604,66.470833,119.840827,-0.1411110000000093,13.21,Autumn,No
2022-10-20,2022-10-20,105.566597,38.598395,144.164992,22.815353,9.333519,16.120287,96.114722,144.383881,-0.21888899999999012,13.6,Autumn,No
2022-10-21,2022-10-21,98.678229,39.072803,137.751032,22.442259,8.775822,15.460728,91.238334,137.917143,-0.16611100000000079,13.79,Autumn,No
2022-10-22,2022-10-22,105.386929,39.116101,144.50303,18.497339,7.079316,15.459153,103.624444,144.660252,-0.15722200000001862,13.41,Autumn,No
2022-10-23,2022-10-23,113.793841,39.097646,152.891487,17.33888,6.843896,15.189823,113.759444,153.132043,-0.240555999999998,13.0,Autumn,No
2022-10-24,2022-10-24,110.281073,39.134854,149.415927,22.700038,9.278423,15.634132,102.022223,149.634816,-0.21888899999999012,11.94,Autumn,No
2022-10-25,2022-10-25,102.295238,38.967826,141.263064,23.993231,9.119493,16.194228,92.104445,141.411397,-0.14833299999997962,12.87,Autumn,No
2022-10-26,2022-10-26,90.793182,39.09828,129.891462,22.514912,9.108997,16.533386,81.893889,130.051184,-0.15972200000001635,13.21,Autumn,No
2022-10-27,2022-10-27,96.969678,38.94453,135.914208,21.276159,8.781278,16.626771,89.412222,136.09643,-0.1822219999999959,14.34,Autumn,No
2022-10-28,2022-10-28,88.068577,39.05463,127.123207,21.385055,8.566217,15.972213,81.4225,127.345985,-0.22277800000000525,13.17,Autumn,No
2022-10-29,2022-10-29,65.512063,40.572434,106.084497,19.912502,7.603176,16.042153,62.698333,106.256164,-0.17166699999999935,13.02,Autumn,No
2022-10-30,2022-10-30,69.990638,38.991239,108.981877,19.917172,6.687662,14.131487,68.400834,109.137155,-0.1552780000000098,12.63,Autumn,No
2022-10-31,2022-10-31,107.071349,39.043661,146.11501,22.980719,7.670134,13.384712,102.268889,146.304454,-0.1894439999999804,11.73,Autumn,Yes
2022-09-01,2022-09-01,125.806808,39.945736,165.752544,9.759742,7.744235,15.795234,132.671944,165.971155,-0.21861100000000988,15.29,Autumn,No
2022-09-02,2022-09-02,117.677127,40.205698,157.882825,9.706119,7.460405,15.998523,124.950834,158.115881,-0.23305600000000481,14.57,Autumn,No
2022-09-03,2022-09-03,110.919994,40.172266,151.09226,10.6762,6.334419,15.868308,118.413889,151.292816,-0.20055599999997753,12.74,Autumn,No
2022-09-04,2022-09-04,54.215071,40.017722,94.232793,9.094921,5.889583,15.447178,63.988333,94.420015,-0.18722200000000555,14.99,Autumn,No
2022-09-05,2022-09-05,58.920212,39.301017,98.221229,10.269731,8.041415,15.189804,64.911112,98.412062,-0.19083300000001202,15.71,Autumn,No
2022-09-06,2022-09-06,97.021595,39.18606,136.207655,10.541339,8.357223,15.291037,102.228612,136.418211,-0.21055600000002528,15.66,Autumn,No
2022-09-07,2022-09-07,106.897515,39.32394,146.221455,10.843707,8.401007,14.275906,112.901946,146.422566,-0.20111099999999738,15.41,Autumn,No
2022-09-08,2022-09-08,108.237397,39.134995,147.372392,11.06219,8.380403,15.573411,112.503888,147.519892,-0.14750000000000796,15.59,Autumn,No
2022-09-09,2022-09-09,109.140025,39.318865,148.45889,11.052032,7.872773,15.163529,114.582223,148.670557,-0.2116670000000056,15.4,Autumn,No
2022-09-10,2022-09-10,102.236631,39.073058,141.309689,9.881039,6.479657,15.45066,109.721111,141.532467,-0.22277800000000525,14.7,Autumn,No
2022-09-11,2022-09-11,89.439138,39.042076,128.481214,10.409489,6.121378,14.790625,97.349444,128.670936,-0.1897220000000175,15.62,Autumn,No
2022-09-12,2022-09-12,100.08098,39.447825,139.528805,11.501752,8.16636,15.401805,104.692221,139.762138,-0.23333299999998758,15.84,Autumn,No
2022-09-13,2022-09-13,102.97417,39.272867,142.247037,12.201164,8.468037,15.789502,106.017778,142.476481,-0.22944400000000087,13.63,Autumn,No
2022-09-14,2022-09-14,104.195881,39.277356,143.473237,13.365956,8.548228,15.506831,106.302778,143.723793,-0.2505559999999889,13.09,Autumn,No
2022-09-15,2022-09-15,105.537204,39.310637,144.847841,13.503072,8.446913,15.323689,107.823056,145.09673,-0.24888900000001968,13.27,Autumn,No
2022-09-16,2022-09-16,112.489395,39.294503,151.783898,14.632592,8.144572,15.636734,113.601111,152.015009,-0.2311109999999985,11.8,Autumn,No
2022-09-17,2022-09-17,118.217684,39.219305,157.436989,13.751787,6.657984,16.443884,120.785834,157.639489,-0.20249999999998636,11.02,Autumn,No
2022-09-18,2022-09-18,111.474143,39.154152,150.628295,12.416915,6.298048,15.948608,116.219168,150.882739,-0.25444399999997813,12.73,Autumn,No
2022-09-19,2022-09-19,119.276182,39.154907,158.431089,13.177769,8.036754,15.348788,122.116111,158.679422,-0.24833300000000236,13.8,Autumn,No
2022-09-20,2022-09-20,112.349407,39.039186,151.388593,12.177678,8.072918,15.568552,115.803612,151.62276,-0.23416700000001356,14.57,Autumn,No
2022-09-21,2022-09-21,72.608241,39.047711,111.655952,12.210138,8.253431,15.852938,75.571945,111.888452,-0.2325000000000017,14.9,Autumn,No
2022-09-22,2022-09-22,109.911245,39.194935,149.10618,13.477214,8.443765,15.601589,111.804723,149.327291,-0.2211110000000076,14.62,Autumn,No
2022-09-23,2022-09-23,121.548829,39.130151,160.67898,15.158182,8.392909,16.181222,121.093611,160.825924,-0.14694399999999064,12.16,Autumn,No
2022-09-24,2022-09-24,106.736989,39.096681,145.83367,14.688872,6.761567,16.581287,107.962777,145.994503,-0.16083299999999667,11.78,Autumn,No
2022-09-25,2022-09-25,80.342672,39.029069,119.371741,16.416093,6.506762,15.516941,81.165556,119.605352,-0.23361099999999624,11.92,Autumn,No
2022-09-26,2022-09-26,64.824643,39.080355,103.904998,18.460521,8.386143,15.683612,61.600555,104.130831,-0.2258329999999944,12.62,Autumn,No
2022-09-27,2022-09-27,96.755803,39.141002,135.896805,21.68574,8.947523,15.89493,89.599445,136.127638,-0.23083299999998985,11.88,Autumn,No
2022-09-28,2022-09-28,120.383112,39.118137,159.501249,22.585279,9.167062,15.172241,112.815,159.739582,-0.23833300000001145,10.78,Autumn,No
2022-09-29,2022-09-29,129.530969,38.939746,168.470715,21.51598,8.796891,15.684788,122.731945,168.729604,-0.25888899999998216,11.46,Autumn,No
2022-09-30,2022-09-30,62.0126,39.378767,101.391367,20.802417,8.173577,15.466207,57.194444,101.636645,-0.245277999999999,13.54,Autumn,No
2023-04-01,2023-04-01,87.692036,36.600824,124.29286,30.247391,8.827576,16.870672,68.538888,124.484527,-0.19166699999999537,8.96,Spring,No
2023-04-02,2023-04-02,106.365863,36.386428,142.752291,27.97409,8.434531,16.386169,90.142223,142.937013,-0.1847219999999936,7.96,Spring,No
2023-04-03,2023-04-03,98.583048,32.221579,130.804627,34.14336,11.011435,17.03011,68.811944,130.996849,-0.1922219999999868,8.71,Spring,No
2023-04-04,2023-04-04,112.324612,32.101271,144.425883,32.933368,10.789494,17.180799,83.754444,144.658105,-0.23222200000000726,9.33,Spring,No
2023-04-05,2023-04-05,156.138223,26.873461,183.011684,29.436287,10.390169,16.514672,126.864445,183.205573,-0.19388899999998443,10.77,Spring,No
2023-04-06,2023-04-06,154.168766,30.263024,184.43179,28.99361,10.501545,17.377747,127.766944,184.639846,-0.20805599999999913,8.41,Spring,No
2023-04-07,2023-04-07,106.312717,37.225806,143.538523,28.521906,9.864063,17.755054,87.595278,143.736301,-0.19777799999999957,8.22,Spring,No
2023-04-08,2023-04-08,62.711269,36.3003,99.011569,25.402719,8.232766,16.027751,49.580833,99.244069,-0.2325000000000017,9.81,Spring,No
2023-04-09,2023-04-09,56.264178,36.530936,92.795114,26.99229,7.72521,14.944835,43.281668,92.944003,-0.14888899999999694,10.22,Spring,No
2023-04-10,2023-04-10,62.693319,36.582736,99.276055,30.36243,9.100839,15.843619,44.1875,99.494388,-0.21833300000000122,8.33,Spring,Yes
2023-04-11,2023-04-11,91.614762,34.810451,126.425213,40.270468,11.366033,17.475657,57.539722,126.65188,-0.22666700000000617,6.56,Spring,No
2023-04-12,2023-04-12,90.471213,36.365365,126.836578,45.88306,12.030445,17.751407,51.420277,127.085189,-0.2486109999999968,5.83,Spring,No
2023-04-13,2023-04-13,142.658867,34.009248,176.668115,36.44376,11.27352,17.327503,111.755832,176.800615,-0.13249999999999318,7.21,Spring,No
2023-04-14,2023-04-14,138.664121,36.430568,175.094689,32.844399,10.550485,17.37036,114.571389,175.336633,-0.24194400000001792,7.51,Spring,No
2023-04-15,2023-04-15,96.029947,35.924142,131.954089,29.568959,8.655861,16.534825,77.3075,132.067145,-0.11305600000000027,7.94,Spring,No
2023-04-16,2023-04-16,112.441542,35.721999,148.163541,21.445785,7.834172,16.106084,103.054167,148.440208,-0.2766670000000033,12.42,Spring,No
2023-04-17,2023-04-17,122.315248,35.799362,158.11461,23.29753,9.63561,16.76397,108.571944,158.269054,-0.15444400000001224,12.11,Spring,No
2023-04-18,2023-04-18,103.410877,26.561619,129.972496,23.142341,10.143225,17.604152,79.16,130.049718,-0.07722200000000612,11.29,Spring,No
2023-04-19,2023-04-19,91.717978,36.671014,128.388992,28.93959,10.288567,17.502223,71.886945,128.617325,-0.22833299999999213,9.86,Spring,No
2023-04-20,2023-04-20,71.298727,35.903132,107.201859,25.690857,10.30374,17.268096,54.009166,107.271859,-0.07000000000000739,10.22,Spring,No
2023-04-21,2023-04-21,109.56917,35.731464,145.300634,28.186306,9.832177,18.021318,89.411111,145.450912,-0.15027799999998592,9.9,Spring,No
2023-04-22,2023-04-22,123.616387,35.77994,159.396327,29.342377,8.879853,17.62743,103.701945,159.551605,-0.15527799999998138,8.29,Spring,No
2023-04-23,2023-04-23,101.964384,35.852013,137.816397,25.097284,8.493579,16.855812,87.557222,138.003897,-0.1875,8.7,Spring,No
2023-04-24,2023-04-24,150.83212,36.169911,187.002031,34.142761,11.602427,17.797954,123.533333,187.076475,-0.07444399999999973,7.18,Spring,No
2023-04-25,2023-04-25,156.047106,36.141561,192.188667,34.043113,11.353538,18.388406,128.619443,192.4045,-0.2158330000000035,6.82,Spring,No
2023-04-26,2023-04-26,149.312343,36.069416,185.381759,28.774046,10.695859,18.136854,128.002778,185.609537,-0.2277780000000007,9.27,Spring,No
2023-04-27,2023-04-27,159.842213,36.048875,195.891088,29.454021,10.288896,17.915393,138.483056,196.141366,-0.25027800000000866,10.6,Spring,No
2023-04-28,2023-04-28,163.30091,35.99275,199.29366,23.973395,9.494514,18.536584,147.4525,199.456993,-0.16333300000002282,12.02,Spring,No
2023-04-29,2023-04-29,133.721245,35.836677,169.557922,19.031414,7.676826,18.399959,124.615834,169.724033,-0.16611100000000079,12.56,Spring,No
2023-04-30,2023-04-30,97.428522,35.954118,133.38264,16.579936,7.300371,17.263167,92.44861,133.592084,-0.20944399999999064,12.46,Spring,No
2023-08-01,2023-08-01,131.931771,0.0,131.931771,9.915321,7.209415,15.34148,99.681666,132.147882,-0.21611100000001215,14.96,Summer,No
2023-08-02,2023-08-02,92.057788,0.0,92.057788,11.609934,7.280962,15.614115,57.727777,92.232788,-0.17499999999999716,15.08,Summer,No
2023-08-03,2023-08-03,83.998019,0.0,83.998019,10.838147,7.300185,15.589132,50.461666,84.18913,-0.19111100000000647,14.62,Summer,No
2023-08-04,2023-08-04,135.279669,0.0,135.279669,11.285922,7.075102,15.242534,101.843055,135.446613,-0.16694400000000087,13.38,Summer,No
2023-08-05,2023-08-05,94.255143,0.0,94.255143,10.770111,6.138898,14.523634,63.032778,94.465421,-0.2102780000000024,13.89,Summer,No
2023-08-06,2023-08-06,103.26033,0.0,103.26033,9.128393,5.77124,14.316808,74.269445,103.485886,-0.22555599999999743,14.32,Summer,No
2023-08-07,2023-08-07,136.68839,0.0,136.68839,9.711866,6.205645,14.429768,106.521667,136.868946,-0.18055599999999572,13.79,Summer,Yes
2023-08-08,2023-08-08,169.692961,0.0,169.692961,10.206732,7.279496,14.697844,137.648889,169.832961,-0.14000000000001478,14.94,Summer,No
2023-08-09,2023-08-09,158.469557,0.0,158.469557,9.63603,7.207606,14.2437,127.444165,158.531501,-0.06194399999998268,17.87,Summer,No
2023-08-10,2023-08-10,100.84321,0.0,100.84321,9.328562,7.339303,15.010345,69.231944,100.910154,-0.06694400000000655,17.82,Summer,No
2023-08-11,2023-08-11,70.736221,17.260528,87.996749,9.316072,7.421983,16.166749,55.248056,88.15286,-0.15611100000000988,16.69,Summer,No
2023-08-12,2023-08-12,40.660182,37.752542,78.412724,8.445072,6.203184,15.561412,48.402778,78.612446,-0.1997220000000084,16.06,Summer,No
2023-08-13,2023-08-13,75.385464,35.324917,110.710381,8.292255,6.183843,14.847062,81.614443,110.937603,-0.2272219999999976,15.09,Summer,No
2023-08-14,2023-08-14,116.660738,35.315824,151.976562,9.426864,7.857364,15.511502,119.332221,152.127951,-0.15138899999999467,15.41,Summer,No
2023-08-15,2023-08-15,122.363361,35.328762,157.692123,9.439046,8.031454,15.706345,124.693889,157.870734,-0.17861099999998942,15.43,Summer,No
2023-08-16,2023-08-16,111.270194,35.329811,146.600005,9.888641,7.990464,15.769233,113.196389,146.844727,-0.2447219999999959,15.16,Summer,No
2023-08-17,2023-08-17,56.704624,35.31947,92.024094,9.623531,7.737722,15.618952,59.257778,92.237983,-0.21388899999999467,16.63,Summer,No
2023-08-18,2023-08-18,55.477184,35.321603,90.798787,10.850716,7.396895,15.900898,56.8525,91.001009,-0.2022219999999919,16.77,Summer,No
2023-08-19,2023-08-19,43.234362,35.324316,78.558678,8.619287,6.006055,15.276947,48.826111,78.7284,-0.16972199999999305,16.88,Summer,No
2023-08-20,2023-08-20,40.507163,35.32286,75.830023,7.875504,6.000426,14.892426,47.226945,75.995301,-0.1652780000000007,16.78,Summer,No
2023-08-21,2023-08-21,69.481023,36.265995,105.747018,8.885886,7.926752,15.656602,73.471945,105.941185,-0.1941670000000073,16.92,Summer,No
2023-08-22,2023-08-22,104.73848,36.004498,140.742978,9.526954,7.809468,16.405168,107.177499,140.919089,-0.1761110000000201,16.01,Summer,No
2023-08-23,2023-08-23,115.484167,36.059599,151.543766,10.054081,8.010989,15.56064,118.110556,151.736266,-0.19249999999999545,15.29,Summer,No
2023-08-24,2023-08-24,105.496472,36.008163,141.504635,10.367652,8.0156,16.316939,107.008055,141.708246,-0.2036109999999951,14.14,Summer,No
2023-08-25,2023-08-25,92.60246,35.942433,128.544893,10.621297,7.726264,15.848722,94.500277,128.69656,-0.15166700000000333,14.31,Summer,No
2023-08-26,2023-08-26,59.313244,35.920352,95.233596,9.70254,6.480999,15.710335,63.530833,95.424707,-0.19111099999999226,14.28,Summer,No
2023-08-27,2023-08-27,59.1287,35.84327,94.97197,9.968356,6.281614,16.111167,62.767777,95.128914,-0.15694399999999575,14.22,Summer,No
2023-08-28,2023-08-28,114.523453,35.773909,150.297362,11.212973,8.030296,17.094093,114.105278,150.44264,-0.1452780000000189,14.46,Summer,No
2023-08-29,2023-08-29,106.292618,35.734053,142.026671,11.282496,8.113966,17.460764,105.344445,142.201671,-0.17500000000001137,14.1,Summer,No
2023-08-30,2023-08-30,116.903336,35.697011,152.600347,11.731639,7.976173,16.463647,116.528055,152.699514,-0.09916699999999423,13.39,Summer,No
2023-08-31,2023-08-31,110.568719,35.010035,145.578754,11.665747,7.880704,16.100915,110.109999,145.757365,-0.17861099999998942,14.7,Summer,No
2023-12-01,2023-12-01,220.297006,30.369531,250.666537,62.693044,12.334859,14.613077,161.179168,250.820148,-0.15361099999998373,1.44,Winter,No
2023-12-02,2023-12-02,188.64338,33.638572,222.281952,55.837067,9.723261,13.481347,143.312499,222.354174,-0.07222200000001067,2.32,Winter,No
2023-12-03,2023-12-03,153.800249,33.384039,187.184288,53.67022,9.382241,12.096271,112.225834,187.374566,-0.19027799999997796,2.29,Winter,No
2023-12-04,2023-12-04,166.566749,33.270146,199.836895,61.179891,12.371391,13.337282,112.996387,199.884951,-0.04805600000000254,3.74,Winter,No
2023-12-05,2023-12-05,181.260502,33.257213,214.517715,58.853242,12.515112,13.296861,130.041944,214.707159,-0.1894439999999804,3.57,Winter,No
2023-12-06,2023-12-06,119.274042,33.152335,152.426377,54.624202,11.401951,12.407167,74.075279,152.508599,-0.08222200000000157,7.67,Winter,No
2023-12-07,2023-12-07,101.460887,33.146303,134.60719,45.742457,10.721343,13.065336,65.20611,134.735246,-0.12805599999998662,9.79,Winter,No
2023-12-08,2023-12-08,94.943876,33.114383,128.058259,46.928801,10.390189,13.816491,57.098334,128.233815,-0.17555600000000027,9.18,Winter,No
2023-12-09,2023-12-09,75.109532,33.131824,108.241356,40.611441,8.222234,12.20768,47.323612,108.364967,-0.1236109999999968,9.47,Winter,No
2023-12-10,2023-12-10,77.234388,33.108986,110.343374,39.525941,7.932612,11.892876,51.086112,110.437541,-0.09416699999999878,8.96,Winter,No
2023-12-11,2023-12-11,152.331687,33.066975,185.398662,44.908729,10.676204,13.025396,117.008055,185.618384,-0.2197219999999902,8.18,Winter,No
2023-12-12,2023-12-12,138.669008,32.781889,171.450897,44.47929,10.728007,13.373878,103.017778,171.598953,-0.14805599999999686,8.02,Winter,No
2023-12-13,2023-12-13,145.75202,33.07583,178.82785,47.262108,10.913636,12.579051,108.247777,179.002572,-0.1747219999999743,7.33,Winter,No
2023-12-14,2023-12-14,152.52067,33.020921,185.541591,46.597942,10.605749,12.548457,115.955276,185.707424,-0.16583299999999213,8.71,Winter,No
2023-12-15,2023-12-15,112.530921,32.941728,145.472649,44.056621,10.055637,13.58923,77.926994,145.628482,-0.15583300000000122,9.5,Winter,No
2023-12-16,2023-12-16,64.778813,32.914751,97.693564,36.68099,8.200237,12.207893,40.698888,97.788008,-0.09444400000000996,10.36,Winter,No
2023-12-17,2023-12-17,62.292728,32.837621,95.130349,34.209344,7.442449,11.484391,42.124443,95.260627,-0.1302780000000041,11.28,Winter,No
2023-12-18,2023-12-18,135.338173,32.892658,168.230831,36.128083,9.726206,12.258488,110.313332,168.426109,-0.19527800000000184,11.07,Winter,No
2023-12-19,2023-12-19,98.60963,32.904677,131.514307,43.860203,10.945656,12.889281,63.986945,131.682085,-0.16777799999999843,7.77,Winter,No
2023-12-20,2023-12-20,83.247406,32.793887,116.041293,44.245076,9.766593,11.578203,50.494754,116.084626,-0.04333300000000406,10.0,Winter,No
2023-12-21,2023-12-21,70.533012,32.871016,103.404028,41.895803,9.056303,10.982199,41.653056,103.587361,-0.18333300000000463,10.73,Winter,No
2023-12-22,2023-12-22,64.833939,32.754045,97.587984,41.282346,8.168501,10.547137,37.736389,97.734373,-0.14638899999999921,9.92,Winter,No
2023-12-23,2023-12-23,55.178698,32.643517,87.822215,34.770607,6.482829,9.622945,37.025278,87.901659,-0.07944399999999519,10.59,Winter,No
2023-12-24,2023-12-24,49.70042,32.779349,82.479769,31.102224,5.856778,6.836601,38.840277,82.63588,-0.15611099999999567,11.16,Winter,No
2023-12-25,2023-12-25,52.218726,32.834491,85.053217,33.521849,5.884867,5.11928,40.57361,85.099606,-0.04638899999999069,8.84,Winter,Yes
2023-12-26,2023-12-26,98.758938,32.727792,131.48673,40.067149,7.247235,7.073457,77.2025,131.590341,-0.10361100000000079,6.01,Winter,Yes
2023-12-27,2023-12-27,72.125458,32.728144,104.853602,40.517988,7.82373,8.422995,48.181389,104.946102,-0.09250000000000114,8.63,Winter,No
2023-12-28,2023-12-28,69.264594,32.703566,101.96816,44.004116,8.222015,9.400086,40.520832,102.147049,-0.17888899999999808,8.08,Winter,No
2023-12-29,2023-12-29,100.675407,32.697112,133.372519,47.621178,8.742204,10.389969,66.738612,133.491963,-0.11944399999998723,5.92,Winter,No
2023-12-30,2023-12-30,63.035806,32.657425,95.693231,42.467042,7.4732,9.274934,36.554999,95.770175,-0.07694399999999746,7.14,Winter,No
2023-12-31,2023-12-31,64.705889,32.678556,97.384445,44.379134,7.215539,8.406438,37.530278,97.531389,-0.14694400000000485,7.11,Winter,No
2023-02-01,2023-02-01,106.297632,37.660537,143.958169,49.723384,11.093292,12.662604,70.626111,144.105391,-0.1472219999999993,8.16,Winter,No
2023-02-02,2023-02-02,94.887408,37.596888,132.484296,46.540934,10.657573,12.408844,63.041945,132.649296,-0.16499999999999204,9.56,Winter,No
2023-02-03,2023-02-03,122.929124,37.644346,160.57347,41.376668,10.344923,13.472434,95.541112,160.735137,-0.16166700000002265,9.66,Winter,No
2023-02-04,2023-02-04,126.285342,37.791151,164.076493,39.699848,9.122883,12.943761,102.527779,164.294271,-0.2177780000000098,7.87,Winter,No
2023-02-05,2023-02-05,115.152257,37.614222,152.766479,44.540751,9.346961,12.609599,86.432779,152.93009,-0.16361100000000306,4.5,Winter,No
2023-02-06,2023-02-06,134.004527,37.555309,171.559836,46.405285,9.708062,12.213988,103.383612,171.710947,-0.15111100000001443,7.47,Winter,Yes
2023-02-07,2023-02-07,180.991585,25.957426,206.949011,47.014723,11.351844,14.342721,134.43889,207.148178,-0.19916699999998855,7.48,Winter,No
2023-02-08,2023-02-08,151.571626,27.509076,179.080702,50.063645,11.691484,14.555849,102.89528,179.206258,-0.1255559999999889,7.0,Winter,No
2023-02-09,2023-02-09,163.74054,30.994268,194.734808,51.080181,12.060045,14.604861,117.137777,194.882864,-0.14805600000002528,5.29,Winter,No
2023-02-10,2023-02-10,143.908568,37.061259,180.969827,47.279839,10.735717,13.633993,109.489167,181.138716,-0.16888899999997875,8.51,Winter,No
2023-02-11,2023-02-11,153.503484,37.571998,191.075482,39.368156,8.71394,12.502275,130.555,191.139371,-0.0638890000000174,8.57,Winter,No
2023-02-12,2023-02-12,113.181825,37.527366,150.709191,38.230994,8.429624,11.776353,92.452498,150.889469,-0.18027799999998706,8.18,Winter,No
2023-02-13,2023-02-13,116.418916,37.498558,153.917474,43.80521,10.966212,13.191886,86.108055,154.071363,-0.1538889999999924,8.19,Winter,No
2023-02-14,2023-02-14,97.908473,37.328858,135.237331,40.808115,10.378225,13.856548,70.35111,135.393998,-0.15666699999999878,10.31,Winter,No
2023-02-15,2023-02-15,114.496667,37.465881,151.962548,41.931389,10.575235,14.078146,85.54,152.12477,-0.16222200000001408,8.39,Winter,No
2023-02-16,2023-02-16,106.616169,37.238646,143.854815,38.707693,9.987661,14.468071,80.835001,143.998426,-0.14361099999999283,9.88,Winter,No
2023-02-17,2023-02-17,97.647923,37.347994,134.995917,35.841728,9.423636,14.827774,75.055001,135.148139,-0.15222199999999475,10.86,Winter,No
2023-02-18,2023-02-18,73.642987,37.369279,111.012266,33.548041,7.976457,14.075824,55.566111,111.166433,-0.15416700000000105,10.09,Winter,No
2023-02-19,2023-02-19,74.930237,37.187808,112.118045,32.598646,7.939656,13.01252,58.708334,112.259156,-0.1411110000000093,9.27,Winter,No
2023-02-20,2023-02-20,113.065174,37.219497,150.284671,36.149337,10.162175,14.459826,89.665555,150.436893,-0.15222199999999475,10.34,Winter,No
2023-02-21,2023-02-21,129.184319,37.355504,166.539823,35.81846,10.687428,14.971713,105.229444,166.707045,-0.1672219999999811,9.04,Winter,No
2023-02-22,2023-02-22,135.435137,37.345554,172.780691,45.583494,12.018396,14.902134,100.453611,172.957635,-0.1769440000000202,5.47,Winter,No
2023-02-23,2023-02-23,156.945798,37.223369,194.169167,45.767293,11.500205,15.583336,121.539444,194.390278,-0.2211110000000076,5.81,Winter,No
2023-02-24,2023-02-24,147.530266,37.215357,184.745623,44.575311,10.71252,16.050848,113.605,184.943679,-0.19805600000000823,7.78,Winter,No
2023-02-25,2023-02-25,141.807816,37.266678,179.074494,42.46932,9.439897,15.918888,111.471111,179.299216,-0.22472200000001408,5.42,Winter,No
2023-02-26,2023-02-26,120.810531,37.254393,158.064924,41.637917,9.172777,14.177008,93.240278,158.22798,-0.16305600000001164,5.37,Winter,No
2023-02-27,2023-02-27,159.273823,37.224397,196.49822,49.268798,11.925536,15.652776,119.816666,196.663776,-0.16555600000000936,5.47,Winter,No
2023-02-28,2023-02-28,162.324804,37.176614,199.501418,49.456916,11.841947,16.270889,122.068333,199.638085,-0.13666699999998855,5.86,Winter,No
2023-01-01,2023-01-01,145.069022,37.606187,182.675209,42.902546,7.444278,9.009219,123.357777,182.71382,-0.03861100000000306,4.84,Winter,Yes
2023-01-02,2023-01-02,122.753497,37.480424,160.233921,51.727778,9.092459,9.893962,89.721666,160.435865,-0.20194399999999746,3.63,Winter,No
2023-01-03,2023-01-03,80.706819,37.278169,117.984988,46.527006,9.314796,10.286241,52.027778,118.155821,-0.1708330000000018,10.06,Winter,No
2023-01-04,2023-01-04,81.99228,37.380011,119.372291,43.966309,9.806945,10.855147,54.781112,119.409513,-0.037221999999999866,10.36,Winter,No
2023-01-05,2023-01-05,82.181082,37.372693,119.553775,43.993127,9.889071,11.811855,54.028611,119.722664,-0.16888899999999296,9.46,Winter,No
2023-01-06,2023-01-06,97.774543,37.351962,135.126505,46.732614,9.875217,12.210341,66.440555,135.258727,-0.13222199999998452,8.2,Winter,No
2023-01-07,2023-01-07,71.320688,37.330808,108.651496,41.905095,8.297534,11.122478,47.486111,108.811218,-0.15972200000000214,7.2,Winter,No
2023-01-08,2023-01-08,79.933273,37.363648,117.296921,44.453597,8.460133,10.454025,54.031666,117.399421,-0.10250000000000625,6.18,Winter,No
2023-01-09,2023-01-09,110.282752,37.398637,147.681389,55.23767,11.250262,11.416792,69.885554,147.790278,-0.1088890000000049,6.12,Winter,No
2023-01-10,2023-01-10,82.449683,37.253948,119.703631,48.363549,10.580622,11.296127,49.58,119.820298,-0.11666699999999253,9.0,Winter,No
2023-01-11,2023-01-11,88.759545,37.271651,126.031196,53.525368,10.926078,10.574749,51.109723,126.135918,-0.10472200000000953,7.48,Winter,No
2023-01-12,2023-01-12,86.1365,37.296479,123.432979,51.767286,10.595872,11.557044,49.619444,123.539646,-0.10666700000000162,8.44,Winter,No
2023-01-13,2023-01-13,102.195214,37.231908,139.427122,51.481123,10.443939,11.959379,65.703792,139.588233,-0.16111100000000533,7.53,Winter,No
2023-01-14,2023-01-14,80.020381,37.324976,117.345357,48.963288,9.346608,10.988517,48.2,117.498413,-0.1530559999999923,5.73,Winter,No
2023-01-15,2023-01-15,139.153621,37.250154,176.403775,51.325886,9.474991,11.122064,104.522223,176.445164,-0.041389000000009446,4.38,Winter,No
2023-01-16,2023-01-16,184.451249,37.362403,221.813652,63.640909,12.828989,12.586809,132.921112,221.977819,-0.16416700000002038,1.36,Winter,No
2023-01-17,2023-01-17,185.143579,37.218717,222.362296,69.214617,13.262958,13.454165,126.576945,222.508685,-0.14638900000002764,0.41,Winter,No
2023-01-18,2023-01-18,185.792176,36.949736,222.741912,68.504764,13.085877,12.909606,128.425832,222.926079,-0.18416699999997377,2.7,Winter,No
2023-01-19,2023-01-19,202.260902,37.259873,239.520775,65.781041,12.765398,13.546002,147.611667,239.704108,-0.18333300000000463,2.17,Winter,No
2023-01-20,2023-01-20,175.099418,37.083665,212.183083,63.889793,11.699729,13.68384,123.096388,212.36975,-0.18666699999999992,3.71,Winter,No
2023-01-21,2023-01-21,114.899401,36.929772,151.829173,50.208282,8.739854,11.497149,81.542221,151.987506,-0.15833299999999895,8.01,Winter,No
2023-01-22,2023-01-22,145.289041,37.007007,182.296048,42.607926,8.194114,10.17762,121.482499,182.462159,-0.16611100000000079,9.28,Winter,No
2023-01-23,2023-01-23,185.98953,22.55159,208.54112,45.715765,10.790714,11.272974,140.915556,208.695009,-0.1538889999999924,8.46,Winter,No
2023-01-24,2023-01-24,166.659521,30.7721,197.431621,44.381081,10.964308,11.942344,130.261666,197.549399,-0.11777799999998706,8.67,Winter,No
2023-01-25,2023-01-25,150.147024,38.587775,188.734799,46.795112,11.168478,12.455097,118.465556,188.884243,-0.14944399999998836,7.98,Winter,No
2023-01-26,2023-01-26,173.726923,38.311443,212.038366,50.821808,11.43118,12.932045,137.019722,212.204755,-0.16638900000000945,6.04,Winter,No
2023-01-27,2023-01-27,176.105009,38.10712,214.212129,51.977977,11.444521,13.502963,137.448335,214.373796,-0.16166699999999423,5.13,Winter,No
2023-01-28,2023-01-28,160.134569,38.027015,198.161584,47.835769,9.239954,12.666694,128.606667,198.349084,-0.1875,5.97,Winter,No
2023-01-29,2023-01-29,95.452799,37.854816,133.307615,44.482808,8.655797,10.917066,69.428055,133.483726,-0.1761109999999917,7.57,Winter,No
2023-01-30,2023-01-30,144.863978,37.838062,182.70204,51.182124,11.187665,12.345861,108.127223,182.842873,-0.14083299999998644,7.43,Winter,No
2023-01-31,2023-01-31,113.254657,37.805195,151.059852,50.060135,11.582455,13.484762,76.056111,151.183463,-0.1236109999999826,7.69,Winter,No
2023-07-01,2023-07-01,49.647141,34.623465,84.270606,8.563877,5.790007,15.217277,54.823334,84.394495,-0.12388900000000547,14.8,Summer,No
2023-07-02,2023-07-02,60.960413,23.252628,84.213041,8.679909,5.686939,14.967859,55.033612,84.368319,-0.1552779999999956,13.68,Summer,No
2023-07-03,2023-07-03,70.333803,28.82629,99.160093,11.640622,7.799807,14.863277,65.096943,99.400649,-0.240555999999998,13.0,Summer,No
2023-07-04,2023-07-04,113.218636,35.110049,148.328685,10.203067,7.692265,15.488631,115.113055,148.497018,-0.16833299999998985,13.3,Summer,No
2023-07-05,2023-07-05,91.548214,34.559741,126.107955,10.410983,7.797839,14.687745,93.391944,126.288511,-0.18055599999999572,13.41,Summer,No
2023-07-06,2023-07-06,77.824276,34.316861,112.141137,11.097511,7.620879,15.453857,78.166112,112.338359,-0.19722199999999646,14.37,Summer,No
2023-07-07,2023-07-07,61.051555,34.086623,95.138178,9.189225,6.9139,15.285886,63.985,95.374011,-0.23583299999999952,17.63,Summer,No
2023-07-08,2023-07-08,79.09748,34.357733,113.455213,7.789189,5.546658,14.090201,86.264721,113.690769,-0.23555600000000254,17.24,Summer,No
2023-07-09,2023-07-09,86.112864,34.375181,120.488045,7.616192,5.677641,14.645599,92.774446,120.713878,-0.2258329999999944,15.22,Summer,No
2023-07-10,2023-07-10,121.194498,34.252953,155.447451,9.49698,7.459456,14.511014,124.135557,155.603007,-0.15555599999999004,14.97,Summer,No
2023-07-11,2023-07-11,104.05745,34.237421,138.294871,9.372062,7.572213,15.093095,106.470001,138.507371,-0.21250000000000568,14.94,Summer,No
2023-07-12,2023-07-12,93.202947,34.245702,127.448649,9.133999,7.908791,15.018637,95.539444,127.600871,-0.15222199999999475,14.82,Summer,No
2023-07-13,2023-07-13,111.250024,34.141617,145.391641,9.481604,8.003754,15.140727,112.965834,145.591919,-0.2002779999999973,14.52,Summer,No
2023-07-14,2023-07-14,69.244833,34.134632,103.379465,11.128895,7.903989,14.789359,69.7825,103.604743,-0.22527800000000298,14.64,Summer,No
2023-07-15,2023-07-15,41.124499,34.253049,75.377548,10.541236,6.325524,14.552733,44.125555,75.545048,-0.16749999999998977,14.29,Summer,No
2023-07-16,2023-07-16,67.296534,31.646005,98.942539,9.447194,5.913091,14.783642,69.008612,99.152539,-0.21000000000000796,14.03,Summer,No
2023-07-17,2023-07-17,151.864224,6.512529,158.376753,9.782604,7.682596,15.50822,125.568611,158.542031,-0.1652780000000007,14.18,Summer,No
2023-07-18,2023-07-18,182.959103,0.0,182.959103,10.769671,7.84487,15.442341,149.11611,183.172992,-0.21388899999999467,15.1,Summer,No
2023-07-19,2023-07-19,177.143834,0.0,177.143834,10.559245,7.869279,14.957532,143.940556,177.326612,-0.1827780000000132,14.72,Summer,No
2023-07-20,2023-07-20,169.682908,0.0,169.682908,10.836458,7.922011,15.659162,135.470833,169.888464,-0.2055560000000014,13.93,Summer,No
2023-07-21,2023-07-21,141.402959,0.0,141.402959,11.337586,7.680966,15.44913,107.162777,141.630459,-0.22749999999999204,13.8,Summer,No
2023-07-22,2023-07-22,124.785867,0.0,124.785867,9.636142,6.08721,15.280015,94.013611,125.016978,-0.2311109999999985,15.68,Summer,No
2023-07-23,2023-07-23,108.46793,0.0,108.46793,9.730119,6.084637,15.261229,77.609445,108.68543,-0.21750000000000114,15.34,Summer,No
2023-07-24,2023-07-24,136.563244,0.0,136.563244,10.47013,7.485196,15.277086,103.524999,136.757411,-0.1941669999999931,14.37,Summer,No
2023-07-25,2023-07-25,147.157324,0.0,147.157324,10.185541,7.3948,15.500316,114.27,147.350657,-0.19333300000002396,14.19,Summer,No
2023-07-26,2023-07-26,123.704117,0.0,123.704117,11.300607,7.357719,15.516068,89.754167,123.928561,-0.22444400000000542,15.31,Summer,No
2023-07-27,2023-07-27,143.324129,0.0,143.324129,9.903094,7.197085,16.439507,109.904999,143.444685,-0.12055599999999345,16.43,Summer,No
2023-07-28,2023-07-28,109.141945,0.0,109.141945,9.782747,6.783444,16.584366,76.165555,109.316112,-0.17416699999999707,15.22,Summer,No
2023-07-29,2023-07-29,71.447572,0.0,71.447572,8.958318,5.850003,15.497029,41.38,71.68535,-0.23777800000000582,14.93,Summer,No
2023-07-30,2023-07-30,76.048056,0.0,76.048056,9.306886,5.566604,14.410399,46.973334,76.257223,-0.20916699999999366,15.01,Summer,No
2023-07-31,2023-07-31,89.747433,0.0,89.747433,10.432872,7.163966,15.127263,57.249999,89.9741,-0.22666700000000617,15.43,Summer,No
2023-06-01,2023-06-01,107.295496,35.282839,142.578335,10.891067,8.269097,16.897616,106.684722,142.742502,-0.16416699999999196,14.27,Summer,No
2023-06-02,2023-06-02,107.4531,35.240612,142.693712,11.00266,8.049273,16.570946,107.253889,142.876768,-0.18305599999999345,13.9,Summer,No
2023-06-03,2023-06-03,99.444909,35.297723,134.742632,9.075468,6.675049,16.484336,102.690557,134.92541,-0.1827780000000132,14.59,Summer,No
2023-06-04,2023-06-04,88.178337,35.124502,123.302839,8.286199,6.092141,15.365055,93.718611,123.462006,-0.1591669999999965,15.26,Summer,No
2023-06-05,2023-06-05,99.468441,35.04332,134.511761,8.634375,6.594342,14.961099,104.506389,134.696205,-0.18444399999998495,15.69,Summer,Yes
2023-06-06,2023-06-06,108.537465,35.146826,143.684291,10.082714,7.932906,16.230894,109.606944,143.853458,-0.1691669999999874,14.87,Summer,No
2023-06-07,2023-06-07,101.999129,35.156184,137.155313,11.321835,8.213034,15.954889,101.825555,137.315313,-0.1599999999999966,13.54,Summer,No
2023-06-08,2023-06-08,72.0783,34.97437,107.05267,11.61871,8.232939,16.728798,70.691667,107.272114,-0.21944399999999575,14.48,Summer,No
2023-06-09,2023-06-09,75.499094,34.865922,110.365016,10.150813,7.681819,16.156551,76.584444,110.573627,-0.20861100000000476,16.21,Summer,No
2023-06-10,2023-06-10,81.841562,34.94347,116.785032,9.252503,6.32006,16.318579,85.049723,116.940865,-0.15583300000000122,16.51,Summer,No
2023-06-11,2023-06-11,102.541091,34.908723,137.449814,8.309751,5.886076,15.280098,108.099167,137.575092,-0.12527800000000866,17.54,Summer,No
2023-06-12,2023-06-12,123.834721,34.944451,158.779172,9.419771,7.695287,15.921058,125.941667,158.977783,-0.19861099999999965,16.86,Summer,No
2023-06-13,2023-06-13,126.128534,34.910882,161.039416,8.896176,7.621442,15.294576,129.319722,161.131916,-0.09250000000000114,18.36,Summer,No
2023-06-14,2023-06-14,112.946747,34.709977,147.656724,8.673626,7.605032,15.448622,116.096944,147.824224,-0.16749999999998977,18.22,Summer,No
2023-06-15,2023-06-15,127.940718,34.843829,162.784547,8.729391,7.616473,16.654516,129.922778,162.923158,-0.13861099999999738,17.27,Summer,No
2023-06-16,2023-06-16,120.689841,34.714451,155.404292,9.112252,7.335008,16.457588,122.718333,155.623181,-0.21888899999999012,16.83,Summer,No
2023-06-17,2023-06-17,102.037541,34.805817,136.843358,8.312781,6.046301,14.985108,107.686668,137.030858,-0.1875,16.48,Summer,No
2023-06-18,2023-06-18,90.47386,34.801254,125.275114,7.722198,5.85605,15.416309,96.479446,125.474003,-0.1988889999999941,16.56,Summer,No
2023-06-19,2023-06-19,120.390032,34.569905,154.959937,8.454582,7.611401,15.777287,123.242778,155.086048,-0.12611100000000874,16.64,Summer,No
2023-06-20,2023-06-20,130.190842,34.671393,164.862235,8.777002,7.65078,16.095286,132.564445,165.087513,-0.22527800000000298,16.27,Summer,No
2023-06-21,2023-06-21,132.107351,34.810563,166.917914,8.807139,7.821038,15.861959,134.664167,167.154303,-0.23638900000000262,16.48,Summer,No
2023-06-22,2023-06-22,120.346689,34.410684,154.757373,8.830012,7.737812,16.154826,122.211945,154.934595,-0.17722200000000043,16.6,Summer,No
2023-06-23,2023-06-23,78.323908,34.534538,112.858446,8.722265,7.221679,16.472003,80.580555,112.996502,-0.13805600000000595,17.82,Summer,No
2023-06-24,2023-06-24,41.529663,34.481961,76.011624,7.344019,5.973597,15.532897,47.391667,76.24218,-0.2305560000000071,18.9,Summer,No
2023-06-25,2023-06-25,67.774585,34.726698,102.501283,7.647515,5.815997,14.99527,74.184445,102.643227,-0.14194399999999519,16.26,Summer,No
2023-06-26,2023-06-26,80.838294,34.538578,115.376872,9.009138,7.678215,15.803407,83.122501,115.613261,-0.23638899999998841,14.98,Summer,No
2023-06-27,2023-06-27,86.178205,34.567086,120.745291,8.749674,7.712235,15.880605,88.591944,120.934458,-0.18916700000001185,16.96,Summer,No
2023-06-28,2023-06-28,122.640193,34.677694,157.317887,9.159719,7.778756,15.591079,124.992222,157.521776,-0.20388899999997534,15.72,Summer,No
2023-06-29,2023-06-29,95.561036,34.541908,130.102944,9.458328,7.639359,15.704978,97.437223,130.239888,-0.13694399999999973,14.67,Summer,No
2023-06-30,2023-06-30,60.734611,34.575352,95.309963,10.321834,7.224854,15.526405,62.451314,95.524407,-0.2144440000000003,15.03,Summer,No
2023-03-01,2023-03-01,160.89352,36.643196,197.536716,47.859699,11.877164,15.964853,122.064722,197.766438,-0.2297219999999811,5.97,Spring,No
2023-03-02,2023-03-02,167.69751,36.421823,204.119333,47.588842,11.492843,16.120427,129.141388,204.3435,-0.22416699999999423,6.22,Spring,No
2023-03-03,2023-03-03,182.252196,36.685025,218.937221,49.153213,11.510812,17.006252,141.487777,219.158054,-0.22083299999999895,5.68,Spring,No
2023-03-04,2023-03-04,180.429225,36.682998,217.112223,46.287563,10.105519,16.493863,144.368056,217.255001,-0.14277799999999274,4.89,Spring,No
2023-03-05,2023-03-05,160.381377,35.744515,196.125892,41.76974,9.375882,15.807493,129.395833,196.348948,-0.2230560000000139,5.31,Spring,No
2023-03-06,2023-03-06,177.291654,33.029691,210.321345,51.132748,12.250166,17.243709,129.915278,210.541901,-0.22055599999998776,5.61,Spring,No
2023-03-07,2023-03-07,168.131555,37.75954,205.891095,51.39969,12.716972,18.555822,123.421389,206.093873,-0.20277799999999502,2.49,Spring,No
2023-03-08,2023-03-08,163.451924,37.059821,200.511745,57.863296,13.003738,18.125822,111.721667,200.714523,-0.20277800000002344,2.44,Spring,No
2023-03-09,2023-03-09,152.580507,37.087956,189.668463,63.911873,13.361634,18.055234,94.552222,189.880963,-0.21250000000000568,3.22,Spring,No
2023-03-10,2023-03-10,177.847908,36.993356,214.841264,57.286841,12.587798,18.263013,126.880279,215.017931,-0.176667000000009,2.51,Spring,No
2023-03-11,2023-03-11,118.135284,36.850417,154.985701,50.176003,9.653926,16.432716,78.950556,155.213201,-0.22749999999999204,5.74,Spring,No
2023-03-12,2023-03-12,79.627187,36.632194,116.259381,37.775616,8.258134,15.217021,55.17361,116.424381,-0.16499999999999204,9.86,Spring,No
2023-03-13,2023-03-13,94.622491,36.958504,131.580995,42.891933,11.312626,16.970602,60.552223,131.727384,-0.14638899999999921,8.58,Spring,No
2023-03-14,2023-03-14,183.530162,26.194071,209.724233,50.092383,12.511105,17.590745,129.724444,209.918677,-0.19444400000000428,4.08,Spring,No
2023-03-15,2023-03-15,143.732667,37.192474,180.925141,51.967264,11.884439,16.715383,100.592777,181.159863,-0.23472200000000498,6.53,Spring,No
2023-03-16,2023-03-16,124.60411,30.970303,155.574413,36.152928,9.987846,15.923085,93.667221,155.73108,-0.15666699999999878,11.06,Spring,No
2023-03-17,2023-03-17,131.607441,39.560834,171.168275,33.945285,8.444593,15.753397,113.17,171.313275,-0.14500000000001023,10.32,Spring,Yes
2023-03-18,2023-03-18,95.167778,35.356877,130.524655,33.448309,8.685937,15.514021,73.029166,130.677433,-0.15277800000001207,8.38,Spring,No
2023-03-19,2023-03-19,117.025673,37.56485,154.590523,38.275153,8.71675,15.302232,92.467777,154.761912,-0.1713890000000049,6.7,Spring,No
2023-03-20,2023-03-20,132.604746,36.661901,169.266647,35.746974,10.334327,17.014513,106.331389,169.427203,-0.1605559999999855,11.03,Spring,No
2023-03-21,2023-03-21,101.667308,36.685812,138.35312,37.092008,10.86717,17.49922,73.009166,138.467564,-0.1144440000000202,10.06,Spring,No
2023-03-22,2023-03-22,88.801198,36.721771,125.522969,37.373588,11.10409,16.165291,61.043611,125.68658,-0.16361100000000306,8.16,Spring,No
2023-03-23,2023-03-23,84.319514,36.566434,120.885948,36.670642,10.694508,17.091908,56.498334,120.955392,-0.06944400000000428,8.33,Spring,No
2023-03-24,2023-03-24,72.856338,36.674194,109.530532,38.640578,10.391739,16.409605,44.290554,109.732476,-0.20194400000001167,8.41,Spring,No
2023-03-25,2023-03-25,120.752195,35.096848,155.849043,30.576241,8.09873,15.715738,101.570278,155.960987,-0.11194399999999405,8.66,Spring,No
2023-03-26,2023-03-26,137.477003,36.720989,174.197992,33.556536,8.689309,15.715482,116.379165,174.340492,-0.1425000000000125,7.72,Spring,No
2023-03-27,2023-03-27,128.140972,36.598448,164.73942,40.722058,11.366462,16.511734,96.227499,164.827753,-0.08833300000000577,6.59,Spring,No
2023-03-28,2023-03-28,112.820872,36.401895,149.222767,35.676511,10.649581,17.251675,85.7975,149.375267,-0.1525000000000034,10.19,Spring,No
2023-03-29,2023-03-29,86.183936,36.437259,122.621195,30.44606,10.448043,16.664313,65.209446,122.767862,-0.14666699999999366,11.31,Spring,No
2023-03-30,2023-03-30,110.69116,36.363665,147.054825,28.686636,10.092013,17.290899,91.183333,147.252881,-0.19805600000000823,10.69,Spring,No
2023-03-31,2023-03-31,111.216894,36.528498,147.745392,33.209301,10.113471,17.030676,87.615,147.968448,-0.2230559999999855,9.66,Spring,No
2023-05-01,2023-05-01,123.953962,36.047754,160.001716,17.659,7.944914,16.450579,118.176667,160.23116,-0.22944400000000087,11.53,Spring,Yes
2023-05-02,2023-05-02,119.652191,35.797863,155.450054,18.675018,9.446708,17.731106,109.823889,155.676721,-0.22666699999999196,11.72,Spring,No
2023-05-03,2023-05-03,85.747408,35.810141,121.557549,18.652741,9.485304,18.275616,75.346944,121.760605,-0.20305600000000368,13.01,Spring,No
2023-05-04,2023-05-04,88.476526,35.834824,124.31135,22.953905,9.913766,18.08868,73.589999,124.54635,-0.23499999999999943,11.33,Spring,No
2023-05-05,2023-05-05,115.686198,35.857934,151.544132,17.664093,9.063201,17.255171,107.790834,151.773299,-0.2291670000000181,12.31,Spring,No
2023-05-06,2023-05-06,112.918759,35.639328,148.558087,15.39632,7.413791,16.932142,109.02139,148.763643,-0.2055560000000014,12.82,Spring,No
2023-05-07,2023-05-07,71.982904,35.697689,107.680593,14.526117,7.215008,16.152135,69.982333,107.875593,-0.19499999999999318,12.94,Spring,No
2023-05-08,2023-05-08,101.631621,35.76112,137.392741,15.056961,9.002416,15.954475,97.534722,137.548574,-0.15583300000000122,13.83,Spring,No
2023-05-09,2023-05-09,107.57194,35.695358,143.267298,15.865796,9.062105,16.581064,101.995555,143.50452,-0.2372220000000027,11.97,Spring,No
2023-05-10,2023-05-10,91.79226,35.764692,127.556952,17.363135,9.207373,16.648666,84.597222,127.816396,-0.259444000000002,11.36,Spring,No
2023-05-11,2023-05-11,111.230511,35.775234,147.005745,18.727667,9.118444,17.467689,101.945278,147.259078,-0.2533329999999978,11.34,Spring,No
2023-05-12,2023-05-12,139.840499,35.684744,175.525243,16.523235,8.493591,17.315362,133.410833,175.743021,-0.2177780000000098,11.96,Spring,No
2023-05-13,2023-05-13,108.428236,35.596694,144.02493,13.908809,7.020349,16.872437,106.442779,144.244374,-0.21944399999998154,12.29,Spring,No
2023-05-14,2023-05-14,82.205927,35.77992,117.985847,15.450713,7.061161,16.791752,78.809165,118.112791,-0.12694399999999462,11.2,Spring,No
2023-05-15,2023-05-15,116.813102,35.654905,152.468007,18.089865,9.388664,17.164479,108.054443,152.697451,-0.22944400000000087,10.1,Spring,No
2023-05-16,2023-05-16,135.942981,35.622904,171.565885,16.337801,9.038781,17.27708,129.130834,171.784496,-0.21861099999998146,10.79,Spring,No
2023-05-17,2023-05-17,130.694666,35.597743,166.292409,14.509336,8.730014,16.81556,126.389443,166.444353,-0.1519440000000145,11.71,Spring,No
2023-05-18,2023-05-18,124.191207,35.543493,159.7347,14.517789,8.767951,17.275906,119.374721,159.936367,-0.20166699999998627,12.19,Spring,No
2023-05-19,2023-05-19,133.169056,35.563025,168.732081,14.913338,8.41041,17.795832,127.791945,168.911525,-0.17944400000001792,12.37,Spring,No
2023-05-20,2023-05-20,123.98319,35.574649,159.557839,13.068792,7.181429,16.658451,122.823334,159.732006,-0.17416700000001129,13.17,Spring,No
2023-05-21,2023-05-21,109.384868,35.574402,144.95927,12.21516,6.797187,16.509701,109.650833,145.172881,-0.213610999999986,12.94,Spring,No
2023-05-22,2023-05-22,115.50734,34.214642,149.721982,13.586347,8.77635,17.054007,110.453889,149.870593,-0.1486110000000167,12.31,Spring,No
2023-05-23,2023-05-23,109.857078,35.670952,145.52803,13.306765,8.75263,17.093079,106.541112,145.693586,-0.16555600000000936,11.81,Spring,No
2023-05-24,2023-05-24,120.004797,35.498972,155.503769,13.088451,8.550363,17.340786,116.670002,155.649602,-0.1458329999999819,12.43,Spring,No
2023-05-25,2023-05-25,111.41693,35.476963,146.893893,12.011227,8.443892,16.607108,110.059444,147.121671,-0.2277780000000007,13.71,Spring,No
2023-05-26,2023-05-26,113.431688,35.34354,148.775228,11.215466,7.677544,16.462496,113.567778,148.923284,-0.14805599999999686,14.27,Spring,No
2023-05-27,2023-05-27,93.818526,35.439197,129.257723,9.415343,6.618101,16.425945,96.954445,129.413834,-0.15611100000000988,14.42,Spring,No
2023-05-28,2023-05-28,76.972996,35.482908,112.455904,9.933858,6.73794,16.221661,79.792167,112.685626,-0.22972199999999532,12.74,Spring,No
2023-05-29,2023-05-29,96.541528,35.308078,131.849606,10.877983,8.227937,16.630907,96.284723,132.02155,-0.17194399999999632,13.17,Spring,No
2023-05-30,2023-05-30,100.443011,35.26856,135.711571,10.522881,8.25033,16.854749,100.231667,135.859627,-0.14805599999999686,14.49,Spring,No
2023-05-31,2023-05-31,88.311055,35.319114,123.630169,10.874746,8.556011,16.439134,87.844722,123.714613,-0.08444400000000485,14.41,Spring,No
2023-11-01,2023-11-01,99.844692,33.570664,133.415356,31.845585,9.890396,14.074929,77.758613,133.569523,-0.15416700000000105,9.44,Autumn,No
2023-11-02,2023-11-02,104.480788,33.467773,137.948561,35.704438,10.221858,14.391432,77.791389,138.109117,-0.1605559999999855,8.2,Autumn,No
2023-11-03,2023-11-03,125.701312,33.53985,159.241162,34.827978,9.78511,14.601409,100.191943,159.40644,-0.1652780000000007,8.8,Autumn,No
2023-11-04,2023-11-04,100.595228,33.499602,134.09483,33.29682,7.877732,14.025556,79.050833,134.250941,-0.15611100000000988,7.98,Autumn,No
2023-11-05,2023-11-05,80.006824,33.574821,113.581645,32.044888,7.739722,13.339813,60.631111,113.755534,-0.17388900000000262,8.57,Autumn,No
2023-11-06,2023-11-06,103.044328,33.573441,136.617769,39.441789,10.349204,14.597888,72.399166,136.788047,-0.17027799999999615,8.62,Autumn,No
2023-11-07,2023-11-07,125.254035,33.556484,158.810519,37.998403,10.440961,15.455321,94.998334,158.893019,-0.08250000000001023,8.91,Autumn,No
2023-11-08,2023-11-08,99.297521,33.57737,132.874891,39.758997,10.909085,15.828198,66.544444,133.040724,-0.16583300000002055,8.26,Autumn,No
2023-11-09,2023-11-09,111.05579,33.577948,144.633738,44.302914,11.404089,16.148958,72.949999,144.80596,-0.17222200000000498,7.06,Autumn,No
2023-11-10,2023-11-10,127.163119,33.577218,160.740337,41.964575,10.750475,15.123621,93.071944,160.910615,-0.17027799999999615,8.32,Autumn,No
2023-11-11,2023-11-11,117.416975,33.565827,150.982802,40.805621,8.794689,14.826936,86.645556,151.072802,-0.09000000000000341,6.32,Autumn,No
2023-11-12,2023-11-12,88.310567,33.416773,121.72734,33.815857,7.611639,13.68401,66.615834,121.72734,0.0,9.86,Autumn,No
2023-11-13,2023-11-13,82.798087,33.454855,116.252942,37.629092,9.725153,14.345086,54.624167,116.323498,-0.07055599999999629,10.87,Autumn,No
2023-11-14,2023-11-14,88.977345,33.472504,122.449849,36.370653,9.964596,14.501544,61.703889,122.540682,-0.0908330000000035,10.3,Autumn,No
2023-11-15,2023-11-15,143.07646,33.425155,176.501615,39.613763,10.899577,14.657997,111.421111,176.592448,-0.0908330000000035,8.3,Autumn,No
2023-11-16,2023-11-16,143.107929,33.435723,176.543652,42.591457,11.265579,15.553561,107.224722,176.635319,-0.09166700000000105,7.17,Autumn,No
2023-11-17,2023-11-17,132.289069,33.282099,165.571168,44.132884,10.462945,15.336172,95.817778,165.749779,-0.17861099999998942,7.86,Autumn,No
2023-11-18,2023-11-18,62.998485,33.234157,96.232642,31.137282,7.413934,13.798926,43.968889,96.319031,-0.08638899999999694,12.32,Autumn,No
2023-11-19,2023-11-19,63.477367,33.322553,96.79992,31.944618,7.222805,12.559997,45.242778,96.970198,-0.17027799999999615,10.92,Autumn,No
2023-11-20,2023-11-20,86.892665,33.423809,120.316474,39.342492,10.353888,13.101204,57.60389,120.401474,-0.08499999999999375,9.89,Autumn,No
2023-11-21,2023-11-21,152.167059,33.327082,185.494141,42.446594,11.168221,13.59766,118.408055,185.62053,-0.12638899999998898,8.16,Autumn,No
2023-11-22,2023-11-22,100.565388,33.255517,133.820905,39.44604,10.301832,13.252478,71.018611,134.018961,-0.1980559999999798,10.67,Autumn,No
2023-11-23,2023-11-23,96.957847,33.316338,130.274185,37.180484,10.324382,13.347097,69.605,130.456963,-0.1827780000000132,11.0,Autumn,No
2023-11-24,2023-11-24,168.355514,33.408496,201.76401,42.56254,10.580703,14.666045,134.039444,201.848732,-0.0847219999999993,8.07,Autumn,No
2023-11-25,2023-11-25,151.587898,33.255542,184.84344,42.490483,8.755637,13.313153,120.456667,185.01594,-0.17250000000001364,5.98,Autumn,No
2023-11-26,2023-11-26,142.455127,33.213003,175.66813,35.911559,7.723024,12.154659,120.05111,175.840352,-0.17222200000000498,9.3,Autumn,No
2023-11-27,2023-11-27,159.785045,33.3155,193.100545,44.65619,11.073828,13.156362,124.384721,193.271101,-0.1705559999999764,7.73,Autumn,No
2023-11-28,2023-11-28,199.503379,33.232525,232.735904,49.872062,11.65557,13.916606,157.438888,232.883126,-0.1472219999999993,4.71,Autumn,No
2023-11-29,2023-11-29,194.180553,33.269202,227.449755,54.381893,12.053937,13.813647,147.363889,227.613366,-0.16361100000000306,3.9,Autumn,No
2023-11-30,2023-11-30,207.040989,27.885269,234.926258,59.596189,12.378823,14.456246,148.580278,235.011536,-0.08527800000001662,2.84,Autumn,No
2023-10-01,2023-10-01,58.94125,33.726341,92.667591,12.239605,6.391087,14.089122,60.030555,92.750369,-0.08277800000000468,14.94,Autumn,No
2023-10-02,2023-10-02,103.914435,33.711362,137.625797,18.366715,8.758369,15.440436,95.23361,137.79913,-0.1733329999999853,12.56,Autumn,No
2023-10-03,2023-10-03,64.606068,33.590456,98.196524,18.076963,8.822623,14.063049,57.322778,98.285413,-0.08888900000000888,12.58,Autumn,No
2023-10-04,2023-10-04,66.715394,33.537345,100.252739,18.636797,8.662603,14.226117,58.805278,100.330795,-0.07805599999998947,13.59,Autumn,No
2023-10-05,2023-10-05,51.318495,33.468751,84.787246,17.954639,8.301205,14.768068,43.990278,85.01419,-0.22694400000000314,14.82,Autumn,No
2023-10-06,2023-10-06,48.639265,33.387725,82.02699,14.058814,7.463815,15.45075,45.205278,82.178657,-0.15166700000000333,16.1,Autumn,No
2023-10-07,2023-10-07,73.849975,33.44629,107.296265,11.478808,6.014194,14.254375,75.633055,107.380432,-0.08416699999999366,16.28,Autumn,No
2023-10-08,2023-10-08,97.378666,33.466381,130.845047,10.915949,6.063277,13.617489,100.402221,130.998936,-0.1538889999999924,15.67,Autumn,No
2023-10-09,2023-10-09,113.600497,33.347669,146.948166,12.236968,7.92271,14.381266,112.562778,147.103722,-0.15555600000001846,15.33,Autumn,No
2023-10-10,2023-10-10,69.550735,33.998358,103.549093,12.012295,8.124505,15.398404,68.177778,103.712982,-0.1638889999999975,15.68,Autumn,No
2023-10-11,2023-10-11,126.045983,34.08521,160.131193,18.215507,8.873856,15.896829,117.304723,160.290915,-0.15972200000001635,11.61,Autumn,No
2023-10-12,2023-10-12,135.957501,34.051576,170.009077,21.476786,9.01039,16.538569,123.12861,170.154355,-0.1452780000000189,9.92,Autumn,No
2023-10-13,2023-10-13,68.88179,34.179279,103.061069,22.694435,8.710894,16.203519,55.602221,103.211069,-0.14999999999999147,10.6,Autumn,No
2023-10-14,2023-10-14,91.032888,34.239612,125.2725,25.184672,7.653366,15.043074,77.533888,125.415,-0.1425000000000125,8.16,Autumn,No
2023-10-15,2023-10-15,133.0744,34.143745,167.218145,27.400687,7.710565,14.466893,117.792222,167.370367,-0.15222199999999475,6.76,Autumn,No
2023-10-16,2023-10-16,123.998065,34.143712,158.141777,31.090238,9.409322,14.87555,103.004445,158.379555,-0.23777800000002003,8.71,Autumn,No
2023-10-17,2023-10-17,81.83172,34.029525,115.861245,31.864189,9.544501,15.686721,58.927501,116.022912,-0.16166700000000844,10.13,Autumn,No
2023-10-18,2023-10-18,81.921034,33.848803,115.769837,29.223485,8.956549,14.537026,63.205555,115.922615,-0.15277799999999786,12.59,Autumn,No
2023-10-19,2023-10-19,124.09291,33.790086,157.882996,23.175546,8.395653,14.549296,111.904445,158.02494,-0.14194399999999519,13.49,Autumn,No
2023-10-20,2023-10-20,103.852234,33.939027,137.791261,27.492707,8.354015,15.478429,86.610554,137.935705,-0.14444400000002133,12.02,Autumn,No
2023-10-21,2023-10-21,120.583439,33.981239,154.564678,26.657915,7.226724,15.757818,105.056388,154.698845,-0.13416700000001924,8.93,Autumn,No
2023-10-22,2023-10-22,114.353405,33.909738,148.263143,26.454999,6.98501,14.726468,100.241944,148.408421,-0.14527799999999047,8.93,Autumn,No
2023-10-23,2023-10-23,113.497738,33.879535,147.377273,29.496208,9.080403,15.200107,93.722222,147.49894,-0.12166700000000219,11.21,Autumn,No
2023-10-24,2023-10-24,136.745596,33.851107,170.596703,29.161931,9.422037,15.755234,116.439723,170.778925,-0.1822219999999959,10.16,Autumn,No
2023-10-25,2023-10-25,123.481441,33.795444,157.276885,30.990149,9.332726,15.157065,101.934167,157.414107,-0.1372220000000084,9.36,Autumn,No
2023-10-26,2023-10-26,134.810512,33.757299,168.567811,27.637994,9.345377,15.193329,116.5025,168.6792,-0.11138900000000262,11.06,Autumn,No
2023-10-27,2023-10-27,119.791973,33.705186,153.497159,29.046986,9.103285,15.551332,99.876389,153.577992,-0.08083299999998417,10.13,Autumn,No
2023-10-28,2023-10-28,97.735992,35.005028,132.74102,24.784693,7.909596,14.45701,85.791388,132.942687,-0.2016670000000147,10.83,Autumn,No
2023-10-29,2023-10-29,114.43214,33.624115,148.056255,26.761415,7.176395,13.463723,100.747222,148.148755,-0.09250000000000114,9.24,Autumn,No
2023-10-30,2023-10-30,119.15451,33.576669,152.731179,30.058212,7.758278,13.1633,101.918611,152.898401,-0.16722200000000953,9.44,Autumn,Yes
2023-10-31,2023-10-31,104.901533,33.536991,138.438524,30.987944,9.278963,14.380506,83.952222,138.599635,-0.16111100000000533,9.72,Autumn,No
2023-09-01,2023-09-01,122.143093,34.910788,157.053881,10.457382,7.601546,15.90273,123.240834,157.202492,-0.1486110000000167,15.22,Autumn,No
2023-09-02,2023-09-02,103.820829,34.939125,138.759954,8.770572,6.211033,15.430294,108.559722,138.971621,-0.2116670000000056,15.13,Autumn,No
2023-09-03,2023-09-03,96.736662,34.907234,131.643896,8.174301,5.973711,14.758384,102.914167,131.820563,-0.1766669999999806,15.98,Autumn,No
2023-09-04,2023-09-04,102.974369,34.567524,137.541893,8.878565,7.583516,15.02898,106.22111,137.712171,-0.17027800000002458,17.24,Autumn,No
2023-09-05,2023-09-05,89.508285,34.424167,123.932452,8.58785,7.716186,15.165083,92.659444,124.128563,-0.19611100000000192,19.26,Autumn,No
2023-09-06,2023-09-06,104.907139,34.265997,139.173136,8.745294,7.627541,16.529468,106.388055,139.290358,-0.11722199999999816,19.26,Autumn,No
2023-09-07,2023-09-07,119.160626,34.253263,153.413889,8.499489,7.443549,16.243906,121.435556,153.6225,-0.20861099999999055,20.33,Autumn,No
2023-09-08,2023-09-08,121.423583,34.10665,155.530233,8.112905,7.01658,15.803527,124.735277,155.668289,-0.13805599999997753,19.51,Autumn,No
2023-09-09,2023-09-09,103.031766,34.266564,137.29833,7.452265,5.772117,15.345893,108.880833,137.451108,-0.15277800000001207,19.17,Autumn,No
2023-09-10,2023-09-10,99.655162,34.253073,133.908235,6.769442,5.754726,15.621845,105.918889,134.064902,-0.15666699999999878,17.81,Autumn,No
2023-09-11,2023-09-11,105.973909,34.571074,140.544983,9.300304,7.76756,16.309064,107.369444,140.746372,-0.20138900000000604,15.46,Autumn,No
2023-09-12,2023-09-12,115.659018,34.450401,150.109419,10.160592,8.248192,16.858967,114.974724,150.242475,-0.1330560000000105,13.12,Autumn,No
2023-09-13,2023-09-13,88.865763,34.359195,123.224958,12.164491,8.39389,15.8163,87.03861,123.413291,-0.18833300000000008,12.16,Autumn,No
2023-09-14,2023-09-14,120.378546,34.427608,154.806154,11.599907,8.245949,16.575298,118.6425,155.063654,-0.2575000000000216,13.74,Autumn,No
2023-09-15,2023-09-15,101.085437,34.362912,135.448349,16.111326,8.150958,15.865508,95.51139,135.639182,-0.1908329999999978,11.9,Autumn,No
2023-09-16,2023-09-16,65.541476,34.23353,99.775006,15.65925,6.698645,15.187667,62.378333,99.923895,-0.14888899999999694,12.66,Autumn,No
2023-09-17,2023-09-17,103.020292,34.182318,137.20261,13.696966,6.239083,14.626838,102.803056,137.365943,-0.1633329999999944,14.22,Autumn,No
2023-09-18,2023-09-18,58.160216,34.127413,92.287629,14.207566,8.201843,15.148498,54.901111,92.459018,-0.1713890000000049,12.9,Autumn,No
2023-09-19,2023-09-19,52.161767,33.726368,85.888135,13.569386,7.969568,15.173626,49.328055,86.040635,-0.1524999999999892,14.82,Autumn,No
2023-09-20,2023-09-20,70.948214,34.163262,105.111476,13.439339,8.464055,14.398359,68.948612,105.250365,-0.13888900000000604,13.54,Autumn,No
2023-09-21,2023-09-21,101.617084,34.034033,135.651117,15.208005,8.739901,15.821822,96.036945,135.806673,-0.15555599999999004,11.24,Autumn,No
2023-09-22,2023-09-22,102.756278,34.090619,136.846897,17.075663,8.504867,16.039146,95.390277,137.009953,-0.16305599999998321,11.12,Autumn,No
2023-09-23,2023-09-23,66.752548,33.800026,100.552574,17.058474,6.686733,15.203757,61.772777,100.721741,-0.1691669999999874,11.5,Autumn,No
2023-09-24,2023-09-24,43.12117,33.731789,76.852959,13.730383,5.833218,13.834913,43.613889,77.012403,-0.1594440000000077,15.41,Autumn,No
2023-09-25,2023-09-25,48.025365,33.707381,81.732746,13.551393,7.94668,14.255506,46.155278,81.908857,-0.1761109999999917,15.2,Autumn,No
2023-09-26,2023-09-26,71.190091,33.91235,105.102441,14.406587,8.25339,14.862185,67.670001,105.192163,-0.08972199999999475,13.89,Autumn,No
2023-09-27,2023-09-27,66.446949,33.630297,100.077246,16.985093,8.407332,14.86621,59.908611,100.167246,-0.09000000000000341,13.92,Autumn,No
2023-09-28,2023-09-28,62.42212,33.749208,96.171328,17.691159,8.53174,16.137318,53.895,96.255217,-0.08388899999999921,13.27,Autumn,No
2023-09-29,2023-09-29,91.312766,33.81436,125.127126,16.211374,8.443871,16.832437,83.789444,125.277126,-0.14999999999999147,13.02,Autumn,No
2023-09-30,2023-09-30,60.421319,33.599192,94.020511,17.54606,7.048946,15.574672,53.933333,94.103011,-0.08249999999999602,13.27,Autumn,No
2024-04-01,2024-04-01,137.103508,32.627597,169.731105,33.761782,8.597519,15.544581,112.018056,169.921938,-0.1908329999999978,8.27,Spring,Yes
2024-04-02,2024-04-02,157.822484,32.606617,190.429101,35.913795,10.250587,15.994164,128.422222,190.580768,-0.15166700000000333,7.54,Spring,No
2024-04-03,2024-04-03,156.771729,32.566524,189.338253,34.543129,10.460002,16.337066,128.140834,189.481031,-0.14277799999999274,8.69,Spring,No
2024-04-04,2024-04-04,126.801536,32.503344,159.30488,36.193813,10.03766,16.373408,96.803055,159.407936,-0.10305600000000936,8.77,Spring,No
2024-04-05,2024-04-05,63.88356,32.477263,96.360823,31.611638,8.883701,16.234095,39.793333,96.522767,-0.16194400000000542,11.56,Spring,No
2024-04-06,2024-04-06,64.76886,30.606585,95.375445,25.793033,7.55208,15.572555,46.56861,95.486278,-0.11083299999999952,11.71,Spring,No
2024-04-07,2024-04-07,66.322556,32.570142,98.892698,26.594654,7.74487,14.625719,50.045233,99.010476,-0.11777800000000127,9.3,Spring,No
2024-04-08,2024-04-08,132.244498,32.54623,164.790728,39.829608,10.550696,16.2007,98.373613,164.954617,-0.16388900000001172,7.46,Spring,No
2024-04-09,2024-04-09,100.781519,32.496352,133.277871,35.299268,10.393673,17.09493,70.660556,133.448427,-0.17055600000000481,8.17,Spring,No
2024-04-10,2024-04-10,87.14587,32.395646,119.541516,33.166061,9.565958,17.098107,59.840834,119.67096,-0.12944399999999234,11.09,Spring,No
2024-04-11,2024-04-11,85.259082,32.4153,117.674382,27.452131,9.207059,17.130193,64.009166,117.798549,-0.12416699999999992,12.53,Spring,No
2024-04-12,2024-04-12,71.718962,32.401217,104.120179,26.101816,8.709906,17.140124,52.296111,104.247957,-0.1277780000000064,11.89,Spring,No
2024-04-13,2024-04-13,60.696435,32.437252,93.133687,23.10839,7.434754,16.787487,45.9275,93.258131,-0.1244440000000111,10.43,Spring,No
2024-04-14,2024-04-14,65.870869,32.344031,98.2149,29.749875,7.666178,16.96857,44.02861,98.413233,-0.1983330000000052,8.36,Spring,No
2024-04-15,2024-04-15,71.880605,32.389169,104.269774,36.489101,10.166955,17.155385,40.629444,104.440885,-0.17111099999999624,7.83,Spring,No
2024-04-16,2024-04-16,109.434106,32.324326,141.758432,33.921625,10.290353,17.264788,80.460277,141.937043,-0.17861099999998942,8.54,Spring,No
2024-04-17,2024-04-17,150.398693,32.301087,182.69978,39.627348,11.215498,16.370824,115.594166,182.807836,-0.10805600000000481,7.86,Spring,No
2024-04-18,2024-04-18,134.919707,32.266831,167.186538,36.838045,10.482867,16.080071,103.839722,167.240705,-0.054166999999978316,8.98,Spring,No
2024-04-19,2024-04-19,138.493806,32.28909,170.782896,31.121389,9.697103,16.640516,113.391388,170.850396,-0.06749999999999545,10.27,Spring,No
2024-04-20,2024-04-20,128.441931,32.222798,160.664729,23.745915,8.005443,15.896982,113.076667,160.725007,-0.060278000000010934,9.0,Spring,No
2024-04-21,2024-04-21,119.461652,32.209184,151.670836,20.686946,7.506313,15.426465,108.238056,151.85778,-0.18694399999998268,10.1,Spring,No
2024-04-22,2024-04-22,128.72992,32.20477,160.93469,28.27232,9.772784,16.235697,106.812222,161.093023,-0.15833299999999895,10.43,Spring,No
2024-04-23,2024-04-23,117.341391,32.176667,149.518058,27.221213,10.029778,15.907344,96.498056,149.656391,-0.13833300000001714,10.09,Spring,No
2024-04-24,2024-04-24,144.812733,32.143857,176.95659,31.455393,10.305807,16.129834,119.202778,177.093812,-0.1372220000000084,8.64,Spring,No
2024-04-25,2024-04-25,149.317446,32.160507,181.477953,33.760155,10.281694,16.713603,120.804723,181.560175,-0.08222199999997315,7.97,Spring,No
2024-04-26,2024-04-26,124.677551,32.130056,156.807607,30.880885,10.325621,17.436657,98.357777,157.00094,-0.19333300000002396,7.42,Spring,No
2024-04-27,2024-04-27,125.646374,32.09472,157.741094,29.105739,8.578541,16.726536,103.449445,157.860261,-0.11916700000000446,6.86,Spring,No
2024-04-28,2024-04-28,98.80769,32.072603,130.880293,26.998397,7.833942,15.781841,80.415835,131.030015,-0.14972199999999702,7.69,Spring,No
2024-04-29,2024-04-29,110.975409,32.063366,143.038775,29.770163,9.814184,17.005815,86.584446,143.174608,-0.1358330000000194,9.54,Spring,No
2024-04-30,2024-04-30,123.200121,32.055276,155.255397,30.240893,10.084511,17.489717,97.614443,155.429564,-0.17416700000001129,9.06,Spring,No
2024-08-01,2024-08-01,94.335509,30.774657,125.110166,8.426938,7.515856,13.974595,95.292221,125.20961,-0.0994439999999912,17.01,Summer,No
2024-08-02,2024-08-02,73.868782,30.791852,104.660634,8.671287,7.257364,14.470316,74.413611,104.812578,-0.1519440000000003,16.44,Summer,No
2024-08-03,2024-08-03,73.120129,30.751322,103.871451,8.036124,6.447658,14.232899,75.310881,104.027562,-0.15611100000000988,14.21,Summer,No
2024-08-04,2024-08-04,46.135636,30.638331,76.773967,8.123876,5.581581,12.632179,50.554387,76.892023,-0.11805599999999572,15.93,Summer,No
2024-08-05,2024-08-05,80.118077,30.750907,110.868984,7.882592,6.531939,13.257231,83.381389,111.053151,-0.1841670000000022,17.11,Summer,Yes
2024-08-06,2024-08-06,72.159192,30.657446,102.816638,9.079369,7.636077,13.628415,72.636944,102.980805,-0.16416700000000617,14.41,Summer,No
2024-08-07,2024-08-07,79.552827,30.66518,110.218007,9.348414,8.006329,13.768264,79.224167,110.347174,-0.12916699999999537,14.74,Summer,No
2024-08-08,2024-08-08,83.466398,30.616674,114.083072,9.273594,8.243987,14.21188,82.432222,114.161683,-0.0786109999999951,16.02,Summer,No
2024-08-09,2024-08-09,65.605934,30.59403,96.199964,8.351698,8.123266,13.788772,66.071506,96.335242,-0.13527799999999957,16.0,Summer,No
2024-08-10,2024-08-10,87.161109,30.609787,117.770896,7.343684,6.687806,13.747741,90.150554,117.929785,-0.15888900000000206,16.51,Summer,No
2024-08-11,2024-08-11,72.184745,25.567139,97.751884,7.010208,6.172934,12.21152,72.428333,97.822995,-0.07111100000000192,16.82,Summer,No
2024-08-12,2024-08-12,78.272016,32.783247,111.055263,7.751073,7.902284,13.899684,81.545555,111.098596,-0.04333300000000406,17.21,Summer,No
2024-08-13,2024-08-13,89.837685,30.878727,120.716412,8.154169,8.28509,14.75632,89.639444,120.835023,-0.11861100000000135,16.29,Summer,No
2024-08-14,2024-08-14,95.432582,30.719897,126.152479,8.508138,8.371969,14.919039,94.4225,126.221646,-0.0691670000000073,14.48,Summer,No
2024-08-15,2024-08-15,87.302466,30.754203,118.056669,8.628726,8.439204,15.41235,85.655833,118.136113,-0.07944399999999519,15.77,Summer,No
2024-08-16,2024-08-16,86.267608,30.683492,116.9511,9.158789,8.193193,16.071063,83.575833,116.998878,-0.04777800000000809,14.13,Summer,No
2024-08-17,2024-08-17,71.549304,30.678264,102.227568,8.71425,6.998455,15.255695,71.388612,102.357012,-0.12944399999999234,14.56,Summer,No
2024-08-18,2024-08-18,68.622297,30.639713,99.26201,8.254814,6.563399,13.187684,71.378613,99.38451,-0.12250000000000227,14.87,Summer,No
2024-08-19,2024-08-19,73.112537,30.62268,103.735217,9.927607,8.304175,14.332325,71.34861,103.912717,-0.17749999999999488,14.96,Summer,No
2024-08-20,2024-08-20,69.450677,30.609799,100.060476,10.336676,8.720147,15.152543,65.929721,100.139087,-0.07861100000000931,13.42,Summer,No
2024-08-21,2024-08-21,69.773757,30.537405,100.311162,11.731254,8.678916,15.291825,64.736389,100.438384,-0.12722200000000328,14.4,Summer,No
2024-08-22,2024-08-22,91.558049,30.578195,122.136244,12.462048,8.977156,16.953152,83.826666,122.219022,-0.08277799999999047,14.07,Summer,No
2024-08-23,2024-08-23,76.040243,30.525114,106.565357,12.142698,8.445396,16.949486,69.234444,106.772024,-0.20666699999999594,13.21,Summer,No
2024-08-24,2024-08-24,70.146688,30.516316,100.663004,10.808053,7.352012,16.481828,66.198055,100.839948,-0.17694400000000599,12.56,Summer,No
2024-08-25,2024-08-25,68.925802,30.503309,99.429111,11.593965,6.876464,15.391736,65.686668,99.548833,-0.11972199999999589,13.42,Summer,No
2024-08-26,2024-08-26,97.475496,30.419948,127.895444,11.627745,8.501017,16.689738,91.077222,127.895722,-0.0002780000000086602,14.93,Summer,No
2024-08-27,2024-08-27,99.281177,30.461526,129.742703,10.375266,8.582652,16.688395,94.207223,129.853536,-0.1108329999999853,16.49,Summer,No
2024-08-28,2024-08-28,98.884355,30.462593,129.346948,10.722716,9.061923,15.784809,94.007778,129.577226,-0.23027799999999843,14.68,Summer,No
2024-08-29,2024-08-29,130.48932,30.449129,160.938449,10.919691,9.211032,16.504114,124.428612,161.063449,-0.125,13.91,Summer,No
2024-08-30,2024-08-30,137.406578,30.408803,167.815381,11.453618,8.695373,16.160556,131.68389,167.993437,-0.178055999999998,13.37,Summer,No
2024-08-31,2024-08-31,79.333869,30.354317,109.688186,10.299846,7.18393,15.306355,77.047222,109.837353,-0.1491669999999914,14.81,Summer,No
2024-02-01,2024-02-01,139.859804,31.802286,171.66209,51.773818,11.671034,14.158071,94.175,171.777923,-0.11583299999998076,6.82,Winter,No
2024-02-02,2024-02-02,82.653041,30.58919,113.242231,43.048802,9.990071,13.199748,47.012499,113.25112,-0.008888999999996372,10.87,Winter,No
2024-02-03,2024-02-03,95.644198,32.550683,128.194881,36.697028,8.513647,12.711982,70.326668,128.249325,-0.0544439999999895,9.64,Winter,No
2024-02-04,2024-02-04,63.377454,32.388577,95.766031,34.643871,7.53758,11.589858,42.047778,95.819087,-0.053055999999997994,10.48,Winter,No
2024-02-05,2024-02-05,69.975213,32.318432,102.293645,39.079606,8.364072,11.765799,43.084168,102.293645,0.0,10.19,Winter,Yes
2024-02-06,2024-02-06,149.920033,32.510411,182.430444,45.812654,10.839687,13.086714,112.766111,182.505166,-0.07472200000000839,7.89,Winter,No
2024-02-07,2024-02-07,160.22355,32.384821,192.608371,50.54245,12.407934,13.906877,115.921943,192.779204,-0.17083299999998758,4.23,Winter,No
2024-02-08,2024-02-08,144.653165,32.282552,176.935717,54.712287,11.992706,13.803779,96.557778,177.06655,-0.13083299999999554,5.67,Winter,No
2024-02-09,2024-02-09,143.885016,32.218137,176.103153,49.301157,11.07946,14.06837,101.855555,176.304542,-0.20138900000000604,6.48,Winter,No
2024-02-10,2024-02-10,133.264917,32.15185,165.416767,42.333129,9.228325,13.496981,100.467221,165.525656,-0.1088890000000049,6.42,Winter,No
2024-02-11,2024-02-11,115.603048,32.3337,147.936748,42.073715,9.191692,13.779396,83.096667,148.14147,-0.20472200000000385,5.69,Winter,No
2024-02-12,2024-02-12,137.616756,32.271689,169.888445,51.619971,12.022183,14.512124,91.905,170.059278,-0.170833000000016,5.36,Winter,No
2024-02-13,2024-02-13,184.840899,17.338643,202.179542,47.578832,11.43775,14.17935,129.122499,202.318431,-0.13888900000000604,7.04,Winter,No
2024-02-14,2024-02-14,128.218683,33.841245,162.059928,40.454457,10.516257,13.888938,97.316943,162.176595,-0.11666699999997832,10.58,Winter,No
2024-02-15,2024-02-15,135.356339,32.439791,167.79613,36.427508,10.209291,14.672942,106.548889,167.85863,-0.0625,10.59,Winter,No
2024-02-16,2024-02-16,136.338092,32.267466,168.605558,37.542024,9.863501,14.618922,106.705,168.729447,-0.12388899999999126,9.71,Winter,No
2024-02-17,2024-02-17,102.660478,32.20003,134.860508,32.779312,7.995877,13.651153,80.527222,134.953564,-0.09305599999999004,10.7,Winter,No
2024-02-18,2024-02-18,79.487114,32.327389,111.814503,29.345873,7.554157,12.96114,62.048889,111.910059,-0.09555600000000197,10.59,Winter,No
2024-02-19,2024-02-19,97.893497,32.222986,130.116483,38.262722,10.320208,12.714108,68.945278,130.242316,-0.12583300000000008,9.82,Winter,No
2024-02-20,2024-02-20,113.63906,32.227771,145.866831,40.810135,10.351452,13.529134,81.305554,145.996275,-0.12944400000000655,9.69,Winter,No
2024-02-21,2024-02-21,81.259756,32.197159,113.456915,38.615846,10.556116,13.313008,51.092223,113.577193,-0.120277999999999,9.62,Winter,No
2024-02-22,2024-02-22,111.500374,32.270848,143.771222,46.391692,12.061179,14.58835,70.808612,143.849833,-0.0786109999999951,5.22,Winter,No
2024-02-23,2024-02-23,144.390276,32.229584,176.61986,51.234014,11.779303,15.297098,98.475834,176.786249,-0.16638900000000945,4.46,Winter,No
2024-02-24,2024-02-24,142.236899,32.162721,174.39962,43.228921,9.222763,15.59877,106.463333,174.513787,-0.11416700000000901,5.82,Winter,No
2024-02-25,2024-02-25,102.148627,32.223388,134.372015,44.763769,9.147079,14.870056,65.674444,134.455348,-0.0833329999999819,6.11,Winter,No
2024-02-26,2024-02-26,145.39025,25.993231,171.383481,50.325281,11.886969,15.388732,93.866666,171.467648,-0.08416700000000787,5.72,Winter,No
2024-02-27,2024-02-27,145.278265,22.791618,168.069883,47.684324,11.556628,14.947819,94.064723,168.253494,-0.18361099999998487,7.73,Winter,No
2024-02-28,2024-02-28,110.009489,23.24506,133.254549,45.268578,11.086741,15.211174,61.756389,133.322882,-0.06833299999999554,9.13,Winter,No
2024-02-29,2024-02-29,120.107382,34.240522,154.347904,47.474836,12.071477,15.980202,78.988889,154.515404,-0.16749999999998977,5.29,Winter,No
2024-01-01,2024-01-01,74.826214,32.602693,107.428907,44.825026,7.970142,7.978182,46.79139,107.56474,-0.1358330000000052,6.97,Winter,Yes
2024-01-02,2024-01-02,121.684902,32.642631,154.327533,44.367999,9.938823,10.887099,89.179445,154.373366,-0.045833000000016,8.79,Winter,No
2024-01-03,2024-01-03,129.908188,32.596765,162.504953,46.140248,10.703375,12.385218,93.435279,162.66412,-0.1591669999999965,7.56,Winter,No
2024-01-04,2024-01-04,162.476651,32.546905,195.023556,49.12417,11.541504,13.087326,121.428889,195.181889,-0.15833299999999895,6.09,Winter,No
2024-01-05,2024-01-05,156.091058,32.514972,188.60603,52.554364,11.520307,13.541357,111.104724,188.720752,-0.11472200000000043,5.52,Winter,No
2024-01-06,2024-01-06,173.570186,32.473627,206.043813,50.966249,9.882788,12.925055,132.374443,206.148535,-0.10472200000000953,4.18,Winter,No
2024-01-07,2024-01-07,178.994399,32.43935,211.433749,55.421671,10.064428,13.22654,132.83361,211.546249,-0.11249999999998295,1.93,Winter,No
2024-01-08,2024-01-08,166.799706,32.423486,199.223192,63.993115,12.611352,13.033448,109.690277,199.328192,-0.10499999999998977,2.77,Winter,No
2024-01-09,2024-01-09,159.648823,32.608943,192.257766,63.611159,12.965334,13.471827,102.348057,192.396377,-0.13861099999999738,2.8,Winter,No
2024-01-10,2024-01-10,191.059993,32.645039,223.705032,61.018949,12.595124,13.267349,136.990277,223.871699,-0.1666670000000181,3.3,Winter,No
2024-01-11,2024-01-11,199.692738,32.72019,232.412928,56.235332,11.89485,13.66358,150.780833,232.574595,-0.16166699999999423,5.28,Winter,No
2024-01-12,2024-01-12,207.275279,32.68493,239.960209,58.765655,11.96256,13.51894,155.868332,240.115487,-0.1552780000000098,3.69,Winter,No
2024-01-13,2024-01-13,181.16997,32.62442,213.79439,52.757639,9.97931,13.230496,137.943056,213.910501,-0.11611100000001784,3.62,Winter,No
2024-01-14,2024-01-14,150.700627,32.650869,183.351496,51.963722,10.018958,11.750204,109.737223,183.470107,-0.11861100000001557,3.56,Winter,No
2024-01-15,2024-01-15,207.225513,32.653593,239.879106,66.209508,13.482661,13.746382,146.517222,239.955773,-0.07666699999998627,1.3,Winter,No
2024-01-16,2024-01-16,203.142956,32.585134,235.72809,67.237273,13.659754,14.031897,140.943888,235.872812,-0.14472200000000157,1.6,Winter,No
2024-01-17,2024-01-17,210.766844,32.678742,243.445586,68.871661,13.927677,13.727359,147.023056,243.549753,-0.1041670000000181,0.03,Winter,No
2024-01-18,2024-01-18,215.192311,27.420308,242.612619,72.365856,14.030331,14.172821,142.102778,242.671786,-0.05916700000000219,-0.03,Winter,No
2024-01-19,2024-01-19,136.374484,33.131075,169.505559,68.743183,12.785099,13.568943,74.617778,169.715003,-0.20944399999999064,3.24,Winter,No
2024-01-20,2024-01-20,83.36456,32.598108,115.962668,51.098627,9.579652,11.537444,43.939445,116.155168,-0.19250000000000966,8.31,Winter,No
2024-01-21,2024-01-21,113.494912,17.561659,131.056571,45.381246,8.649649,9.91901,67.332222,131.282127,-0.22555600000001164,9.6,Winter,No
2024-01-22,2024-01-22,113.077928,25.66043,138.738358,54.431129,11.775147,12.133471,60.512222,138.851969,-0.11361099999999169,7.04,Winter,No
2024-01-23,2024-01-23,95.860395,33.162221,129.022616,48.220251,10.814357,11.988841,58.153889,129.177338,-0.15472199999999248,10.14,Winter,No
2024-01-24,2024-01-24,130.098187,32.832977,162.931164,49.015094,11.356041,12.109751,90.604722,163.085608,-0.15444400000001224,8.44,Winter,No
2024-01-25,2024-01-25,85.987785,32.717049,118.704834,43.253237,10.653668,12.446261,52.492501,118.845667,-0.14083300000000065,10.59,Winter,No
2024-01-26,2024-01-26,97.45101,32.858062,130.309072,49.763981,11.34426,12.725275,56.510556,130.344072,-0.03500000000002501,6.68,Winter,No
2024-01-27,2024-01-27,72.259546,32.548247,104.807793,42.11871,8.840263,11.247154,42.617222,104.823349,-0.015555999999989467,8.86,Winter,No
2024-01-28,2024-01-28,100.432891,30.739579,131.17247,37.437622,8.338723,11.140291,74.255834,131.17247,0.0,10.02,Winter,No
2024-01-29,2024-01-29,177.912144,25.910391,203.822535,53.867052,12.427652,13.311165,124.283888,203.889757,-0.06722200000001521,4.74,Winter,No
2024-01-30,2024-01-30,155.385858,26.729061,182.114919,55.351325,12.289784,13.817699,100.656111,182.114919,0.0,4.51,Winter,No
2024-01-31,2024-01-31,134.874015,27.147184,162.021199,53.109172,11.651897,12.83402,84.42611,162.021199,0.0,7.9,Winter,No
2024-07-01,2024-07-01,87.055314,32.568056,119.62337,12.887573,7.984483,14.209369,84.710834,119.792259,-0.16888900000000717,13.48,Summer,No
2024-07-02,2024-07-02,94.270532,32.865958,127.13649,11.895984,8.070801,14.660816,92.685,127.312601,-0.1761110000000059,13.01,Summer,No
2024-07-03,2024-07-03,60.210125,32.515444,92.725569,12.600727,7.972472,14.045147,58.254723,92.873069,-0.14750000000000796,13.51,Summer,No
2024-07-04,2024-07-04,74.008815,32.279433,106.288248,12.172571,8.392202,14.583195,71.262502,106.41047,-0.12222200000000782,12.51,Summer,No
2024-07-05,2024-07-05,99.552659,32.064304,131.616963,12.145117,8.615613,14.901788,96.108889,131.771407,-0.15444400000001224,12.19,Summer,No
2024-07-06,2024-07-06,79.403195,32.009008,111.412203,10.611739,7.038462,13.863391,80.03,111.543592,-0.13138899999999865,12.08,Summer,No
2024-07-07,2024-07-07,103.82899,31.946899,135.775889,10.066445,6.291892,13.752551,105.897223,136.008111,-0.23222200000000726,12.66,Summer,No
2024-07-08,2024-07-08,101.21638,31.851795,133.068175,10.620565,8.301133,13.311198,101.004723,133.237619,-0.1694439999999986,13.42,Summer,No
2024-07-09,2024-07-09,89.0171,31.764077,120.781177,12.602007,8.853696,14.548531,84.950276,120.95451,-0.17333299999999952,14.04,Summer,No
2024-07-10,2024-07-10,79.591016,31.736733,111.327749,12.991319,8.746276,14.645154,75.090833,111.473582,-0.1458329999999961,13.9,Summer,No
2024-07-11,2024-07-11,85.443219,31.672312,117.115531,12.649087,8.86604,14.78096,80.983055,117.279142,-0.16361099999998885,13.54,Summer,No
2024-07-12,2024-07-12,109.276177,31.599639,140.875816,12.226813,8.301951,15.199831,105.265554,140.994149,-0.1183330000000069,13.19,Summer,No
2024-07-13,2024-07-13,104.942552,31.517951,136.460503,9.517966,6.623083,14.954177,105.558333,136.653559,-0.19305600000001277,14.27,Summer,No
2024-07-14,2024-07-14,102.0726,31.475747,133.548347,8.683315,6.51689,14.250086,104.260556,133.710847,-0.16249999999999432,14.78,Summer,No
2024-07-15,2024-07-15,107.020164,31.435633,138.455797,10.511705,8.450289,15.234636,104.413889,138.610519,-0.1547220000000209,14.32,Summer,No
2024-07-16,2024-07-16,106.352076,31.374124,137.7262,10.089153,8.591702,15.2659,103.948334,137.895089,-0.16888900000000717,15.27,Summer,No
2024-07-17,2024-07-17,88.394369,31.344894,119.739263,9.785224,8.860252,14.36351,86.857499,119.866485,-0.12722200000000328,15.48,Summer,No
2024-07-18,2024-07-18,107.580154,31.253914,138.834068,10.006994,8.926419,14.310933,105.6625,138.906846,-0.07277799999999957,15.67,Summer,No
2024-07-19,2024-07-19,79.945854,31.169634,111.115488,9.006365,8.222673,14.349505,79.678056,111.256599,-0.1411109999999951,15.92,Summer,No
2024-07-20,2024-07-20,78.532043,31.141678,109.673721,9.13359,7.16535,14.44367,79.076389,109.818999,-0.14527800000000468,14.43,Summer,No
2024-07-21,2024-07-21,91.399191,31.113381,122.512572,8.881817,6.583992,13.960097,93.246666,122.672572,-0.1599999999999966,14.08,Summer,No
2024-07-22,2024-07-22,103.670567,31.062918,134.733485,9.546145,8.328572,14.804879,102.193889,134.873485,-0.13999999999998636,15.24,Summer,No
2024-07-23,2024-07-23,112.041485,31.028938,143.070423,9.173905,8.292719,15.876021,109.815556,143.158201,-0.08777799999998592,15.48,Summer,No
2024-07-24,2024-07-24,96.965744,30.984089,127.949833,9.446591,8.244788,15.56651,94.806388,128.064277,-0.11444400000000599,15.86,Summer,No
2024-07-25,2024-07-25,91.728365,30.986877,122.715242,9.661966,8.047324,16.106508,89.066111,122.881909,-0.16666699999998968,15.4,Summer,No
2024-07-26,2024-07-26,95.124706,30.925407,126.050113,9.95989,7.63308,15.914364,92.72889,126.236224,-0.18611100000001102,14.2,Summer,No
2024-07-27,2024-07-27,94.058518,30.94971,125.008228,8.58038,6.48905,15.032687,95.143055,125.245172,-0.23694399999999405,15.11,Summer,No
2024-07-28,2024-07-28,85.975216,30.870396,116.845612,7.867181,6.089944,14.040988,89.033888,117.032001,-0.18638899999999126,15.4,Summer,No
2024-07-29,2024-07-29,98.86809,30.879741,129.747831,8.723626,7.727729,14.328419,99.120001,129.899775,-0.1519440000000145,15.69,Summer,No
2024-07-30,2024-07-30,111.735397,30.87686,142.612257,8.682677,8.028983,14.721707,111.30139,142.734757,-0.12250000000000227,15.43,Summer,No
2024-07-31,2024-07-31,111.946644,30.775758,142.722402,8.555517,7.708393,14.356827,112.259998,142.880735,-0.15833299999999895,15.73,Summer,No
2024-06-01,2024-06-01,101.710746,31.532742,133.243488,10.758771,7.420977,16.244852,98.940832,133.365432,-0.12194399999998495,12.66,Summer,No
2024-06-02,2024-06-02,91.624723,31.482659,123.107382,9.573561,6.852787,15.492421,91.351946,123.270715,-0.1633329999999944,13.72,Summer,No
2024-06-03,2024-06-03,90.561814,31.451353,122.013167,10.983478,7.409516,15.577673,88.291667,122.262334,-0.24916699999999992,13.99,Summer,Yes
2024-06-04,2024-06-04,70.491092,31.481058,101.97215,12.765836,9.376324,16.292491,63.768888,102.203539,-0.23138900000000717,12.28,Summer,No
2024-06-05,2024-06-05,91.671773,31.507154,123.178927,14.891738,9.489865,16.526214,82.464166,123.371983,-0.19305599999999856,10.23,Summer,No
2024-06-06,2024-06-06,105.371037,31.446465,136.817502,15.582077,9.56889,16.590425,95.242777,136.984169,-0.1666670000000181,10.82,Summer,No
2024-06-07,2024-06-07,80.111431,31.433979,111.54541,14.175075,8.741833,16.442112,72.362501,111.721521,-0.1761109999999917,12.26,Summer,No
2024-06-08,2024-06-08,63.040111,31.41843,94.458541,13.070269,7.11283,15.371276,59.039722,94.594097,-0.13555600000000823,12.41,Summer,No
2024-06-09,2024-06-09,65.868502,31.432286,97.300788,14.726614,6.761048,15.02146,60.899166,97.408288,-0.1075000000000017,11.62,Summer,No
2024-06-10,2024-06-10,96.069069,23.746213,119.815282,15.790233,9.029141,16.008963,79.148889,119.977226,-0.16194400000000542,11.58,Summer,No
2024-06-11,2024-06-11,111.230221,33.373993,144.604214,16.928876,9.586641,16.571474,101.715834,144.802825,-0.19861099999999965,10.98,Summer,No
2024-06-12,2024-06-12,115.392329,31.590455,146.982784,17.053773,9.455297,16.224825,104.460556,147.194451,-0.21166699999997718,11.21,Summer,No
2024-06-13,2024-06-13,77.63649,31.477889,109.114379,15.231618,9.275021,16.429077,68.335052,109.270768,-0.15638900000000433,13.16,Summer,No
2024-06-14,2024-06-14,95.509611,31.464542,126.974153,13.552756,8.679094,16.619801,88.289169,127.14082,-0.1666670000000039,12.02,Summer,No
2024-06-15,2024-06-15,87.435553,31.384652,118.820205,12.654012,7.127077,16.31967,82.866946,118.967705,-0.14749999999999375,11.78,Summer,No
2024-06-16,2024-06-16,87.115515,31.388211,118.503726,10.382517,6.818351,15.53147,85.912777,118.645115,-0.14138900000000376,12.62,Summer,No
2024-06-17,2024-06-17,113.616301,31.385426,145.001727,12.61693,8.282123,16.247674,107.881944,145.028671,-0.026944000000014512,12.72,Summer,No
2024-06-18,2024-06-18,103.48533,31.357691,134.843021,13.938005,8.866937,15.908912,96.252222,134.966076,-0.1230549999999937,12.19,Summer,No
2024-06-19,2024-06-19,115.016419,31.287851,146.30427,11.858489,8.534597,15.642572,110.469445,146.505103,-0.20083299999998871,12.22,Summer,No
2024-06-20,2024-06-20,106.044882,31.271915,137.316797,12.040198,8.551782,15.698984,101.240833,137.531797,-0.2150000000000034,13.97,Summer,No
2024-06-21,2024-06-21,86.599872,31.253587,117.853459,12.632067,8.116624,16.3581,80.90139,118.008181,-0.15472199999999248,14.12,Summer,No
2024-06-22,2024-06-22,92.949735,31.237132,124.186867,11.400374,6.73091,16.078083,90.164444,124.373811,-0.1869439999999969,13.78,Summer,No
2024-06-23,2024-06-23,94.55285,31.154675,125.707525,8.51099,6.047262,14.73344,96.586944,125.878636,-0.17111099999999624,15.38,Summer,No
2024-06-24,2024-06-24,127.695979,5.160067,132.856046,8.651203,7.993144,14.983089,101.356943,132.984379,-0.1283329999999978,17.53,Summer,No
2024-06-25,2024-06-25,149.701123,0.0,149.701123,9.588262,8.2137,15.294994,116.664445,149.761401,-0.060278000000010934,15.16,Summer,No
2024-06-26,2024-06-26,117.588923,0.0,117.588923,9.465669,8.181923,14.669664,85.323889,117.641145,-0.052222000000000435,14.63,Summer,No
2024-06-27,2024-06-27,84.144677,0.0,84.144677,11.242487,8.222581,14.444609,50.338611,84.248288,-0.10361100000000079,13.18,Summer,No
2024-06-28,2024-06-28,117.657544,0.0,117.657544,11.601556,7.453194,14.893349,83.970278,117.918377,-0.2608330000000052,13.22,Summer,No
2024-06-29,2024-06-29,93.195749,24.332086,117.527835,11.831842,6.167423,14.735235,84.954168,117.688668,-0.16083300000001088,13.42,Summer,No
2024-06-30,2024-06-30,79.790372,33.051228,112.8416,11.337941,5.997247,13.861691,81.910832,113.107711,-0.2661109999999951,12.57,Summer,No
2024-03-01,2024-03-01,122.198592,32.214707,154.413299,60.736598,12.130466,17.430403,64.253054,154.550521,-0.1372220000000084,3.64,Spring,No
2024-03-02,2024-03-02,103.706814,32.071487,135.778301,48.865184,9.656094,16.457302,60.944999,135.923579,-0.14527799999999047,4.44,Spring,No
2024-03-03,2024-03-03,137.608597,32.081474,169.690071,43.635832,8.966406,15.717279,101.44361,169.763127,-0.07305600000000823,5.5,Spring,No
2024-03-04,2024-03-04,108.254409,32.181657,140.436066,54.79207,11.498492,16.804394,57.552499,140.647455,-0.21138899999999694,6.16,Spring,No
2024-03-05,2024-03-05,129.631385,32.069613,161.700998,47.421048,11.432593,17.344857,85.624167,161.822665,-0.12166700000000219,7.89,Spring,No
2024-03-06,2024-03-06,98.603395,32.071276,130.674671,45.496331,10.992344,17.053219,57.286666,130.82856,-0.15388900000002081,8.72,Spring,No
2024-03-07,2024-03-07,104.049957,31.825627,135.875584,45.692621,11.015475,17.362766,61.905833,135.976695,-0.10111100000000306,8.41,Spring,No
2024-03-08,2024-03-08,98.132377,32.213228,130.345605,49.632875,10.783861,18.225812,51.877779,130.520327,-0.1747220000000027,6.8,Spring,No
2024-03-09,2024-03-09,103.640569,31.806798,135.447367,46.546029,8.826798,17.206207,62.956389,135.535423,-0.08805599999999458,6.47,Spring,No
2024-03-10,2024-03-10,151.023309,31.806319,182.829628,43.144485,8.352696,16.164669,115.392778,183.054628,-0.22499999999999432,7.11,Spring,No
2024-03-11,2024-03-11,153.530493,31.349925,184.880418,45.649581,11.159545,16.468791,111.713057,184.990974,-0.11055600000000254,7.58,Spring,No
2024-03-12,2024-03-12,113.091347,31.828721,144.920068,38.794416,10.284036,16.555504,79.452223,145.086179,-0.16611100000000079,10.27,Spring,No
2024-03-13,2024-03-13,135.876431,31.802342,167.678773,39.032006,10.805734,16.479922,101.491667,167.809329,-0.13055599999998435,9.41,Spring,No
2024-03-14,2024-03-14,108.767751,31.53984,140.307591,35.165719,10.371223,16.717316,78.168055,140.422313,-0.11472200000000043,9.87,Spring,No
2024-03-15,2024-03-15,144.08794,31.711863,175.799803,37.019874,10.210633,17.703185,110.895,175.828692,-0.028888999999992393,8.69,Spring,No
2024-03-16,2024-03-16,102.287207,31.502871,133.790078,36.773795,8.261902,16.893269,71.990556,133.919522,-0.12944400000000655,8.73,Spring,No
2024-03-17,2024-03-17,73.403172,31.589681,104.992853,27.867872,7.02036,15.199344,54.918888,105.006464,-0.013610999999997375,10.5,Spring,Yes
2024-03-18,2024-03-18,78.825609,31.544481,110.37009,33.942954,8.089337,13.951411,54.526388,110.51009,-0.14000000000000057,9.9,Spring,No
2024-03-19,2024-03-19,157.446764,31.663283,189.110047,33.619444,10.028528,15.851797,129.769722,189.269491,-0.15944399999997927,9.59,Spring,No
2024-03-20,2024-03-20,143.028285,31.548559,174.576844,35.887835,10.76334,16.75178,111.338611,174.741566,-0.1647220000000118,8.14,Spring,No
2024-03-21,2024-03-21,97.904091,31.933937,129.838028,38.266075,10.206706,16.456359,64.962499,129.891639,-0.05361099999998942,9.47,Spring,No
2024-03-22,2024-03-22,83.717784,32.715146,116.43293,38.485519,10.728009,17.745234,49.618612,116.577374,-0.14444400000000712,7.42,Spring,No
2024-03-23,2024-03-23,79.243571,32.512626,111.756197,38.174575,9.149624,17.331999,47.19611,111.852308,-0.0961109999999934,6.42,Spring,No
2024-03-24,2024-03-24,128.350763,32.476851,160.827614,39.773688,8.350266,16.200604,96.645556,160.970114,-0.14249999999998408,7.34,Spring,No
2024-03-25,2024-03-25,143.744473,32.526483,176.270956,44.585006,11.036035,17.102139,103.743054,176.466234,-0.19527799999997342,7.67,Spring,No
2024-03-26,2024-03-26,145.185076,32.475488,177.660564,43.011282,11.480525,17.779591,105.451388,177.722786,-0.06222200000001976,6.78,Spring,No
2024-03-27,2024-03-27,129.691698,32.790719,162.482417,38.86576,11.819522,17.695468,94.257778,162.638528,-0.15611100000000988,5.44,Spring,No
2024-03-28,2024-03-28,157.0988,32.722442,189.821242,35.000887,11.145576,17.136167,126.600001,189.882631,-0.061388999999991256,5.36,Spring,No
2024-03-29,2024-03-29,139.776959,32.718028,172.494987,31.612101,9.630285,17.459267,113.92639,172.628043,-0.13305599999998208,7.21,Spring,No
2024-03-30,2024-03-30,92.741213,31.316649,124.057862,31.368735,7.900624,15.924336,69.058889,124.252584,-0.19472199999999873,7.96,Spring,No
2024-03-31,2024-03-31,97.947311,32.644835,130.592146,27.750549,7.75354,15.153611,79.93889,130.59659,-0.004443999999978132,8.9,Spring,No
2024-05-01,2024-05-01,120.500376,32.02351,152.523886,25.749193,10.011197,16.734607,100.158333,152.65333,-0.12944400000000655,9.84,Spring,No
2024-05-02,2024-05-02,133.120993,31.976855,165.097848,27.662033,10.146388,16.95915,110.431944,165.199515,-0.10166699999999196,10.18,Spring,No
2024-05-03,2024-05-03,138.050526,31.988842,170.039368,26.318627,9.50812,17.866232,116.4775,170.170479,-0.1311110000000042,10.86,Spring,No
2024-05-04,2024-05-04,135.567566,31.967639,167.535205,23.199869,7.914788,17.34277,119.176667,167.634094,-0.098889000000014,10.84,Spring,No
2024-05-05,2024-05-05,113.560234,31.917909,145.478143,16.672455,7.031783,16.252794,105.6575,145.614532,-0.1363890000000083,11.38,Spring,No
2024-05-06,2024-05-06,118.101602,31.968258,150.06986,21.313188,7.633777,16.418452,104.869721,150.235138,-0.1652780000000007,11.41,Spring,Yes
2024-05-07,2024-05-07,144.577604,31.909537,176.487141,20.452766,9.239187,17.394354,129.484167,176.570474,-0.0833329999999819,11.46,Spring,No
2024-05-08,2024-05-08,141.706337,31.891061,173.597398,18.501672,8.919468,17.435701,128.821946,173.678787,-0.08138900000000149,12.41,Spring,No
2024-05-09,2024-05-09,114.434419,31.844013,146.278432,15.883888,8.583776,16.769379,105.255,146.492043,-0.213610999999986,13.66,Spring,No
2024-05-10,2024-05-10,106.629611,31.811228,138.440839,13.457961,8.23878,17.173264,99.752778,138.622783,-0.18194399999998723,15.33,Spring,No
2024-05-11,2024-05-11,92.775892,31.756037,124.531929,11.705152,6.593093,16.031463,90.367221,124.696929,-0.16499999999999204,15.26,Spring,No
2024-05-12,2024-05-12,100.81453,31.795689,132.610219,10.863636,6.33446,15.400736,100.090276,132.689108,-0.07888900000000376,14.09,Spring,No
2024-05-13,2024-05-13,104.98983,31.784987,136.774817,17.038842,9.136432,16.07732,94.57889,136.831484,-0.05666699999997604,12.19,Spring,No
2024-05-14,2024-05-14,125.156111,31.778624,156.934735,16.069024,8.883771,16.764441,115.298888,157.016124,-0.08138900000000149,12.41,Spring,No
2024-05-15,2024-05-15,124.450043,31.760414,156.210457,14.632774,8.795041,16.254308,116.610556,156.292679,-0.08222200000000157,13.77,Spring,No
2024-05-16,2024-05-16,103.786425,30.787101,134.573526,13.594154,8.419075,16.338353,96.221944,134.573526,0.0,14.0,Spring,No
2024-05-17,2024-05-17,97.262216,32.10938,129.371596,14.780601,8.273293,16.87159,89.500556,129.42604,-0.0544439999999895,13.32,Spring,No
2024-05-18,2024-05-18,94.762256,31.849813,126.612069,13.372649,6.995121,16.707355,89.605555,126.68068,-0.06861099999998999,12.97,Spring,No
2024-05-19,2024-05-19,107.856587,31.791493,139.64808,11.733196,6.387312,15.786462,105.892777,139.799747,-0.15166700000000333,13.83,Spring,No
2024-05-20,2024-05-20,132.080193,31.697601,163.777794,15.055366,8.183973,16.562899,124.128056,163.930294,-0.1525000000000034,14.51,Spring,No
2024-05-21,2024-05-21,133.507079,31.702668,165.209747,17.175274,8.389057,15.917916,123.935278,165.417525,-0.2077780000000189,13.67,Spring,No
2024-05-22,2024-05-22,94.839538,31.76481,126.604348,16.400782,8.413383,16.512682,85.359723,126.68657,-0.08222200000000157,12.8,Spring,No
2024-05-23,2024-05-23,99.409317,31.711792,131.121109,20.155261,8.780821,17.401415,84.955279,131.292776,-0.17166700000001356,11.09,Spring,No
2024-05-24,2024-05-24,139.534099,31.676103,171.210202,18.781348,8.732905,17.490671,126.3525,171.357424,-0.1472219999999993,10.9,Spring,No
2024-05-25,2024-05-25,72.544424,31.634967,104.179391,14.772661,7.194925,16.32875,65.996944,104.29328,-0.11388900000000035,11.91,Spring,No
2024-05-26,2024-05-26,94.457649,31.622101,126.07975,16.648237,7.02735,15.199996,87.373611,126.249194,-0.1694439999999986,11.68,Spring,No
2024-05-27,2024-05-27,115.754385,31.565667,147.320052,16.342647,9.089796,15.517331,106.516389,147.466163,-0.14611099999999055,11.67,Spring,No
2024-05-28,2024-05-28,92.932686,31.590637,124.523323,14.482568,9.024623,16.557798,84.552778,124.617767,-0.09444399999999575,13.28,Spring,No
2024-05-29,2024-05-29,87.478151,31.586601,119.064752,14.485245,9.061211,15.48774,80.166389,119.200585,-0.1358330000000052,13.02,Spring,No
2024-05-30,2024-05-30,80.979212,31.605415,112.584627,15.232925,9.129826,16.151598,72.123611,112.63796,-0.05333300000000918,12.23,Spring,No
2024-05-31,2024-05-31,100.444961,31.54558,131.990541,12.933127,8.805873,16.683762,93.676112,132.098874,-0.10833299999998758,12.64,Spring,No
2024-11-01,2024-11-01,176.185596,29.666254,205.85185,28.238435,10.040703,15.038545,152.688334,206.006017,-0.15416700000000105,11.8,Autumn,No
2024-11-02,2024-11-02,156.018858,29.667867,185.686725,25.932654,8.579932,14.378308,136.956387,185.847281,-0.1605560000000139,11.26,Autumn,No
2024-11-03,2024-11-03,158.095087,29.646034,187.741121,24.88973,8.152707,13.729518,141.134444,187.906399,-0.1652780000000007,11.48,Autumn,No
2024-11-04,2024-11-04,168.883374,29.619365,198.502739,28.497785,9.906583,14.080037,146.174445,198.65885,-0.15611100000000988,11.33,Autumn,No
2024-11-05,2024-11-05,156.041,29.528786,185.569786,28.005739,9.382347,14.223088,134.132501,185.743675,-0.17388900000000262,12.03,Autumn,No
2024-11-06,2024-11-06,124.863862,29.500852,154.364714,22.901061,8.994483,14.372225,108.267223,154.534992,-0.17027799999999615,14.78,Autumn,No
2024-11-07,2024-11-07,108.61668,29.503666,138.120346,24.329515,9.479001,14.251554,90.142776,138.202846,-0.08249999999998181,13.7,Autumn,No
2024-11-08,2024-11-08,132.581824,29.497814,162.079638,26.613318,9.442484,14.444946,111.744723,162.245471,-0.16583300000002055,12.36,Autumn,No
2024-11-09,2024-11-09,118.941084,29.479171,148.420255,24.390765,7.917902,13.675198,102.608612,148.592477,-0.17222200000000498,12.08,Autumn,No
2024-11-10,2024-11-10,150.913891,29.552147,180.466038,23.133886,7.451072,13.49358,136.557778,180.636316,-0.17027799999999615,11.89,Autumn,No
2024-11-11,2024-11-11,197.983167,29.497507,227.480674,34.789274,10.388064,15.158056,167.23528,227.570674,-0.09000000000000341,7.9,Autumn,No
2024-11-12,2024-11-12,206.140161,29.432837,235.572998,40.770329,11.0735,16.340001,167.389168,235.572998,0.0,7.12,Autumn,No
2024-11-13,2024-11-13,199.910397,29.38477,229.295167,42.59486,11.003802,15.218171,160.54889,229.365723,-0.0705560000000105,7.64,Autumn,No
2024-11-14,2024-11-14,188.023662,29.357144,217.380806,33.877787,9.980455,15.750341,157.863056,217.471639,-0.0908330000000035,11.58,Autumn,No
2024-11-15,2024-11-15,151.947502,29.338523,181.286025,31.317482,9.655855,15.632131,124.77139,181.376858,-0.0908330000000035,11.29,Autumn,No
2024-11-16,2024-11-16,127.560125,29.344527,156.904652,31.404463,8.328601,15.775478,101.487777,156.996319,-0.09166700000000105,9.14,Autumn,No
2024-11-17,2024-11-17,123.771917,29.307017,153.078934,33.318181,7.741795,14.447014,97.750555,153.257545,-0.17861099999998942,8.72,Autumn,No
2024-11-18,2024-11-18,162.76486,28.825053,191.589913,45.433685,11.148933,16.422015,118.671669,191.676302,-0.08638899999999694,7.1,Autumn,No
2024-11-19,2024-11-19,199.136438,29.63788,228.774318,52.233438,12.216579,15.685691,148.808888,228.944596,-0.17027799999999615,4.27,Autumn,No
2024-11-20,2024-11-20,202.576236,29.211973,231.788209,57.715658,12.880578,16.666697,144.610276,231.873209,-0.08500000000000796,2.13,Autumn,No
2024-11-21,2024-11-21,188.62746,29.132395,217.759855,61.607373,12.764177,17.332194,126.1825,217.886244,-0.1263890000000174,2.03,Autumn,No
2024-11-22,2024-11-22,175.868143,29.078087,204.94623,61.094717,11.805496,16.350461,115.893612,205.144286,-0.1980559999999798,3.26,Autumn,No
2024-11-23,2024-11-23,74.061098,28.98484,103.045938,38.045327,7.669346,13.768209,43.745834,103.228716,-0.182777999999999,11.12,Autumn,No
2024-11-24,2024-11-24,75.20925,29.086336,104.295586,36.815323,7.729402,13.867526,45.968057,104.380308,-0.0847219999999993,9.72,Autumn,No
2024-11-25,2024-11-25,158.121382,29.129424,187.250806,48.359083,11.450004,16.145329,111.46889,187.423306,-0.17249999999998522,6.36,Autumn,No
2024-11-26,2024-11-26,201.742073,29.121043,230.863116,53.356372,12.167976,17.431547,148.079443,231.035338,-0.17222200000000498,4.18,Autumn,No
2024-11-27,2024-11-27,194.454051,29.105136,223.559187,58.371919,12.668024,16.680077,136.009723,223.729743,-0.17055600000000481,2.47,Autumn,No
2024-11-28,2024-11-28,119.707144,28.988501,148.695645,54.424669,11.030732,16.844411,66.543055,148.842867,-0.1472219999999993,7.8,Autumn,No
2024-11-29,2024-11-29,102.814671,28.98451,131.799181,41.691749,9.547664,16.449214,64.274165,131.962792,-0.16361100000000306,12.48,Autumn,No
2024-11-30,2024-11-30,77.481675,28.970769,106.452444,30.616899,7.68236,15.539574,52.698889,106.537722,-0.08527800000000241,12.91,Autumn,No
2024-10-01,2024-10-01,137.294597,29.931967,167.226564,23.022247,10.368726,16.593369,117.326111,167.310453,-0.08388899999999921,11.61,Autumn,No
2024-10-02,2024-10-02,128.003966,29.914855,157.918821,22.008619,10.267831,15.769037,109.873334,157.918821,0.0,11.58,Autumn,No
2024-10-03,2024-10-03,98.50869,29.853049,128.361739,21.875666,10.002968,15.413938,81.139167,128.431739,-0.06999999999999318,12.14,Autumn,No
2024-10-04,2024-10-04,76.069926,29.825859,105.895785,22.06225,9.386902,15.206911,59.38,106.036063,-0.14027799999999502,13.99,Autumn,No
2024-10-05,2024-10-05,57.236803,29.821958,87.058761,19.69916,7.774651,13.62634,46.084999,87.18515,-0.12638899999998898,14.06,Autumn,No
2024-10-06,2024-10-06,77.33079,29.799069,107.129859,17.596951,7.653386,13.273687,68.757779,107.281803,-0.1519440000000003,13.5,Autumn,No
2024-10-07,2024-10-07,122.79183,29.805276,152.597106,18.113647,9.828456,13.410559,111.380555,152.733217,-0.13611099999999965,13.6,Autumn,No
2024-10-08,2024-10-08,109.585627,29.804527,139.390154,19.542153,9.932143,14.333634,95.596668,139.404598,-0.014443999999997459,12.52,Autumn,No
2024-10-09,2024-10-09,99.933125,29.865395,129.79852,24.142662,10.437757,13.924769,81.331943,129.837131,-0.03861100000000306,11.02,Autumn,No
2024-10-10,2024-10-10,150.658052,29.834075,180.492127,28.770657,11.173283,16.001797,124.592779,180.538516,-0.04638899999997648,7.6,Autumn,No
2024-10-11,2024-10-11,154.75462,29.779208,184.533828,32.373252,10.892707,16.242315,125.039721,184.547995,-0.014166999999986274,7.24,Autumn,No
2024-10-12,2024-10-12,123.079991,29.755526,152.835517,30.390635,9.43008,15.247579,97.858612,152.926906,-0.09138899999999239,7.91,Autumn,No
2024-10-13,2024-10-13,125.456599,29.755378,155.211977,32.788654,8.660565,14.635534,99.196668,155.281421,-0.06944400000000428,7.64,Autumn,No
2024-10-14,2024-10-14,142.671468,29.530898,172.202366,29.96107,10.492299,15.266221,116.482776,172.202366,0.0,9.87,Autumn,No
2024-10-15,2024-10-15,100.510566,29.504966,130.015532,27.025784,10.302956,14.849569,77.901112,130.079421,-0.06388899999998898,12.98,Autumn,No
2024-10-16,2024-10-16,127.398006,29.571163,156.969169,22.261275,9.939282,14.959722,109.877223,157.037502,-0.06833299999999554,14.24,Autumn,No
2024-10-17,2024-10-17,103.93068,29.555801,133.486481,23.109359,9.975079,14.323988,86.138611,133.547037,-0.06055599999999117,12.19,Autumn,No
2024-10-18,2024-10-18,100.777717,29.519133,130.29685,25.89369,9.628903,15.104535,79.813333,130.440461,-0.14361099999999283,12.86,Autumn,No
2024-10-19,2024-10-19,91.496716,27.806528,119.303244,21.950819,8.214152,14.81494,74.408055,119.387966,-0.0847219999999993,11.36,Autumn,No
2024-10-20,2024-10-20,87.05418,13.277846,100.332026,22.127664,7.53958,13.497003,57.292223,100.45647,-0.12444399999999689,12.72,Autumn,No
2024-10-21,2024-10-21,100.534472,19.220734,119.755206,25.870317,10.165306,13.507084,70.34111,119.883817,-0.12861099999999226,11.43,Autumn,No
2024-10-22,2024-10-22,142.957826,31.728465,174.686291,25.391904,10.439415,14.24525,124.638055,174.714624,-0.028332999999975073,11.19,Autumn,No
2024-10-23,2024-10-23,101.117982,30.111593,131.229575,27.472728,10.467561,13.564841,79.756389,131.261519,-0.03194399999998154,11.66,Autumn,No
2024-10-24,2024-10-24,97.651219,30.310987,127.962206,24.459277,10.11285,13.737023,79.732223,128.041373,-0.07916699999999821,13.67,Autumn,No
2024-10-25,2024-10-25,122.891038,30.121524,153.012562,24.280015,9.964011,14.123813,104.712779,153.080618,-0.06805599999998435,12.46,Autumn,No
2024-10-26,2024-10-26,118.847936,31.220547,150.068483,24.38823,9.322072,14.88207,101.569444,150.161816,-0.09333300000000122,10.14,Autumn,No
2024-10-27,2024-10-27,89.095849,29.820089,118.915938,29.662458,7.888197,12.626673,68.789999,118.967327,-0.05138900000000035,9.92,Autumn,No
2024-10-28,2024-10-28,131.731778,29.888109,161.619887,23.754081,8.233016,12.530846,117.101944,161.619887,0.0,12.91,Autumn,Yes
2024-10-29,2024-10-29,175.821548,29.667435,205.488983,27.099857,10.402109,14.113684,153.942222,205.557872,-0.06888900000001286,11.38,Autumn,No
2024-10-30,2024-10-30,171.329266,29.494363,200.823629,26.847999,10.685485,14.280422,149.065556,200.879462,-0.05583299999997848,11.56,Autumn,No
2024-10-31,2024-10-31,159.691969,29.623899,189.315868,27.981515,10.456641,14.635488,136.251946,189.32559,-0.009722000000010667,11.47,Autumn,No
2024-09-01,2024-09-01,109.954992,30.37019,140.325182,9.778255,7.021921,15.375561,108.273056,140.448793,-0.1236109999999826,15.41,Autumn,No
2024-09-02,2024-09-02,123.863795,30.388873,154.252668,12.896696,8.937718,15.963532,116.587778,154.385724,-0.1330560000000105,14.18,Autumn,No
2024-09-03,2024-09-03,126.058425,30.215271,156.273696,13.729504,9.438955,16.792181,116.369445,156.330085,-0.056388999999995804,13.1,Autumn,No
2024-09-04,2024-09-04,112.657524,30.352442,143.009966,14.994763,9.735215,17.035265,101.421945,143.187188,-0.17722200000000043,12.3,Autumn,No
2024-09-05,2024-09-05,88.525033,30.324028,118.849061,14.507938,9.46228,15.634953,79.419446,119.024617,-0.17555600000000027,13.86,Autumn,No
2024-09-06,2024-09-06,102.75767,30.28237,133.04004,11.154068,8.737674,15.921353,97.360278,133.173373,-0.13333299999999326,16.92,Autumn,No
2024-09-07,2024-09-07,113.936948,30.313611,144.250559,9.575778,7.536515,15.625488,111.676389,144.41417,-0.16361100000000306,16.17,Autumn,No
2024-09-08,2024-09-08,70.961106,30.318983,101.280089,11.277705,7.273762,15.589177,67.264723,101.405367,-0.12527799999999445,13.88,Autumn,No
2024-09-09,2024-09-09,70.158388,30.228868,100.387256,13.136484,9.030723,16.039771,62.251389,100.458367,-0.07111100000000192,13.17,Autumn,No
2024-09-10,2024-09-10,65.42661,30.296821,95.723431,14.928314,9.398988,16.36585,55.169446,95.862598,-0.13916700000000048,12.61,Autumn,No
2024-09-11,2024-09-11,85.537406,30.256057,115.793463,17.013782,9.737189,15.931658,73.171667,115.854296,-0.06083300000000236,10.79,Autumn,No
2024-09-12,2024-09-12,118.851514,30.254914,149.106428,18.309297,9.868785,16.882235,104.234167,149.294484,-0.18805600000001732,10.14,Autumn,No
2024-09-13,2024-09-13,95.387971,30.165006,125.552977,19.631711,9.254374,17.213559,79.566944,125.666588,-0.1136110000000059,9.96,Autumn,No
2024-09-14,2024-09-14,63.971589,30.020176,93.991765,13.394857,7.180984,16.073146,57.454167,94.103154,-0.11138900000000262,14.82,Autumn,No
2024-09-15,2024-09-15,116.1044,30.211963,146.316363,12.329697,7.296047,15.15284,111.729168,146.507752,-0.19138900000001513,14.07,Autumn,No
2024-09-16,2024-09-16,115.216319,30.157382,145.373701,12.737304,9.154186,15.995544,107.603056,145.49009,-0.11638899999999808,14.43,Autumn,No
2024-09-17,2024-09-17,114.214525,30.155899,144.370424,12.324815,9.309958,16.325652,106.512221,144.472646,-0.10222199999998338,15.44,Autumn,No
2024-09-18,2024-09-18,119.398693,30.149561,149.548254,12.289912,9.567991,15.744589,112.133262,149.735754,-0.1875,14.27,Autumn,No
2024-09-19,2024-09-19,114.651441,30.109937,144.761378,12.124525,9.168611,15.694909,107.82,144.808045,-0.04666699999998514,14.39,Autumn,No
2024-09-20,2024-09-20,117.257259,30.094907,147.352166,13.359064,9.215297,16.196416,108.664167,147.434944,-0.08277799999999047,14.47,Autumn,No
2024-09-21,2024-09-21,98.913245,30.066102,128.979347,12.508728,8.178328,15.388125,92.980277,129.055458,-0.07611099999999738,14.28,Autumn,No
2024-09-22,2024-09-22,106.369638,30.08953,136.459168,13.175707,7.795815,14.713201,100.829167,136.51389,-0.05472199999999816,14.23,Autumn,No
2024-09-23,2024-09-23,128.432276,30.057139,158.489415,16.402151,9.719894,15.494036,116.894167,158.510248,-0.020832999999981894,12.99,Autumn,No
2024-09-24,2024-09-24,129.242424,30.019709,159.262133,16.336447,9.674527,16.455327,116.880832,159.347133,-0.08500000000000796,11.54,Autumn,No
2024-09-25,2024-09-25,116.225224,29.98488,146.210104,24.633961,10.377819,16.46249,94.810556,146.284826,-0.07472200000000839,9.6,Autumn,No
2024-09-26,2024-09-26,90.45734,30.022482,120.479822,25.822394,10.200426,17.281447,67.233611,120.537878,-0.05805600000000766,10.17,Autumn,No
2024-09-27,2024-09-27,104.018885,30.014362,134.033247,26.30383,10.428359,17.491336,79.938889,134.162414,-0.1291670000000238,9.61,Autumn,No
2024-09-28,2024-09-28,121.677752,29.965063,151.642815,23.153094,8.821955,16.935545,102.898054,151.808648,-0.16583299999999213,9.87,Autumn,No
2024-09-29,2024-09-29,76.03327,29.93917,105.97244,24.996001,8.211954,15.969206,56.886112,106.063273,-0.09083299999998928,11.54,Autumn,No
2024-09-30,2024-09-30,129.80767,29.93466,159.74233,25.589244,10.579018,15.827402,107.764722,159.760386,-0.018056000000001404,11.52,Autumn,No
